--- Active Alerts ---
Time: 2025-06-21 11:27:29
Title: חדירת כלי טיס עוין
Location: אילת
Oref Category: 2
Status: active
Threat Type: aircraft intrusion
----------------------------------------
Time: 2025-06-21 11:19:11
Title: חדירת כלי טיס עוין
Location: אילות
Oref Category: 2
Status: active
Threat Type: aircraft intrusion
----------------------------------------
Time: 2025-06-21 11:19:11
Title: חדירת כלי טיס עוין
Location: אילת
Oref Category: 2
Status: active
Threat Type: aircraft intrusion
----------------------------------------
Time: 2025-06-21 11:19:11
Title: חדירת כלי טיס עוין
Location: אזור תעשייה שחורת
Oref Category: 2
Status: active
Threat Type: aircraft intrusion
----------------------------------------
Time: 2025-06-21 11:15:14
Title: חדירת כלי טיס עוין
Location: אזור תעשייה רותם
Oref Category: 2
Status: active
Threat Type: aircraft intrusion
----------------------------------------
Time: 2025-06-21 11:02:56
Title: חדירת כלי טיס עוין
Location: רמת מגשימים
Oref Category: 2
Status: active
Threat Type: aircraft intrusion
----------------------------------------
Time: 2025-06-21 11:01:59
Title: חדירת כלי טיס עוין
Location: אליפז ומכרות תמנע
Oref Category: 2
Status: active
Threat Type: aircraft intrusion
----------------------------------------
Time: 2025-06-21 11:01:02
Title: חדירת כלי טיס עוין
Location: סמר
Oref Category: 2
Status: active
Threat Type: aircraft intrusion
----------------------------------------
Time: 2025-06-21 11:00:58
Title: חדירת כלי טיס עוין
Location: חי-בר יטבתה
Oref Category: 2
Status: active
Threat Type: aircraft intrusion
----------------------------------------
Time: 2025-06-21 11:00:26
Title: חדירת כלי טיס עוין
Location: יטבתה
Oref Category: 2
Status: active
Threat Type: aircraft intrusion
----------------------------------------
Time: 2025-06-21 10:56:34
Title: חדירת כלי טיס עוין
Location: קטורה
Oref Category: 2
Status: active
Threat Type: aircraft intrusion
----------------------------------------
Time: 2025-06-21 10:56:28
Title: חדירת כלי טיס עוין
Location: גרופית
Oref Category: 2
Status: active
Threat Type: aircraft intrusion
----------------------------------------
Time: 2025-06-21 10:55:16
Title: חדירת כלי טיס עוין
Location: לוטן
Oref Category: 2
Status: active
Threat Type: aircraft intrusion
----------------------------------------
Time: 2025-06-21 10:45:14
Title: חדירת כלי טיס עוין
Location: שדי תרומות
Oref Category: 2
Status: active
Threat Type: aircraft intrusion
----------------------------------------
Time: 2025-06-21 10:45:14
Title: חדירת כלי טיס עוין
Location: תל תאומים
Oref Category: 2
Status: active
Threat Type: aircraft intrusion
----------------------------------------
Time: 2025-06-21 10:45:12
Title: חדירת כלי טיס עוין
Location: רוויה
Oref Category: 2
Status: active
Threat Type: aircraft intrusion
----------------------------------------
Time: 2025-06-21 10:45:08
Title: חדירת כלי טיס עוין
Location: רחוב
Oref Category: 2
Status: active
Threat Type: aircraft intrusion
----------------------------------------
Time: 2025-06-21 10:44:58
Title: חדירת כלי טיס עוין
Location: בית השיטה
Oref Category: 2
Status: active
Threat Type: aircraft intrusion
----------------------------------------
Time: 2025-06-21 10:44:58
Title: חדירת כלי טיס עוין
Location: מעלה גלבוע
Oref Category: 2
Status: active
Threat Type: aircraft intrusion
----------------------------------------
Time: 2025-06-21 10:44:52
Title: חדירת כלי טיס עוין
Location: בית אלפא וחפציבה
Oref Category: 2
Status: active
Threat Type: aircraft intrusion
----------------------------------------
Time: 2025-06-21 10:44:40
Title: חדירת כלי טיס עוין
Location: אזור תעשייה צבאים
Oref Category: 2
Status: active
Threat Type: aircraft intrusion
----------------------------------------
Time: 2025-06-21 10:44:38
Title: חדירת כלי טיס עוין
Location: ניר דוד
Oref Category: 2
Status: active
Threat Type: aircraft intrusion
----------------------------------------
Time: 2025-06-21 10:44:24
Title: חדירת כלי טיס עוין
Location: שדה נחום
Oref Category: 2
Status: active
Threat Type: aircraft intrusion
----------------------------------------
Time: 2025-06-21 10:44:08
Title: חדירת כלי טיס עוין
Location: שלפים
Oref Category: 2
Status: active
Threat Type: aircraft intrusion
----------------------------------------
Time: 2025-06-21 10:44:06
Title: חדירת כלי טיס עוין
Location: מסילות
Oref Category: 2
Status: active
Threat Type: aircraft intrusion
----------------------------------------
Time: 2025-06-21 10:44:02
Title: חדירת כלי טיס עוין
Location: רשפים
Oref Category: 2
Status: active
Threat Type: aircraft intrusion
----------------------------------------
Time: 2025-06-21 10:43:52
Title: חדירת כלי טיס עוין
Location: חוות עדן
Oref Category: 2
Status: active
Threat Type: aircraft intrusion
----------------------------------------
Time: 2025-06-21 10:43:52
Title: חדירת כלי טיס עוין
Location: שלוחות
Oref Category: 2
Status: active
Threat Type: aircraft intrusion
----------------------------------------
Time: 2025-06-21 10:42:58
Title: חדירת כלי טיס עוין
Location: חמדיה
Oref Category: 2
Status: active
Threat Type: aircraft intrusion
----------------------------------------
Time: 2025-06-21 10:42:56
Title: חדירת כלי טיס עוין
Location: עין הנצי''ב
Oref Category: 2
Status: active
Threat Type: aircraft intrusion
----------------------------------------
Time: 2025-06-21 10:42:51
Title: חדירת כלי טיס עוין
Location: מירון
Oref Category: 2
Status: active
Threat Type: aircraft intrusion
----------------------------------------
Time: 2025-06-21 10:42:51
Title: חדירת כלי טיס עוין
Location: מרכז אזורי מרום גליל
Oref Category: 2
Status: active
Threat Type: aircraft intrusion
----------------------------------------
Time: 2025-06-21 10:42:44
Title: חדירת כלי טיס עוין
Location: בית שאן
Oref Category: 2
Status: active
Threat Type: aircraft intrusion
----------------------------------------
Time: 2025-06-21 10:42:40
Title: חדירת כלי טיס עוין
Location: גני חוגה
Oref Category: 2
Status: active
Threat Type: aircraft intrusion
----------------------------------------
Time: 2025-06-21 10:42:10
Title: חדירת כלי טיס עוין
Location: נוה איתן
Oref Category: 2
Status: active
Threat Type: aircraft intrusion
----------------------------------------
Time: 2025-06-21 10:41:40
Title: חדירת כלי טיס עוין
Location: מעוז חיים
Oref Category: 2
Status: active
Threat Type: aircraft intrusion
----------------------------------------
Time: 2025-06-21 10:41:27
Title: חדירת כלי טיס עוין
Location: כפר רופין
Oref Category: 2
Status: active
Threat Type: aircraft intrusion
----------------------------------------
Time: 2025-06-21 10:29:48
Title: חדירת כלי טיס עוין
Location: גרופית
Oref Category: 2
Status: active
Threat Type: aircraft intrusion
----------------------------------------
Time: 2025-06-21 10:29:36
Title: חדירת כלי טיס עוין
Location: לוטן
Oref Category: 2
Status: active
Threat Type: aircraft intrusion
----------------------------------------
Time: 2025-06-21 10:16:36
Title: חדירת כלי טיס עוין
Location: צוקים
Oref Category: 2
Status: active
Threat Type: aircraft intrusion
----------------------------------------
Time: 2025-06-21 08:52:02
Title: חדירת כלי טיס עוין
Location: אום אל פחם
Oref Category: 2
Status: active
Threat Type: aircraft intrusion
----------------------------------------
Time: 2025-06-21 08:52:02
Title: חדירת כלי טיס עוין
Location: אל עריאן
Oref Category: 2
Status: active
Threat Type: aircraft intrusion
----------------------------------------
Time: 2025-06-21 08:52:02
Title: חדירת כלי טיס עוין
Location: ברטעה
Oref Category: 2
Status: active
Threat Type: aircraft intrusion
----------------------------------------
Time: 2025-06-21 08:52:02
Title: חדירת כלי טיס עוין
Location: גבעת עוז
Oref Category: 2
Status: active
Threat Type: aircraft intrusion
----------------------------------------
Time: 2025-06-21 08:52:02
Title: חדירת כלי טיס עוין
Location: מי עמי
Oref Category: 2
Status: active
Threat Type: aircraft intrusion
----------------------------------------
Time: 2025-06-21 08:52:02
Title: חדירת כלי טיס עוין
Location: מעלה עירון
Oref Category: 2
Status: active
Threat Type: aircraft intrusion
----------------------------------------
Time: 2025-06-21 08:52:02
Title: חדירת כלי טיס עוין
Location: עין אל סהלה
Oref Category: 2
Status: active
Threat Type: aircraft intrusion
----------------------------------------
Time: 2025-06-21 08:52:02
Title: חדירת כלי טיס עוין
Location: ערערה
Oref Category: 2
Status: active
Threat Type: aircraft intrusion
----------------------------------------
Time: 2025-06-21 08:52:02
Title: חדירת כלי טיס עוין
Location: קציר
Oref Category: 2
Status: active
Threat Type: aircraft intrusion
----------------------------------------
Time: 2025-06-21 08:51:54
Title: חדירת כלי טיס עוין
Location: חרמש
Oref Category: 2
Status: active
Threat Type: aircraft intrusion
----------------------------------------
Time: 2025-06-21 08:51:54
Title: חדירת כלי טיס עוין
Location: ריחן
Oref Category: 2
Status: active
Threat Type: aircraft intrusion
----------------------------------------
Time: 2025-06-21 08:51:28
Title: חדירת כלי טיס עוין
Location: טל מנשה
Oref Category: 2
Status: active
Threat Type: aircraft intrusion
----------------------------------------
Time: 2025-06-21 08:51:22
Title: חדירת כלי טיס עוין
Location: חיננית
Oref Category: 2
Status: active
Threat Type: aircraft intrusion
----------------------------------------
Time: 2025-06-21 08:51:22
Title: חדירת כלי טיס עוין
Location: שקד
Oref Category: 2
Status: active
Threat Type: aircraft intrusion
----------------------------------------
Time: 2025-06-21 08:51:20
Title: חדירת כלי טיס עוין
Location: אזור תעשייה שחק
Oref Category: 2
Status: active
Threat Type: aircraft intrusion
----------------------------------------
Time: 2025-06-21 08:51:12
Title: חדירת כלי טיס עוין
Location: מבוא דותן
Oref Category: 2
Status: active
Threat Type: aircraft intrusion
----------------------------------------
Time: 2025-06-21 08:48:22
Title: חדירת כלי טיס עוין
Location: מעלה גלבוע
Oref Category: 2
Status: active
Threat Type: aircraft intrusion
----------------------------------------
Time: 2025-06-21 08:48:12
Title: חדירת כלי טיס עוין
Location: ניר דוד
Oref Category: 2
Status: active
Threat Type: aircraft intrusion
----------------------------------------
Time: 2025-06-21 08:48:06
Title: חדירת כלי טיס עוין
Location: כפר גמילה מלכישוע
Oref Category: 2
Status: active
Threat Type: aircraft intrusion
----------------------------------------
Time: 2025-06-21 08:48:06
Title: חדירת כלי טיס עוין
Location: מירב
Oref Category: 2
Status: active
Threat Type: aircraft intrusion
----------------------------------------
Time: 2025-06-21 08:47:54
Title: חדירת כלי טיס עוין
Location: מסילות
Oref Category: 2
Status: active
Threat Type: aircraft intrusion
----------------------------------------
Time: 2025-06-21 08:47:42
Title: חדירת כלי טיס עוין
Location: רשפים
Oref Category: 2
Status: active
Threat Type: aircraft intrusion
----------------------------------------
Time: 2025-06-21 08:47:40
Title: חדירת כלי טיס עוין
Location: שלפים
Oref Category: 2
Status: active
Threat Type: aircraft intrusion
----------------------------------------
Time: 2025-06-21 08:47:34
Title: חדירת כלי טיס עוין
Location: משכיות
Oref Category: 2
Status: active
Threat Type: aircraft intrusion
----------------------------------------
Time: 2025-06-21 08:47:32
Title: חדירת כלי טיס עוין
Location: שלוחות
Oref Category: 2
Status: active
Threat Type: aircraft intrusion
----------------------------------------
Time: 2025-06-21 08:47:28
Title: חדירת כלי טיס עוין
Location: חוות עדן
Oref Category: 2
Status: active
Threat Type: aircraft intrusion
----------------------------------------
Time: 2025-06-21 08:47:28
Title: חדירת כלי טיס עוין
Location: רוויה
Oref Category: 2
Status: active
Threat Type: aircraft intrusion
----------------------------------------
Time: 2025-06-21 08:47:26
Title: חדירת כלי טיס עוין
Location: בית שאן
Oref Category: 2
Status: active
Threat Type: aircraft intrusion
----------------------------------------
Time: 2025-06-21 08:47:20
Title: חדירת כלי טיס עוין
Location: שדי תרומות
Oref Category: 2
Status: active
Threat Type: aircraft intrusion
----------------------------------------
Time: 2025-06-21 08:47:18
Title: חדירת כלי טיס עוין
Location: עין הנצי''ב
Oref Category: 2
Status: active
Threat Type: aircraft intrusion
----------------------------------------
Time: 2025-06-21 08:47:18
Title: חדירת כלי טיס עוין
Location: רחוב
Oref Category: 2
Status: active
Threat Type: aircraft intrusion
----------------------------------------
Time: 2025-06-21 08:47:18
Title: חדירת כלי טיס עוין
Location: רותם
Oref Category: 2
Status: active
Threat Type: aircraft intrusion
----------------------------------------
Time: 2025-06-21 08:47:17
Title: חדירת כלי טיס עוין
Location: מחולה
Oref Category: 2
Status: active
Threat Type: aircraft intrusion
----------------------------------------
Time: 2025-06-21 08:47:17
Title: חדירת כלי טיס עוין
Location: שדמות מחולה
Oref Category: 2
Status: active
Threat Type: aircraft intrusion
----------------------------------------
Time: 2025-06-21 08:47:14
Title: חדירת כלי טיס עוין
Location: תל תאומים
Oref Category: 2
Status: active
Threat Type: aircraft intrusion
----------------------------------------
Time: 2025-06-21 08:47:06
Title: חדירת כלי טיס עוין
Location: נוה איתן
Oref Category: 2
Status: active
Threat Type: aircraft intrusion
----------------------------------------
Time: 2025-06-21 08:47:00
Title: חדירת כלי טיס עוין
Location: שדה אליהו
Oref Category: 2
Status: active
Threat Type: aircraft intrusion
----------------------------------------
Time: 2025-06-21 08:46:56
Title: חדירת כלי טיס עוין
Location: מעוז חיים
Oref Category: 2
Status: active
Threat Type: aircraft intrusion
----------------------------------------
Time: 2025-06-21 08:46:50
Title: חדירת כלי טיס עוין
Location: טירת צבי
Oref Category: 2
Status: active
Threat Type: aircraft intrusion
----------------------------------------
Time: 2025-06-21 08:46:39
Title: חדירת כלי טיס עוין
Location: כפר רופין
Oref Category: 2
Status: active
Threat Type: aircraft intrusion
----------------------------------------
Time: 2025-06-21 08:11:14
Title: חדירת כלי טיס עוין
Location: רמת מגשימים
Oref Category: 2
Status: active
Threat Type: aircraft intrusion
----------------------------------------
Time: 2025-06-21 06:59:04
Title: חדירת כלי טיס עוין
Location: אורטל
Oref Category: 2
Status: active
Threat Type: aircraft intrusion
----------------------------------------
Time: 2025-06-21 06:59:02
Title: חדירת כלי טיס עוין
Location: אלוני הבשן
Oref Category: 2
Status: active
Threat Type: aircraft intrusion
----------------------------------------
Time: 2025-06-21 06:58:30
Title: חדירת כלי טיס עוין
Location: עין זיוון
Oref Category: 2
Status: active
Threat Type: aircraft intrusion
----------------------------------------
Time: 2025-06-21 04:56:23
Title: חדירת כלי טיס עוין
Location: ע'ג'ר
Oref Category: 2
Status: active
Threat Type: aircraft intrusion
----------------------------------------
Time: 2025-06-21 02:42:20
Title: ירי רקטות וטילים
Location: חולדה
Oref Category: 1
Status: active
Threat Type: rocket
----------------------------------------
Time: 2025-06-21 02:42:20
Title: ירי רקטות וטילים
Location: נצר חזני
Oref Category: 1
Status: active
Threat Type: rocket
----------------------------------------
Time: 2025-06-21 02:42:19
Title: ירי רקטות וטילים
Location: איתמר
Oref Category: 1
Status: active
Threat Type: rocket
----------------------------------------
Time: 2025-06-21 02:42:19
Title: ירי רקטות וטילים
Location: מגדלים
Oref Category: 1
Status: active
Threat Type: rocket
----------------------------------------
Time: 2025-06-21 02:42:19
Title: ירי רקטות וטילים
Location: עדי עד
Oref Category: 1
Status: active
Threat Type: rocket
----------------------------------------
Time: 2025-06-21 02:42:19
Title: ירי רקטות וטילים
Location: עמיחי
Oref Category: 1
Status: active
Threat Type: rocket
----------------------------------------
Time: 2025-06-21 02:42:19
Title: ירי רקטות וטילים
Location: קידה
Oref Category: 1
Status: active
Threat Type: rocket
----------------------------------------
Time: 2025-06-21 02:42:18
Title: ירי רקטות וטילים
Location: אחיה
Oref Category: 1
Status: active
Threat Type: rocket
----------------------------------------
Time: 2025-06-21 02:42:14
Title: ירי רקטות וטילים
Location: גבעת הראל וגבעת הרואה
Oref Category: 1
Status: active
Threat Type: rocket
----------------------------------------
Time: 2025-06-21 02:42:14
Title: ירי רקטות וטילים
Location: הר ברכה
Oref Category: 1
Status: active
Threat Type: rocket
----------------------------------------
Time: 2025-06-21 02:42:14
Title: ירי רקטות וטילים
Location: עלי
Oref Category: 1
Status: active
Threat Type: rocket
----------------------------------------
Time: 2025-06-21 02:42:14
Title: ירי רקטות וטילים
Location: שבות רחל
Oref Category: 1
Status: active
Threat Type: rocket
----------------------------------------
Time: 2025-06-21 02:42:14
Title: ירי רקטות וטילים
Location: שילה
Oref Category: 1
Status: active
Threat Type: rocket
----------------------------------------
Time: 2025-06-21 02:42:05
Title: ירי רקטות וטילים
Location: בית אל
Oref Category: 1
Status: active
Threat Type: rocket
----------------------------------------
Time: 2025-06-21 02:42:05
Title: ירי רקטות וטילים
Location: רחלים
Oref Category: 1
Status: active
Threat Type: rocket
----------------------------------------
Time: 2025-06-21 02:41:31
Title: ירי רקטות וטילים
Location: כפר בן נון
Oref Category: 1
Status: active
Threat Type: rocket
----------------------------------------
Time: 2025-06-21 02:41:14
Title: ירי רקטות וטילים
Location: נוף איילון
Oref Category: 1
Status: active
Threat Type: rocket
----------------------------------------
Time: 2025-06-21 02:41:14
Title: ירי רקטות וטילים
Location: משמר איילון
Oref Category: 1
Status: active
Threat Type: rocket
----------------------------------------
Time: 2025-06-21 02:41:14
Title: ירי רקטות וטילים
Location: חשמונאים
Oref Category: 1
Status: active
Threat Type: rocket
----------------------------------------
Time: 2025-06-21 02:41:14
Title: ירי רקטות וטילים
Location: כפר רות
Oref Category: 1
Status: active
Threat Type: rocket
----------------------------------------
Time: 2025-06-21 02:41:14
Title: ירי רקטות וטילים
Location: לפיד
Oref Category: 1
Status: active
Threat Type: rocket
----------------------------------------
Time: 2025-06-21 02:41:14
Title: ירי רקטות וטילים
Location: מודיעין מכבים רעות
Oref Category: 1
Status: active
Threat Type: rocket
----------------------------------------
Time: 2025-06-21 02:41:14
Title: ירי רקטות וטילים
Location: מודיעין עילית
Oref Category: 1
Status: active
Threat Type: rocket
----------------------------------------
Time: 2025-06-21 02:41:14
Title: ירי רקטות וטילים
Location: מתתיהו
Oref Category: 1
Status: active
Threat Type: rocket
----------------------------------------
Time: 2025-06-21 02:41:14
Title: ירי רקטות וטילים
Location: שילת
Oref Category: 1
Status: active
Threat Type: rocket
----------------------------------------
Time: 2025-06-21 02:41:14
Title: ירי רקטות וטילים
Location: שעלבים
Oref Category: 1
Status: active
Threat Type: rocket
----------------------------------------
Time: 2025-06-21 02:41:14
Title: ירי רקטות וטילים
Location: נילי
Oref Category: 1
Status: active
Threat Type: rocket
----------------------------------------
Time: 2025-06-21 02:41:14
Title: ירי רקטות וטילים
Location: נעלה
Oref Category: 1
Status: active
Threat Type: rocket
----------------------------------------
Time: 2025-06-21 02:41:14
Title: ירי רקטות וטילים
Location: כפר האורנים
Oref Category: 1
Status: active
Threat Type: rocket
----------------------------------------
Time: 2025-06-21 02:41:14
Title: ירי רקטות וטילים
Location: עופרים
Oref Category: 1
Status: active
Threat Type: rocket
----------------------------------------
Time: 2025-06-21 02:41:14
Title: ירי רקטות וטילים
Location: דולב
Oref Category: 1
Status: active
Threat Type: rocket
----------------------------------------
Time: 2025-06-21 02:41:14
Title: ירי רקטות וטילים
Location: חלמיש
Oref Category: 1
Status: active
Threat Type: rocket
----------------------------------------
Time: 2025-06-21 02:41:14
Title: ירי רקטות וטילים
Location: טלמון
Oref Category: 1
Status: active
Threat Type: rocket
----------------------------------------
Time: 2025-06-21 02:41:14
Title: ירי רקטות וטילים
Location: כפר תפוח
Oref Category: 1
Status: active
Threat Type: rocket
----------------------------------------
Time: 2025-06-21 02:41:14
Title: ירי רקטות וטילים
Location: מעלה לבונה
Oref Category: 1
Status: active
Threat Type: rocket
----------------------------------------
Time: 2025-06-21 02:41:14
Title: ירי רקטות וטילים
Location: נחליאל
Oref Category: 1
Status: active
Threat Type: rocket
----------------------------------------
Time: 2025-06-21 02:41:14
Title: ירי רקטות וטילים
Location: עטרת
Oref Category: 1
Status: active
Threat Type: rocket
----------------------------------------
Time: 2025-06-21 02:41:14
Title: ירי רקטות וטילים
Location: חרשה
Oref Category: 1
Status: active
Threat Type: rocket
----------------------------------------
Time: 2025-06-21 02:41:14
Title: ירי רקטות וטילים
Location: כרם רעים
Oref Category: 1
Status: active
Threat Type: rocket
----------------------------------------
Time: 2025-06-21 02:41:14
Title: ירי רקטות וטילים
Location: נופי נחמיה
Oref Category: 1
Status: active
Threat Type: rocket
----------------------------------------
Time: 2025-06-21 02:41:14
Title: ירי רקטות וטילים
Location: נריה
Oref Category: 1
Status: active
Threat Type: rocket
----------------------------------------
Time: 2025-06-21 02:41:08
Title: ירי רקטות וטילים
Location: גני יוחנן
Oref Category: 1
Status: active
Threat Type: rocket
----------------------------------------
Time: 2025-06-21 02:41:08
Title: ירי רקטות וטילים
Location: מזכרת בתיה
Oref Category: 1
Status: active
Threat Type: rocket
----------------------------------------
Time: 2025-06-21 02:41:05
Title: ירי רקטות וטילים
Location: פדיה
Oref Category: 1
Status: active
Threat Type: rocket
----------------------------------------
Time: 2025-06-21 02:41:05
Title: ירי רקטות וטילים
Location: פתחיה
Oref Category: 1
Status: active
Threat Type: rocket
----------------------------------------
Time: 2025-06-21 02:41:05
Title: ירי רקטות וטילים
Location: מודיעין - ישפרו סנטר
Oref Category: 1
Status: active
Threat Type: rocket
----------------------------------------
Time: 2025-06-21 02:41:02
Title: ירי רקטות וטילים
Location: מבוא מודיעים
Oref Category: 1
Status: active
Threat Type: rocket
----------------------------------------
Time: 2025-06-21 02:41:02
Title: ירי רקטות וטילים
Location: מודיעין - ליגד סנטר
Oref Category: 1
Status: active
Threat Type: rocket
----------------------------------------
Time: 2025-06-21 02:41:02
Title: ירי רקטות וטילים
Location: בית חשמונאי
Oref Category: 1
Status: active
Threat Type: rocket
----------------------------------------
Time: 2025-06-21 02:41:02
Title: ירי רקטות וטילים
Location: בית עוזיאל
Oref Category: 1
Status: active
Threat Type: rocket
----------------------------------------
Time: 2025-06-21 02:41:02
Title: ירי רקטות וטילים
Location: גזר
Oref Category: 1
Status: active
Threat Type: rocket
----------------------------------------
Time: 2025-06-21 02:41:02
Title: ירי רקטות וטילים
Location: כפר שמואל
Oref Category: 1
Status: active
Threat Type: rocket
----------------------------------------
Time: 2025-06-21 02:41:02
Title: ירי רקטות וטילים
Location: נאות קדומים
Oref Category: 1
Status: active
Threat Type: rocket
----------------------------------------
Time: 2025-06-21 02:41:02
Title: ירי רקטות וטילים
Location: עזריה
Oref Category: 1
Status: active
Threat Type: rocket
----------------------------------------
Time: 2025-06-21 02:41:00
Title: ירי רקטות וטילים
Location: בית אלעזרי
Oref Category: 1
Status: active
Threat Type: rocket
----------------------------------------
Time: 2025-06-21 02:40:50
Title: ירי רקטות וטילים
Location: גמזו
Oref Category: 1
Status: active
Threat Type: rocket
----------------------------------------
Time: 2025-06-21 02:40:50
Title: ירי רקטות וטילים
Location: כפר דניאל
Oref Category: 1
Status: active
Threat Type: rocket
----------------------------------------
Time: 2025-06-21 02:40:50
Title: ירי רקטות וטילים
Location: בית נחמיה
Oref Category: 1
Status: active
Threat Type: rocket
----------------------------------------
Time: 2025-06-21 02:40:50
Title: ירי רקטות וטילים
Location: יד רמב''ם
Oref Category: 1
Status: active
Threat Type: rocket
----------------------------------------
Time: 2025-06-21 02:40:50
Title: ירי רקטות וטילים
Location: יציץ
Oref Category: 1
Status: active
Threat Type: rocket
----------------------------------------
Time: 2025-06-21 02:40:49
Title: ירי רקטות וטילים
Location: אביחיל
Oref Category: 1
Status: active
Threat Type: rocket
----------------------------------------
Time: 2025-06-21 02:40:49
Title: ירי רקטות וטילים
Location: שושנת העמקים
Oref Category: 1
Status: active
Threat Type: rocket
----------------------------------------
Time: 2025-06-21 02:40:49
Title: ירי רקטות וטילים
Location: גאולים
Oref Category: 1
Status: active
Threat Type: rocket
----------------------------------------
Time: 2025-06-21 02:40:49
Title: ירי רקטות וטילים
Location: להבות חביבה
Oref Category: 1
Status: active
Threat Type: rocket
----------------------------------------
Time: 2025-06-21 02:40:49
Title: ירי רקטות וטילים
Location: מגל
Oref Category: 1
Status: active
Threat Type: rocket
----------------------------------------
Time: 2025-06-21 02:40:49
Title: ירי רקטות וטילים
Location: אחיטוב
Oref Category: 1
Status: active
Threat Type: rocket
----------------------------------------
Time: 2025-06-21 02:40:49
Title: ירי רקטות וטילים
Location: אליכין
Oref Category: 1
Status: active
Threat Type: rocket
----------------------------------------
Time: 2025-06-21 02:40:49
Title: ירי רקטות וטילים
Location: אלישיב
Oref Category: 1
Status: active
Threat Type: rocket
----------------------------------------
Time: 2025-06-21 02:40:49
Title: ירי רקטות וטילים
Location: אמץ
Oref Category: 1
Status: active
Threat Type: rocket
----------------------------------------
Time: 2025-06-21 02:40:49
Title: ירי רקטות וטילים
Location: בארותיים
Oref Category: 1
Status: active
Threat Type: rocket
----------------------------------------
Time: 2025-06-21 02:40:49
Title: ירי רקטות וטילים
Location: בורגתה
Oref Category: 1
Status: active
Threat Type: rocket
----------------------------------------
Time: 2025-06-21 02:40:49
Title: ירי רקטות וטילים
Location: בחן
Oref Category: 1
Status: active
Threat Type: rocket
----------------------------------------
Time: 2025-06-21 02:40:49
Title: ירי רקטות וטילים
Location: בית הלוי
Oref Category: 1
Status: active
Threat Type: rocket
----------------------------------------
Time: 2025-06-21 02:40:49
Title: ירי רקטות וטילים
Location: בית חזון
Oref Category: 1
Status: active
Threat Type: rocket
----------------------------------------
Time: 2025-06-21 02:40:49
Title: ירי רקטות וטילים
Location: בית יצחק - שער חפר
Oref Category: 1
Status: active
Threat Type: rocket
----------------------------------------
Time: 2025-06-21 02:40:49
Title: ירי רקטות וטילים
Location: ביתן אהרן
Oref Category: 1
Status: active
Threat Type: rocket
----------------------------------------
Time: 2025-06-21 02:40:49
Title: ירי רקטות וטילים
Location: בת חן
Oref Category: 1
Status: active
Threat Type: rocket
----------------------------------------
Time: 2025-06-21 02:40:49
Title: ירי רקטות וטילים
Location: גאולי תימן
Oref Category: 1
Status: active
Threat Type: rocket
----------------------------------------
Time: 2025-06-21 02:40:49
Title: ירי רקטות וטילים
Location: גבעת חיים איחוד
Oref Category: 1
Status: active
Threat Type: rocket
----------------------------------------
Time: 2025-06-21 02:40:49
Title: ירי רקטות וטילים
Location: גבעת חיים מאוחד
Oref Category: 1
Status: active
Threat Type: rocket
----------------------------------------
Time: 2025-06-21 02:40:49
Title: ירי רקטות וטילים
Location: גבעת שפירא
Oref Category: 1
Status: active
Threat Type: rocket
----------------------------------------
Time: 2025-06-21 02:40:49
Title: ירי רקטות וטילים
Location: גן יאשיה
Oref Category: 1
Status: active
Threat Type: rocket
----------------------------------------
Time: 2025-06-21 02:40:49
Title: ירי רקטות וטילים
Location: הדר עם
Oref Category: 1
Status: active
Threat Type: rocket
----------------------------------------
Time: 2025-06-21 02:40:49
Title: ירי רקטות וטילים
Location: המעפיל
Oref Category: 1
Status: active
Threat Type: rocket
----------------------------------------
Time: 2025-06-21 02:40:49
Title: ירי רקטות וטילים
Location: המרכז האקדמי רופין
Oref Category: 1
Status: active
Threat Type: rocket
----------------------------------------
Time: 2025-06-21 02:40:49
Title: ירי רקטות וטילים
Location: העוגן
Oref Category: 1
Status: active
Threat Type: rocket
----------------------------------------
Time: 2025-06-21 02:40:49
Title: ירי רקטות וטילים
Location: זמר
Oref Category: 1
Status: active
Threat Type: rocket
----------------------------------------
Time: 2025-06-21 02:40:49
Title: ירי רקטות וטילים
Location: חבצלת השרון וצוקי ים
Oref Category: 1
Status: active
Threat Type: rocket
----------------------------------------
Time: 2025-06-21 02:40:49
Title: ירי רקטות וטילים
Location: חגלה
Oref Category: 1
Status: active
Threat Type: rocket
----------------------------------------
Time: 2025-06-21 02:40:49
Title: ירי רקטות וטילים
Location: חיבת ציון
Oref Category: 1
Status: active
Threat Type: rocket
----------------------------------------
Time: 2025-06-21 02:40:49
Title: ירי רקטות וטילים
Location: חניאל
Oref Category: 1
Status: active
Threat Type: rocket
----------------------------------------
Time: 2025-06-21 02:40:49
Title: ירי רקטות וטילים
Location: חרב לאת
Oref Category: 1
Status: active
Threat Type: rocket
----------------------------------------
Time: 2025-06-21 02:40:49
Title: ירי רקטות וטילים
Location: ינוב
Oref Category: 1
Status: active
Threat Type: rocket
----------------------------------------
Time: 2025-06-21 02:40:49
Title: ירי רקטות וטילים
Location: כפר הרא''ה
Oref Category: 1
Status: active
Threat Type: rocket
----------------------------------------
Time: 2025-06-21 02:40:49
Title: ירי רקטות וטילים
Location: כפר ויתקין
Oref Category: 1
Status: active
Threat Type: rocket
----------------------------------------
Time: 2025-06-21 02:40:49
Title: ירי רקטות וטילים
Location: כפר חיים
Oref Category: 1
Status: active
Threat Type: rocket
----------------------------------------
Time: 2025-06-21 02:40:49
Title: ירי רקטות וטילים
Location: כפר ידידיה
Oref Category: 1
Status: active
Threat Type: rocket
----------------------------------------
Time: 2025-06-21 02:40:49
Title: ירי רקטות וטילים
Location: כפר יונה
Oref Category: 1
Status: active
Threat Type: rocket
----------------------------------------
Time: 2025-06-21 02:40:49
Title: ירי רקטות וטילים
Location: כפר מונש
Oref Category: 1
Status: active
Threat Type: rocket
----------------------------------------
Time: 2025-06-21 02:40:49
Title: ירי רקטות וטילים
Location: מעברות
Oref Category: 1
Status: active
Threat Type: rocket
----------------------------------------
Time: 2025-06-21 02:40:49
Title: ירי רקטות וטילים
Location: משמר השרון
Oref Category: 1
Status: active
Threat Type: rocket
----------------------------------------
Time: 2025-06-21 02:40:49
Title: ירי רקטות וטילים
Location: עולש
Oref Category: 1
Status: active
Threat Type: rocket
----------------------------------------
Time: 2025-06-21 02:40:49
Title: ירי רקטות וטילים
Location: עין החורש
Oref Category: 1
Status: active
Threat Type: rocket
----------------------------------------
Time: 2025-06-21 02:40:49
Title: ירי רקטות וטילים
Location: שדה יצחק
Oref Category: 1
Status: active
Threat Type: rocket
----------------------------------------
Time: 2025-06-21 02:40:49
Title: ירי רקטות וטילים
Location: תנובות
Oref Category: 1
Status: active
Threat Type: rocket
----------------------------------------
Time: 2025-06-21 02:40:49
Title: ירי רקטות וטילים
Location: רמות מאיר
Oref Category: 1
Status: active
Threat Type: rocket
----------------------------------------
Time: 2025-06-21 02:40:49
Title: ירי רקטות וטילים
Location: קריית עקרון
Oref Category: 1
Status: active
Threat Type: rocket
----------------------------------------
Time: 2025-06-21 02:40:49
Title: ירי רקטות וטילים
Location: אורנית
Oref Category: 1
Status: active
Threat Type: rocket
----------------------------------------
Time: 2025-06-21 02:40:49
Title: ירי רקטות וטילים
Location: טייבה
Oref Category: 1
Status: active
Threat Type: rocket
----------------------------------------
Time: 2025-06-21 02:40:49
Title: ירי רקטות וטילים
Location: כוכב יאיר - צור יגאל
Oref Category: 1
Status: active
Threat Type: rocket
----------------------------------------
Time: 2025-06-21 02:40:49
Title: ירי רקטות וטילים
Location: צור יצחק
Oref Category: 1
Status: active
Threat Type: rocket
----------------------------------------
Time: 2025-06-21 02:40:49
Title: ירי רקטות וטילים
Location: צור נתן
Oref Category: 1
Status: active
Threat Type: rocket
----------------------------------------
Time: 2025-06-21 02:40:49
Title: ירי רקטות וטילים
Location: קלנסווה
Oref Category: 1
Status: active
Threat Type: rocket
----------------------------------------
Time: 2025-06-21 02:40:49
Title: ירי רקטות וטילים
Location: שער אפרים
Oref Category: 1
Status: active
Threat Type: rocket
----------------------------------------
Time: 2025-06-21 02:40:49
Title: ירי רקטות וטילים
Location: אלפי מנשה
Oref Category: 1
Status: active
Threat Type: rocket
----------------------------------------
Time: 2025-06-21 02:40:49
Title: ירי רקטות וטילים
Location: אלקנה
Oref Category: 1
Status: active
Threat Type: rocket
----------------------------------------
Time: 2025-06-21 02:40:49
Title: ירי רקטות וטילים
Location: ברקן
Oref Category: 1
Status: active
Threat Type: rocket
----------------------------------------
Time: 2025-06-21 02:40:49
Title: ירי רקטות וטילים
Location: חוות יאיר
Oref Category: 1
Status: active
Threat Type: rocket
----------------------------------------
Time: 2025-06-21 02:40:49
Title: ירי רקטות וטילים
Location: יקיר
Oref Category: 1
Status: active
Threat Type: rocket
----------------------------------------
Time: 2025-06-21 02:40:49
Title: ירי רקטות וטילים
Location: נופים
Oref Category: 1
Status: active
Threat Type: rocket
----------------------------------------
Time: 2025-06-21 02:40:49
Title: ירי רקטות וטילים
Location: עמנואל
Oref Category: 1
Status: active
Threat Type: rocket
----------------------------------------
Time: 2025-06-21 02:40:49
Title: ירי רקטות וטילים
Location: עץ אפרים
Oref Category: 1
Status: active
Threat Type: rocket
----------------------------------------
Time: 2025-06-21 02:40:49
Title: ירי רקטות וטילים
Location: צופים
Oref Category: 1
Status: active
Threat Type: rocket
----------------------------------------
Time: 2025-06-21 02:40:49
Title: ירי רקטות וטילים
Location: קריית נטפים
Oref Category: 1
Status: active
Threat Type: rocket
----------------------------------------
Time: 2025-06-21 02:40:49
Title: ירי רקטות וטילים
Location: קרני שומרון
Oref Category: 1
Status: active
Threat Type: rocket
----------------------------------------
Time: 2025-06-21 02:40:49
Title: ירי רקטות וטילים
Location: רבבה
Oref Category: 1
Status: active
Threat Type: rocket
----------------------------------------
Time: 2025-06-21 02:40:49
Title: ירי רקטות וטילים
Location: שערי תקווה
Oref Category: 1
Status: active
Threat Type: rocket
----------------------------------------
Time: 2025-06-21 02:40:49
Title: ירי רקטות וטילים
Location: אבני חפץ
Oref Category: 1
Status: active
Threat Type: rocket
----------------------------------------
Time: 2025-06-21 02:40:49
Title: ירי רקטות וטילים
Location: אזור תעשייה אריאל
Oref Category: 1
Status: active
Threat Type: rocket
----------------------------------------
Time: 2025-06-21 02:40:49
Title: ירי רקטות וטילים
Location: אזור תעשייה בראון
Oref Category: 1
Status: active
Threat Type: rocket
----------------------------------------
Time: 2025-06-21 02:40:49
Title: ירי רקטות וטילים
Location: אזור תעשייה ברקן
Oref Category: 1
Status: active
Threat Type: rocket
----------------------------------------
Time: 2025-06-21 02:40:49
Title: ירי רקטות וטילים
Location: בית אריה
Oref Category: 1
Status: active
Threat Type: rocket
----------------------------------------
Time: 2025-06-21 02:40:49
Title: ירי רקטות וטילים
Location: ברוכין
Oref Category: 1
Status: active
Threat Type: rocket
----------------------------------------
Time: 2025-06-21 02:40:49
Title: ירי רקטות וטילים
Location: בת חפר
Oref Category: 1
Status: active
Threat Type: rocket
----------------------------------------
Time: 2025-06-21 02:40:49
Title: ירי רקטות וטילים
Location: חוות גלעד
Oref Category: 1
Status: active
Threat Type: rocket
----------------------------------------
Time: 2025-06-21 02:40:49
Title: ירי רקטות וטילים
Location: יד חנה
Oref Category: 1
Status: active
Threat Type: rocket
----------------------------------------
Time: 2025-06-21 02:40:49
Title: ירי רקטות וטילים
Location: יצהר
Oref Category: 1
Status: active
Threat Type: rocket
----------------------------------------
Time: 2025-06-21 02:40:49
Title: ירי רקטות וטילים
Location: ניצני עוז
Oref Category: 1
Status: active
Threat Type: rocket
----------------------------------------
Time: 2025-06-21 02:40:49
Title: ירי רקטות וטילים
Location: סלעית
Oref Category: 1
Status: active
Threat Type: rocket
----------------------------------------
Time: 2025-06-21 02:40:49
Title: ירי רקטות וטילים
Location: עלי זהב
Oref Category: 1
Status: active
Threat Type: rocket
----------------------------------------
Time: 2025-06-21 02:40:49
Title: ירי רקטות וטילים
Location: ענב
Oref Category: 1
Status: active
Threat Type: rocket
----------------------------------------
Time: 2025-06-21 02:40:49
Title: ירי רקטות וטילים
Location: פדואל
Oref Category: 1
Status: active
Threat Type: rocket
----------------------------------------
Time: 2025-06-21 02:40:49
Title: ירי רקטות וטילים
Location: קדומים
Oref Category: 1
Status: active
Threat Type: rocket
----------------------------------------
Time: 2025-06-21 02:40:49
Title: ירי רקטות וטילים
Location: שבי שומרון
Oref Category: 1
Status: active
Threat Type: rocket
----------------------------------------
Time: 2025-06-21 02:40:49
Title: ירי רקטות וטילים
Location: אריאל
Oref Category: 1
Status: active
Threat Type: rocket
----------------------------------------
Time: 2025-06-21 02:40:39
Title: ירי רקטות וטילים
Location: אזור תעשייה חבל מודיעין
Oref Category: 1
Status: active
Threat Type: rocket
----------------------------------------
Time: 2025-06-21 02:40:08
Title: ירי רקטות וטילים
Location: גבעת ברנר
Oref Category: 1
Status: active
Threat Type: rocket
----------------------------------------
Time: 2025-06-21 02:39:57
Title: ירי רקטות וטילים
Location: בן זכאי
Oref Category: 1
Status: active
Threat Type: rocket
----------------------------------------
Time: 2025-06-21 02:39:57
Title: ירי רקטות וטילים
Location: בניה
Oref Category: 1
Status: active
Threat Type: rocket
----------------------------------------
Time: 2025-06-21 02:39:52
Title: ירי רקטות וטילים
Location: אזור תעשייה נשר - רמלה
Oref Category: 1
Status: active
Threat Type: rocket
----------------------------------------
Time: 2025-06-21 02:39:52
Title: ירי רקטות וטילים
Location: אזור תעשייה רגמ
Oref Category: 1
Status: active
Threat Type: rocket
----------------------------------------
Time: 2025-06-21 02:39:52
Title: ירי רקטות וטילים
Location: אחיסמך
Oref Category: 1
Status: active
Threat Type: rocket
----------------------------------------
Time: 2025-06-21 02:39:52
Title: ירי רקטות וטילים
Location: בן שמן
Oref Category: 1
Status: active
Threat Type: rocket
----------------------------------------
Time: 2025-06-21 02:39:52
Title: ירי רקטות וטילים
Location: כפר נוער בן שמן
Oref Category: 1
Status: active
Threat Type: rocket
----------------------------------------
Time: 2025-06-21 02:39:52
Title: ירי רקטות וטילים
Location: ברקת
Oref Category: 1
Status: active
Threat Type: rocket
----------------------------------------
Time: 2025-06-21 02:39:52
Title: ירי רקטות וטילים
Location: גני הדר
Oref Category: 1
Status: active
Threat Type: rocket
----------------------------------------
Time: 2025-06-21 02:39:52
Title: ירי רקטות וטילים
Location: חדיד
Oref Category: 1
Status: active
Threat Type: rocket
----------------------------------------
Time: 2025-06-21 02:39:52
Title: ירי רקטות וטילים
Location: כפר ביל''ו
Oref Category: 1
Status: active
Threat Type: rocket
----------------------------------------
Time: 2025-06-21 02:39:52
Title: ירי רקטות וטילים
Location: נען
Oref Category: 1
Status: active
Threat Type: rocket
----------------------------------------
Time: 2025-06-21 02:39:52
Title: ירי רקטות וטילים
Location: שוהם
Oref Category: 1
Status: active
Threat Type: rocket
----------------------------------------
Time: 2025-06-21 02:39:46
Title: ירי רקטות וטילים
Location: מצליח
Oref Category: 1
Status: active
Threat Type: rocket
----------------------------------------
Time: 2025-06-21 02:39:46
Title: ירי רקטות וטילים
Location: בית עריף
Oref Category: 1
Status: active
Threat Type: rocket
----------------------------------------
Time: 2025-06-21 02:39:46
Title: ירי רקטות וטילים
Location: טירת יהודה
Oref Category: 1
Status: active
Threat Type: rocket
----------------------------------------
Time: 2025-06-21 02:39:46
Title: ירי רקטות וטילים
Location: כפר טרומן
Oref Category: 1
Status: active
Threat Type: rocket
----------------------------------------
Time: 2025-06-21 02:39:46
Title: ירי רקטות וטילים
Location: סתריה
Oref Category: 1
Status: active
Threat Type: rocket
----------------------------------------
Time: 2025-06-21 02:39:45
Title: ירי רקטות וטילים
Location: בת ים
Oref Category: 1
Status: active
Threat Type: rocket
----------------------------------------
Time: 2025-06-21 02:39:45
Title: ירי רקטות וטילים
Location: גיבתון
Oref Category: 1
Status: active
Threat Type: rocket
----------------------------------------
Time: 2025-06-21 02:39:45
Title: ירי רקטות וטילים
Location: גן שלמה
Oref Category: 1
Status: active
Threat Type: rocket
----------------------------------------
Time: 2025-06-21 02:39:45
Title: ירי רקטות וטילים
Location: נצר סרני
Oref Category: 1
Status: active
Threat Type: rocket
----------------------------------------
Time: 2025-06-21 02:39:45
Title: ירי רקטות וטילים
Location: פארק תעשיות פלמחים
Oref Category: 1
Status: active
Threat Type: rocket
----------------------------------------
Time: 2025-06-21 02:39:45
Title: ירי רקטות וטילים
Location: פלמחים
Oref Category: 1
Status: active
Threat Type: rocket
----------------------------------------
Time: 2025-06-21 02:39:45
Title: ירי רקטות וטילים
Location: ראשון לציון - מזרח
Oref Category: 1
Status: active
Threat Type: rocket
----------------------------------------
Time: 2025-06-21 02:39:45
Title: ירי רקטות וטילים
Location: ראשון לציון - מערב
Oref Category: 1
Status: active
Threat Type: rocket
----------------------------------------
Time: 2025-06-21 02:39:45
Title: ירי רקטות וטילים
Location: רחובות
Oref Category: 1
Status: active
Threat Type: rocket
----------------------------------------
Time: 2025-06-21 02:39:45
Title: ירי רקטות וטילים
Location: אירוס
Oref Category: 1
Status: active
Threat Type: rocket
----------------------------------------
Time: 2025-06-21 02:39:45
Title: ירי רקטות וטילים
Location: באר יעקב
Oref Category: 1
Status: active
Threat Type: rocket
----------------------------------------
Time: 2025-06-21 02:39:45
Title: ירי רקטות וטילים
Location: בית חנן
Oref Category: 1
Status: active
Threat Type: rocket
----------------------------------------
Time: 2025-06-21 02:39:45
Title: ירי רקטות וטילים
Location: בית עובד
Oref Category: 1
Status: active
Threat Type: rocket
----------------------------------------
Time: 2025-06-21 02:39:45
Title: ירי רקטות וטילים
Location: גינתון
Oref Category: 1
Status: active
Threat Type: rocket
----------------------------------------
Time: 2025-06-21 02:39:45
Title: ירי רקטות וטילים
Location: גן שורק
Oref Category: 1
Status: active
Threat Type: rocket
----------------------------------------
Time: 2025-06-21 02:39:45
Title: ירי רקטות וטילים
Location: ישרש
Oref Category: 1
Status: active
Threat Type: rocket
----------------------------------------
Time: 2025-06-21 02:39:45
Title: ירי רקטות וטילים
Location: לוד
Oref Category: 1
Status: active
Threat Type: rocket
----------------------------------------
Time: 2025-06-21 02:39:45
Title: ירי רקטות וטילים
Location: נטעים
Oref Category: 1
Status: active
Threat Type: rocket
----------------------------------------
Time: 2025-06-21 02:39:45
Title: ירי רקטות וטילים
Location: ניר צבי
Oref Category: 1
Status: active
Threat Type: rocket
----------------------------------------
Time: 2025-06-21 02:39:45
Title: ירי רקטות וטילים
Location: נס ציונה
Oref Category: 1
Status: active
Threat Type: rocket
----------------------------------------
Time: 2025-06-21 02:39:45
Title: ירי רקטות וטילים
Location: עיינות
Oref Category: 1
Status: active
Threat Type: rocket
----------------------------------------
Time: 2025-06-21 02:39:45
Title: ירי רקטות וטילים
Location: רמלה
Oref Category: 1
Status: active
Threat Type: rocket
----------------------------------------
Time: 2025-06-21 02:39:45
Title: ירי רקטות וטילים
Location: תעשיון צריפין
Oref Category: 1
Status: active
Threat Type: rocket
----------------------------------------
Time: 2025-06-21 02:39:45
Title: ירי רקטות וטילים
Location: אחיעזר
Oref Category: 1
Status: active
Threat Type: rocket
----------------------------------------
Time: 2025-06-21 02:39:45
Title: ירי רקטות וטילים
Location: בית דגן
Oref Category: 1
Status: active
Threat Type: rocket
----------------------------------------
Time: 2025-06-21 02:39:45
Title: ירי רקטות וטילים
Location: זיתן
Oref Category: 1
Status: active
Threat Type: rocket
----------------------------------------
Time: 2025-06-21 02:39:45
Title: ירי רקטות וטילים
Location: יגל
Oref Category: 1
Status: active
Threat Type: rocket
----------------------------------------
Time: 2025-06-21 02:39:45
Title: ירי רקטות וטילים
Location: כפר חב''ד
Oref Category: 1
Status: active
Threat Type: rocket
----------------------------------------
Time: 2025-06-21 02:39:45
Title: ירי רקטות וטילים
Location: איירפורט סיטי
Oref Category: 1
Status: active
Threat Type: rocket
----------------------------------------
Time: 2025-06-21 02:39:44
Title: ירי רקטות וטילים
Location: תל אביב - דרום העיר ויפו
Oref Category: 1
Status: active
Threat Type: rocket
----------------------------------------
Time: 2025-06-21 02:39:44
Title: ירי רקטות וטילים
Location: תל אביב - מזרח
Oref Category: 1
Status: active
Threat Type: rocket
----------------------------------------
Time: 2025-06-21 02:39:44
Title: ירי רקטות וטילים
Location: תל אביב - מרכז העיר
Oref Category: 1
Status: active
Threat Type: rocket
----------------------------------------
Time: 2025-06-21 02:39:44
Title: ירי רקטות וטילים
Location: תל אביב - עבר הירקון
Oref Category: 1
Status: active
Threat Type: rocket
----------------------------------------
Time: 2025-06-21 02:39:44
Title: ירי רקטות וטילים
Location: אור יהודה
Oref Category: 1
Status: active
Threat Type: rocket
----------------------------------------
Time: 2025-06-21 02:39:44
Title: ירי רקטות וטילים
Location: אזור
Oref Category: 1
Status: active
Threat Type: rocket
----------------------------------------
Time: 2025-06-21 02:39:44
Title: ירי רקטות וטילים
Location: בני ברק
Oref Category: 1
Status: active
Threat Type: rocket
----------------------------------------
Time: 2025-06-21 02:39:44
Title: ירי רקטות וטילים
Location: גבעת השלושה
Oref Category: 1
Status: active
Threat Type: rocket
----------------------------------------
Time: 2025-06-21 02:39:44
Title: ירי רקטות וטילים
Location: גבעת חן
Oref Category: 1
Status: active
Threat Type: rocket
----------------------------------------
Time: 2025-06-21 02:39:44
Title: ירי רקטות וטילים
Location: גבעת שמואל
Oref Category: 1
Status: active
Threat Type: rocket
----------------------------------------
Time: 2025-06-21 02:39:44
Title: ירי רקטות וטילים
Location: גבעתיים
Oref Category: 1
Status: active
Threat Type: rocket
----------------------------------------
Time: 2025-06-21 02:39:44
Title: ירי רקטות וטילים
Location: גת רימון
Oref Category: 1
Status: active
Threat Type: rocket
----------------------------------------
Time: 2025-06-21 02:39:44
Title: ירי רקטות וטילים
Location: הרצליה - מערב
Oref Category: 1
Status: active
Threat Type: rocket
----------------------------------------
Time: 2025-06-21 02:39:44
Title: ירי רקטות וטילים
Location: הרצליה - מרכז וגליל ים
Oref Category: 1
Status: active
Threat Type: rocket
----------------------------------------
Time: 2025-06-21 02:39:44
Title: ירי רקטות וטילים
Location: חולון
Oref Category: 1
Status: active
Threat Type: rocket
----------------------------------------
Time: 2025-06-21 02:39:44
Title: ירי רקטות וטילים
Location: יהוד מונוסון
Oref Category: 1
Status: active
Threat Type: rocket
----------------------------------------
Time: 2025-06-21 02:39:44
Title: ירי רקטות וטילים
Location: כפר סירקין
Oref Category: 1
Status: active
Threat Type: rocket
----------------------------------------
Time: 2025-06-21 02:39:44
Title: ירי רקטות וטילים
Location: כפר שמריהו
Oref Category: 1
Status: active
Threat Type: rocket
----------------------------------------
Time: 2025-06-21 02:39:44
Title: ירי רקטות וטילים
Location: מעש
Oref Category: 1
Status: active
Threat Type: rocket
----------------------------------------
Time: 2025-06-21 02:39:44
Title: ירי רקטות וטילים
Location: מקווה ישראל
Oref Category: 1
Status: active
Threat Type: rocket
----------------------------------------
Time: 2025-06-21 02:39:44
Title: ירי רקטות וטילים
Location: נתניה - מזרח
Oref Category: 1
Status: active
Threat Type: rocket
----------------------------------------
Time: 2025-06-21 02:39:44
Title: ירי רקטות וטילים
Location: נתניה - מערב
Oref Category: 1
Status: active
Threat Type: rocket
----------------------------------------
Time: 2025-06-21 02:39:44
Title: ירי רקטות וטילים
Location: סביון
Oref Category: 1
Status: active
Threat Type: rocket
----------------------------------------
Time: 2025-06-21 02:39:44
Title: ירי רקטות וטילים
Location: פתח תקווה
Oref Category: 1
Status: active
Threat Type: rocket
----------------------------------------
Time: 2025-06-21 02:39:44
Title: ירי רקטות וטילים
Location: קריית אונו
Oref Category: 1
Status: active
Threat Type: rocket
----------------------------------------
Time: 2025-06-21 02:39:44
Title: ירי רקטות וטילים
Location: רמת גן - מזרח
Oref Category: 1
Status: active
Threat Type: rocket
----------------------------------------
Time: 2025-06-21 02:39:44
Title: ירי רקטות וטילים
Location: רמת גן - מערב
Oref Category: 1
Status: active
Threat Type: rocket
----------------------------------------
Time: 2025-06-21 02:39:44
Title: ירי רקטות וטילים
Location: רמת השרון
Oref Category: 1
Status: active
Threat Type: rocket
----------------------------------------
Time: 2025-06-21 02:39:44
Title: ירי רקטות וטילים
Location: רעננה
Oref Category: 1
Status: active
Threat Type: rocket
----------------------------------------
Time: 2025-06-21 02:39:44
Title: ירי רקטות וטילים
Location: אייל
Oref Category: 1
Status: active
Threat Type: rocket
----------------------------------------
Time: 2025-06-21 02:39:44
Title: ירי רקטות וטילים
Location: אלישמע
Oref Category: 1
Status: active
Threat Type: rocket
----------------------------------------
Time: 2025-06-21 02:39:44
Title: ירי רקטות וטילים
Location: אלעד
Oref Category: 1
Status: active
Threat Type: rocket
----------------------------------------
Time: 2025-06-21 02:39:44
Title: ירי רקטות וטילים
Location: בארות יצחק
Oref Category: 1
Status: active
Threat Type: rocket
----------------------------------------
Time: 2025-06-21 02:39:44
Title: ירי רקטות וטילים
Location: בית ברל
Oref Category: 1
Status: active
Threat Type: rocket
----------------------------------------
Time: 2025-06-21 02:39:44
Title: ירי רקטות וטילים
Location: בני דרור
Oref Category: 1
Status: active
Threat Type: rocket
----------------------------------------
Time: 2025-06-21 02:39:44
Title: ירי רקטות וטילים
Location: בני עטרות
Oref Category: 1
Status: active
Threat Type: rocket
----------------------------------------
Time: 2025-06-21 02:39:44
Title: ירי רקטות וטילים
Location: ג'לג'וליה
Oref Category: 1
Status: active
Threat Type: rocket
----------------------------------------
Time: 2025-06-21 02:39:44
Title: ירי רקטות וטילים
Location: גבעת כ''ח
Oref Category: 1
Status: active
Threat Type: rocket
----------------------------------------
Time: 2025-06-21 02:39:44
Title: ירי רקטות וטילים
Location: גן חיים
Oref Category: 1
Status: active
Threat Type: rocket
----------------------------------------
Time: 2025-06-21 02:39:44
Title: ירי רקטות וטילים
Location: גני עם
Oref Category: 1
Status: active
Threat Type: rocket
----------------------------------------
Time: 2025-06-21 02:39:44
Title: ירי רקטות וטילים
Location: גני תקווה
Oref Category: 1
Status: active
Threat Type: rocket
----------------------------------------
Time: 2025-06-21 02:39:44
Title: ירי רקטות וטילים
Location: הוד השרון
Oref Category: 1
Status: active
Threat Type: rocket
----------------------------------------
Time: 2025-06-21 02:39:44
Title: ירי רקטות וטילים
Location: חגור
Oref Category: 1
Status: active
Threat Type: rocket
----------------------------------------
Time: 2025-06-21 02:39:44
Title: ירי רקטות וטילים
Location: חורשים
Oref Category: 1
Status: active
Threat Type: rocket
----------------------------------------
Time: 2025-06-21 02:39:44
Title: ירי רקטות וטילים
Location: חרות
Oref Category: 1
Status: active
Threat Type: rocket
----------------------------------------
Time: 2025-06-21 02:39:44
Title: ירי רקטות וטילים
Location: טירה
Oref Category: 1
Status: active
Threat Type: rocket
----------------------------------------
Time: 2025-06-21 02:39:44
Title: ירי רקטות וטילים
Location: יעף
Oref Category: 1
Status: active
Threat Type: rocket
----------------------------------------
Time: 2025-06-21 02:39:44
Title: ירי רקטות וטילים
Location: ירחיב
Oref Category: 1
Status: active
Threat Type: rocket
----------------------------------------
Time: 2025-06-21 02:39:44
Title: ירי רקטות וטילים
Location: ירקונה
Oref Category: 1
Status: active
Threat Type: rocket
----------------------------------------
Time: 2025-06-21 02:39:44
Title: ירי רקטות וטילים
Location: כפר ברא
Oref Category: 1
Status: active
Threat Type: rocket
----------------------------------------
Time: 2025-06-21 02:39:44
Title: ירי רקטות וטילים
Location: כפר הס
Oref Category: 1
Status: active
Threat Type: rocket
----------------------------------------
Time: 2025-06-21 02:39:44
Title: ירי רקטות וטילים
Location: כפר יעבץ
Oref Category: 1
Status: active
Threat Type: rocket
----------------------------------------
Time: 2025-06-21 02:39:44
Title: ירי רקטות וטילים
Location: כפר מל''ל
Oref Category: 1
Status: active
Threat Type: rocket
----------------------------------------
Time: 2025-06-21 02:39:44
Title: ירי רקטות וטילים
Location: כפר סבא
Oref Category: 1
Status: active
Threat Type: rocket
----------------------------------------
Time: 2025-06-21 02:39:44
Title: ירי רקטות וטילים
Location: כפר עבודה
Oref Category: 1
Status: active
Threat Type: rocket
----------------------------------------
Time: 2025-06-21 02:39:44
Title: ירי רקטות וטילים
Location: כפר קאסם
Oref Category: 1
Status: active
Threat Type: rocket
----------------------------------------
Time: 2025-06-21 02:39:44
Title: ירי רקטות וטילים
Location: מגשימים
Oref Category: 1
Status: active
Threat Type: rocket
----------------------------------------
Time: 2025-06-21 02:39:44
Title: ירי רקטות וטילים
Location: מזור
Oref Category: 1
Status: active
Threat Type: rocket
----------------------------------------
Time: 2025-06-21 02:39:44
Title: ירי רקטות וטילים
Location: משמרת
Oref Category: 1
Status: active
Threat Type: rocket
----------------------------------------
Time: 2025-06-21 02:39:44
Title: ירי רקטות וטילים
Location: מתן
Oref Category: 1
Status: active
Threat Type: rocket
----------------------------------------
Time: 2025-06-21 02:39:44
Title: ירי רקטות וטילים
Location: נווה ימין
Oref Category: 1
Status: active
Threat Type: rocket
----------------------------------------
Time: 2025-06-21 02:39:44
Title: ירי רקטות וטילים
Location: נווה ירק
Oref Category: 1
Status: active
Threat Type: rocket
----------------------------------------
Time: 2025-06-21 02:39:44
Title: ירי רקטות וטילים
Location: נופך
Oref Category: 1
Status: active
Threat Type: rocket
----------------------------------------
Time: 2025-06-21 02:39:44
Title: ירי רקטות וטילים
Location: נחלים
Oref Category: 1
Status: active
Threat Type: rocket
----------------------------------------
Time: 2025-06-21 02:39:44
Title: ירי רקטות וטילים
Location: נחשונים
Oref Category: 1
Status: active
Threat Type: rocket
----------------------------------------
Time: 2025-06-21 02:39:44
Title: ירי רקטות וטילים
Location: ניר אליהו
Oref Category: 1
Status: active
Threat Type: rocket
----------------------------------------
Time: 2025-06-21 02:39:44
Title: ירי רקטות וטילים
Location: נירית
Oref Category: 1
Status: active
Threat Type: rocket
----------------------------------------
Time: 2025-06-21 02:39:44
Title: ירי רקטות וטילים
Location: עדנים
Oref Category: 1
Status: active
Threat Type: rocket
----------------------------------------
Time: 2025-06-21 02:39:44
Title: ירי רקטות וטילים
Location: עזריאל
Oref Category: 1
Status: active
Threat Type: rocket
----------------------------------------
Time: 2025-06-21 02:39:44
Title: ירי רקטות וטילים
Location: עין ורד
Oref Category: 1
Status: active
Threat Type: rocket
----------------------------------------
Time: 2025-06-21 02:39:44
Title: ירי רקטות וטילים
Location: עין שריד
Oref Category: 1
Status: active
Threat Type: rocket
----------------------------------------
Time: 2025-06-21 02:39:44
Title: ירי רקטות וטילים
Location: עינת
Oref Category: 1
Status: active
Threat Type: rocket
----------------------------------------
Time: 2025-06-21 02:39:44
Title: ירי רקטות וטילים
Location: פורת
Oref Category: 1
Status: active
Threat Type: rocket
----------------------------------------
Time: 2025-06-21 02:39:44
Title: ירי רקטות וטילים
Location: פרדסיה
Oref Category: 1
Status: active
Threat Type: rocket
----------------------------------------
Time: 2025-06-21 02:39:44
Title: ירי רקטות וטילים
Location: צופית
Oref Category: 1
Status: active
Threat Type: rocket
----------------------------------------
Time: 2025-06-21 02:39:44
Title: ירי רקטות וטילים
Location: צור משה
Oref Category: 1
Status: active
Threat Type: rocket
----------------------------------------
Time: 2025-06-21 02:39:44
Title: ירי רקטות וטילים
Location: קדימה צורן
Oref Category: 1
Status: active
Threat Type: rocket
----------------------------------------
Time: 2025-06-21 02:39:44
Title: ירי רקטות וטילים
Location: ראש העין
Oref Category: 1
Status: active
Threat Type: rocket
----------------------------------------
Time: 2025-06-21 02:39:44
Title: ירי רקטות וטילים
Location: רינתיה
Oref Category: 1
Status: active
Threat Type: rocket
----------------------------------------
Time: 2025-06-21 02:39:44
Title: ירי רקטות וטילים
Location: רמות השבים
Oref Category: 1
Status: active
Threat Type: rocket
----------------------------------------
Time: 2025-06-21 02:39:44
Title: ירי רקטות וטילים
Location: רמת הכובש
Oref Category: 1
Status: active
Threat Type: rocket
----------------------------------------
Time: 2025-06-21 02:39:44
Title: ירי רקטות וטילים
Location: שדה ורבורג
Oref Category: 1
Status: active
Threat Type: rocket
----------------------------------------
Time: 2025-06-21 02:39:44
Title: ירי רקטות וטילים
Location: שדי חמד
Oref Category: 1
Status: active
Threat Type: rocket
----------------------------------------
Time: 2025-06-21 02:39:44
Title: ירי רקטות וטילים
Location: תחנת רכבת ראש העין
Oref Category: 1
Status: active
Threat Type: rocket
----------------------------------------
Time: 2025-06-21 02:39:44
Title: ירי רקטות וטילים
Location: תל מונד
Oref Category: 1
Status: active
Threat Type: rocket
----------------------------------------
Time: 2025-06-21 02:39:44
Title: ירי רקטות וטילים
Location: תעשיון חצב
Oref Category: 1
Status: active
Threat Type: rocket
----------------------------------------
Time: 2025-06-21 02:39:44
Title: ירי רקטות וטילים
Location: אבן יהודה
Oref Category: 1
Status: active
Threat Type: rocket
----------------------------------------
Time: 2025-06-21 02:39:44
Title: ירי רקטות וטילים
Location: אודים
Oref Category: 1
Status: active
Threat Type: rocket
----------------------------------------
Time: 2025-06-21 02:39:44
Title: ירי רקטות וטילים
Location: ארסוף
Oref Category: 1
Status: active
Threat Type: rocket
----------------------------------------
Time: 2025-06-21 02:39:44
Title: ירי רקטות וטילים
Location: בית יהושע
Oref Category: 1
Status: active
Threat Type: rocket
----------------------------------------
Time: 2025-06-21 02:39:44
Title: ירי רקטות וטילים
Location: בני ציון
Oref Category: 1
Status: active
Threat Type: rocket
----------------------------------------
Time: 2025-06-21 02:39:44
Title: ירי רקטות וטילים
Location: בצרה
Oref Category: 1
Status: active
Threat Type: rocket
----------------------------------------
Time: 2025-06-21 02:39:44
Title: ירי רקטות וטילים
Location: געש
Oref Category: 1
Status: active
Threat Type: rocket
----------------------------------------
Time: 2025-06-21 02:39:44
Title: ירי רקטות וטילים
Location: חמד
Oref Category: 1
Status: active
Threat Type: rocket
----------------------------------------
Time: 2025-06-21 02:39:44
Title: ירי רקטות וטילים
Location: חניון הנתיב מהיר
Oref Category: 1
Status: active
Threat Type: rocket
----------------------------------------
Time: 2025-06-21 02:39:44
Title: ירי רקטות וטילים
Location: חרוצים
Oref Category: 1
Status: active
Threat Type: rocket
----------------------------------------
Time: 2025-06-21 02:39:44
Title: ירי רקטות וטילים
Location: יקום
Oref Category: 1
Status: active
Threat Type: rocket
----------------------------------------
Time: 2025-06-21 02:39:44
Title: ירי רקטות וטילים
Location: כפר נטר
Oref Category: 1
Status: active
Threat Type: rocket
----------------------------------------
Time: 2025-06-21 02:39:44
Title: ירי רקטות וטילים
Location: מכון וינגייט
Oref Category: 1
Status: active
Threat Type: rocket
----------------------------------------
Time: 2025-06-21 02:39:44
Title: ירי רקטות וטילים
Location: משמר השבעה
Oref Category: 1
Status: active
Threat Type: rocket
----------------------------------------
Time: 2025-06-21 02:39:44
Title: ירי רקטות וטילים
Location: צפריה
Oref Category: 1
Status: active
Threat Type: rocket
----------------------------------------
Time: 2025-06-21 02:39:44
Title: ירי רקטות וטילים
Location: רשפון
Oref Category: 1
Status: active
Threat Type: rocket
----------------------------------------
Time: 2025-06-21 02:39:44
Title: ירי רקטות וטילים
Location: שפיים
Oref Category: 1
Status: active
Threat Type: rocket
----------------------------------------
Time: 2025-06-21 02:39:44
Title: ירי רקטות וטילים
Location: תל יצחק
Oref Category: 1
Status: active
Threat Type: rocket
----------------------------------------
Time: 2025-06-21 02:39:44
Title: ירי רקטות וטילים
Location: אזור תעשייה טירה
Oref Category: 1
Status: active
Threat Type: rocket
----------------------------------------
Time: 2025-06-21 02:39:44
Title: ירי רקטות וטילים
Location: אזור תעשייה כפר יונה
Oref Category: 1
Status: active
Threat Type: rocket
----------------------------------------
Time: 2025-06-21 02:39:44
Title: ירי רקטות וטילים
Location: בית עלמין מורשה
Oref Category: 1
Status: active
Threat Type: rocket
----------------------------------------
Time: 2025-06-21 02:39:44
Title: ירי רקטות וטילים
Location: גנות הדר
Oref Category: 1
Status: active
Threat Type: rocket
----------------------------------------
Time: 2025-06-21 02:39:44
Title: ירי רקטות וטילים
Location: מתחם "חנה וסע" שפיים
Oref Category: 1
Status: active
Threat Type: rocket
----------------------------------------
Time: 2025-06-21 02:39:44
Title: ירי רקטות וטילים
Location: נורדיה
Oref Category: 1
Status: active
Threat Type: rocket
----------------------------------------
Time: 2025-06-21 02:39:44
Title: ירי רקטות וטילים
Location: סינמה סיטי גלילות
Oref Category: 1
Status: active
Threat Type: rocket
----------------------------------------
Time: 2025-06-21 02:39:44
Title: ירי רקטות וטילים
Location: אזור תעשייה אפק ולב הארץ
Oref Category: 1
Status: active
Threat Type: rocket
----------------------------------------
Time: 2025-06-21 02:39:44
Title: ירי רקטות וטילים
Location: בית סוהר השרון
Oref Category: 1
Status: active
Threat Type: rocket
----------------------------------------
Time: 2025-06-21 02:39:44
Title: ירי רקטות וטילים
Location: גנות
Oref Category: 1
Status: active
Threat Type: rocket
----------------------------------------
Time: 2025-06-21 02:39:44
Title: ירי רקטות וטילים
Location: מרכז אזורי דרום השרון
Oref Category: 1
Status: active
Threat Type: rocket
----------------------------------------
Time: 2025-06-21 02:39:44
Title: ירי רקטות וטילים
Location: מתחם פי גלילות
Oref Category: 1
Status: active
Threat Type: rocket
----------------------------------------
Time: 2025-06-21 02:39:42
Title: ירי רקטות וטילים
Location: גאליה
Oref Category: 1
Status: active
Threat Type: rocket
----------------------------------------
Time: 2025-06-21 02:39:42
Title: ירי רקטות וטילים
Location: יבנה
Oref Category: 1
Status: active
Threat Type: rocket
----------------------------------------
Time: 2025-06-21 02:39:42
Title: ירי רקטות וטילים
Location: כפר הנגיד
Oref Category: 1
Status: active
Threat Type: rocket
----------------------------------------
Time: 2025-06-21 02:39:42
Title: ירי רקטות וטילים
Location: בית גמליאל
Oref Category: 1
Status: active
Threat Type: rocket
----------------------------------------
Time: 2025-06-21 02:39:42
Title: ירי רקטות וטילים
Location: מעון צופיה
Oref Category: 1
Status: active
Threat Type: rocket
----------------------------------------

--- Upcoming Alerts ---
Time: 2025-06-21 02:36:06
Title: בדקות הקרובות צפויות להתקבל התרעות באזורך
Location: אושה
Oref Category: 14
Status: upcoming
Threat Type: Unknown
----------------------------------------
Time: 2025-06-21 02:36:06
Title: בדקות הקרובות צפויות להתקבל התרעות באזורך
Location: חיפה - כרמל, הדר ועיר תחתית
Oref Category: 14
Status: upcoming
Threat Type: Unknown
----------------------------------------
Time: 2025-06-21 02:36:06
Title: בדקות הקרובות צפויות להתקבל התרעות באזורך
Location: חיפה - מערב
Oref Category: 14
Status: upcoming
Threat Type: Unknown
----------------------------------------
Time: 2025-06-21 02:36:06
Title: בדקות הקרובות צפויות להתקבל התרעות באזורך
Location: חיפה - מפרץ
Oref Category: 14
Status: upcoming
Threat Type: Unknown
----------------------------------------
Time: 2025-06-21 02:36:06
Title: בדקות הקרובות צפויות להתקבל התרעות באזורך
Location: חיפה - נווה שאנן ורמות כרמל
Oref Category: 14
Status: upcoming
Threat Type: Unknown
----------------------------------------
Time: 2025-06-21 02:36:06
Title: בדקות הקרובות צפויות להתקבל התרעות באזורך
Location: חיפה - קריית חיים ושמואל
Oref Category: 14
Status: upcoming
Threat Type: Unknown
----------------------------------------
Time: 2025-06-21 02:36:06
Title: בדקות הקרובות צפויות להתקבל התרעות באזורך
Location: כפר ביאליק
Oref Category: 14
Status: upcoming
Threat Type: Unknown
----------------------------------------
Time: 2025-06-21 02:36:06
Title: בדקות הקרובות צפויות להתקבל התרעות באזורך
Location: כפר המכבי
Oref Category: 14
Status: upcoming
Threat Type: Unknown
----------------------------------------
Time: 2025-06-21 02:36:06
Title: בדקות הקרובות צפויות להתקבל התרעות באזורך
Location: קריית אתא
Oref Category: 14
Status: upcoming
Threat Type: Unknown
----------------------------------------
Time: 2025-06-21 02:36:06
Title: בדקות הקרובות צפויות להתקבל התרעות באזורך
Location: קריית ביאליק
Oref Category: 14
Status: upcoming
Threat Type: Unknown
----------------------------------------
Time: 2025-06-21 02:36:06
Title: בדקות הקרובות צפויות להתקבל התרעות באזורך
Location: קריית ים
Oref Category: 14
Status: upcoming
Threat Type: Unknown
----------------------------------------
Time: 2025-06-21 02:36:06
Title: בדקות הקרובות צפויות להתקבל התרעות באזורך
Location: קריית מוצקין
Oref Category: 14
Status: upcoming
Threat Type: Unknown
----------------------------------------
Time: 2025-06-21 02:36:06
Title: בדקות הקרובות צפויות להתקבל התרעות באזורך
Location: רמת יוחנן
Oref Category: 14
Status: upcoming
Threat Type: Unknown
----------------------------------------
Time: 2025-06-21 02:36:06
Title: בדקות הקרובות צפויות להתקבל התרעות באזורך
Location: אזור תעשייה קריית ביאליק
Oref Category: 14
Status: upcoming
Threat Type: Unknown
----------------------------------------
Time: 2025-06-21 02:36:06
Title: בדקות הקרובות צפויות להתקבל התרעות באזורך
Location: חדרה - מזרח
Oref Category: 14
Status: upcoming
Threat Type: Unknown
----------------------------------------
Time: 2025-06-21 02:36:06
Title: בדקות הקרובות צפויות להתקבל התרעות באזורך
Location: חדרה - מערב
Oref Category: 14
Status: upcoming
Threat Type: Unknown
----------------------------------------
Time: 2025-06-21 02:36:06
Title: בדקות הקרובות צפויות להתקבל התרעות באזורך
Location: חדרה - מרכז
Oref Category: 14
Status: upcoming
Threat Type: Unknown
----------------------------------------
Time: 2025-06-21 02:36:06
Title: בדקות הקרובות צפויות להתקבל התרעות באזורך
Location: חדרה - נווה חיים
Oref Category: 14
Status: upcoming
Threat Type: Unknown
----------------------------------------
Time: 2025-06-21 02:36:06
Title: בדקות הקרובות צפויות להתקבל התרעות באזורך
Location: נשר
Oref Category: 14
Status: upcoming
Threat Type: Unknown
----------------------------------------
Time: 2025-06-21 02:36:06
Title: בדקות הקרובות צפויות להתקבל התרעות באזורך
Location: אביאל
Oref Category: 14
Status: upcoming
Threat Type: Unknown
----------------------------------------
Time: 2025-06-21 02:36:06
Title: בדקות הקרובות צפויות להתקבל התרעות באזורך
Location: אור עקיבא
Oref Category: 14
Status: upcoming
Threat Type: Unknown
----------------------------------------
Time: 2025-06-21 02:36:06
Title: בדקות הקרובות צפויות להתקבל התרעות באזורך
Location: אזור תעשייה יקנעם עילית
Oref Category: 14
Status: upcoming
Threat Type: Unknown
----------------------------------------
Time: 2025-06-21 02:36:06
Title: בדקות הקרובות צפויות להתקבל התרעות באזורך
Location: אזור תעשייה מבוא כרמל
Oref Category: 14
Status: upcoming
Threat Type: Unknown
----------------------------------------
Time: 2025-06-21 02:36:06
Title: בדקות הקרובות צפויות להתקבל התרעות באזורך
Location: אזור תעשייה קיסריה
Oref Category: 14
Status: upcoming
Threat Type: Unknown
----------------------------------------
Time: 2025-06-21 02:36:06
Title: בדקות הקרובות צפויות להתקבל התרעות באזורך
Location: איבטין
Oref Category: 14
Status: upcoming
Threat Type: Unknown
----------------------------------------
Time: 2025-06-21 02:36:06
Title: בדקות הקרובות צפויות להתקבל התרעות באזורך
Location: אלוני יצחק
Oref Category: 14
Status: upcoming
Threat Type: Unknown
----------------------------------------
Time: 2025-06-21 02:36:06
Title: בדקות הקרובות צפויות להתקבל התרעות באזורך
Location: אליקים
Oref Category: 14
Status: upcoming
Threat Type: Unknown
----------------------------------------
Time: 2025-06-21 02:36:06
Title: בדקות הקרובות צפויות להתקבל התרעות באזורך
Location: באקה אל גרבייה
Oref Category: 14
Status: upcoming
Threat Type: Unknown
----------------------------------------
Time: 2025-06-21 02:36:06
Title: בדקות הקרובות צפויות להתקבל התרעות באזורך
Location: בית אורן
Oref Category: 14
Status: upcoming
Threat Type: Unknown
----------------------------------------
Time: 2025-06-21 02:36:06
Title: בדקות הקרובות צפויות להתקבל התרעות באזורך
Location: בית חנניה
Oref Category: 14
Status: upcoming
Threat Type: Unknown
----------------------------------------
Time: 2025-06-21 02:36:06
Title: בדקות הקרובות צפויות להתקבל התרעות באזורך
Location: בנימינה
Oref Category: 14
Status: upcoming
Threat Type: Unknown
----------------------------------------
Time: 2025-06-21 02:36:06
Title: בדקות הקרובות צפויות להתקבל התרעות באזורך
Location: ג'סר א-זרקא
Oref Category: 14
Status: upcoming
Threat Type: Unknown
----------------------------------------
Time: 2025-06-21 02:36:06
Title: בדקות הקרובות צפויות להתקבל התרעות באזורך
Location: ג'ת
Oref Category: 14
Status: upcoming
Threat Type: Unknown
----------------------------------------
Time: 2025-06-21 02:36:06
Title: בדקות הקרובות צפויות להתקבל התרעות באזורך
Location: גבעת וולפסון
Oref Category: 14
Status: upcoming
Threat Type: Unknown
----------------------------------------
Time: 2025-06-21 02:36:06
Title: בדקות הקרובות צפויות להתקבל התרעות באזורך
Location: גבעת ניל''י
Oref Category: 14
Status: upcoming
Threat Type: Unknown
----------------------------------------
Time: 2025-06-21 02:36:06
Title: בדקות הקרובות צפויות להתקבל התרעות באזורך
Location: גבעת עדה
Oref Category: 14
Status: upcoming
Threat Type: Unknown
----------------------------------------
Time: 2025-06-21 02:36:06
Title: בדקות הקרובות צפויות להתקבל התרעות באזורך
Location: גלעד
Oref Category: 14
Status: upcoming
Threat Type: Unknown
----------------------------------------
Time: 2025-06-21 02:36:06
Title: בדקות הקרובות צפויות להתקבל התרעות באזורך
Location: גן השומרון
Oref Category: 14
Status: upcoming
Threat Type: Unknown
----------------------------------------
Time: 2025-06-21 02:36:06
Title: בדקות הקרובות צפויות להתקבל התרעות באזורך
Location: גן שמואל
Oref Category: 14
Status: upcoming
Threat Type: Unknown
----------------------------------------
Time: 2025-06-21 02:36:06
Title: בדקות הקרובות צפויות להתקבל התרעות באזורך
Location: דליה
Oref Category: 14
Status: upcoming
Threat Type: Unknown
----------------------------------------
Time: 2025-06-21 02:36:06
Title: בדקות הקרובות צפויות להתקבל התרעות באזורך
Location: דלית אל כרמל
Oref Category: 14
Status: upcoming
Threat Type: Unknown
----------------------------------------
Time: 2025-06-21 02:36:06
Title: בדקות הקרובות צפויות להתקבל התרעות באזורך
Location: החותרים
Oref Category: 14
Status: upcoming
Threat Type: Unknown
----------------------------------------
Time: 2025-06-21 02:36:06
Title: בדקות הקרובות צפויות להתקבל התרעות באזורך
Location: זכרון יעקב
Oref Category: 14
Status: upcoming
Threat Type: Unknown
----------------------------------------
Time: 2025-06-21 02:36:06
Title: בדקות הקרובות צפויות להתקבל התרעות באזורך
Location: טירת כרמל
Oref Category: 14
Status: upcoming
Threat Type: Unknown
----------------------------------------
Time: 2025-06-21 02:36:06
Title: בדקות הקרובות צפויות להתקבל התרעות באזורך
Location: יגור
Oref Category: 14
Status: upcoming
Threat Type: Unknown
----------------------------------------
Time: 2025-06-21 02:36:06
Title: בדקות הקרובות צפויות להתקבל התרעות באזורך
Location: יקנעם המושבה והזורע
Oref Category: 14
Status: upcoming
Threat Type: Unknown
----------------------------------------
Time: 2025-06-21 02:36:06
Title: בדקות הקרובות צפויות להתקבל התרעות באזורך
Location: יקנעם עילית
Oref Category: 14
Status: upcoming
Threat Type: Unknown
----------------------------------------
Time: 2025-06-21 02:36:06
Title: בדקות הקרובות צפויות להתקבל התרעות באזורך
Location: כפר גלים
Oref Category: 14
Status: upcoming
Threat Type: Unknown
----------------------------------------
Time: 2025-06-21 02:36:06
Title: בדקות הקרובות צפויות להתקבל התרעות באזורך
Location: כפר גליקסון
Oref Category: 14
Status: upcoming
Threat Type: Unknown
----------------------------------------
Time: 2025-06-21 02:36:06
Title: בדקות הקרובות צפויות להתקבל התרעות באזורך
Location: כפר חסידים
Oref Category: 14
Status: upcoming
Threat Type: Unknown
----------------------------------------
Time: 2025-06-21 02:36:06
Title: בדקות הקרובות צפויות להתקבל התרעות באזורך
Location: כפר פינס
Oref Category: 14
Status: upcoming
Threat Type: Unknown
----------------------------------------
Time: 2025-06-21 02:36:06
Title: בדקות הקרובות צפויות להתקבל התרעות באזורך
Location: להבות חביבה
Oref Category: 14
Status: upcoming
Threat Type: Unknown
----------------------------------------
Time: 2025-06-21 02:36:06
Title: בדקות הקרובות צפויות להתקבל התרעות באזורך
Location: מגל
Oref Category: 14
Status: upcoming
Threat Type: Unknown
----------------------------------------
Time: 2025-06-21 02:36:06
Title: בדקות הקרובות צפויות להתקבל התרעות באזורך
Location: מדרך עוז
Oref Category: 14
Status: upcoming
Threat Type: Unknown
----------------------------------------
Time: 2025-06-21 02:36:06
Title: בדקות הקרובות צפויות להתקבל התרעות באזורך
Location: מייסר
Oref Category: 14
Status: upcoming
Threat Type: Unknown
----------------------------------------
Time: 2025-06-21 02:36:06
Title: בדקות הקרובות צפויות להתקבל התרעות באזורך
Location: מעגן מיכאל
Oref Category: 14
Status: upcoming
Threat Type: Unknown
----------------------------------------
Time: 2025-06-21 02:36:06
Title: בדקות הקרובות צפויות להתקבל התרעות באזורך
Location: מעיין צבי
Oref Category: 14
Status: upcoming
Threat Type: Unknown
----------------------------------------
Time: 2025-06-21 02:36:06
Title: בדקות הקרובות צפויות להתקבל התרעות באזורך
Location: מצר
Oref Category: 14
Status: upcoming
Threat Type: Unknown
----------------------------------------
Time: 2025-06-21 02:36:06
Title: בדקות הקרובות צפויות להתקבל התרעות באזורך
Location: משמר העמק
Oref Category: 14
Status: upcoming
Threat Type: Unknown
----------------------------------------
Time: 2025-06-21 02:36:06
Title: בדקות הקרובות צפויות להתקבל התרעות באזורך
Location: משמרות
Oref Category: 14
Status: upcoming
Threat Type: Unknown
----------------------------------------
Time: 2025-06-21 02:36:06
Title: בדקות הקרובות צפויות להתקבל התרעות באזורך
Location: עין העמק
Oref Category: 14
Status: upcoming
Threat Type: Unknown
----------------------------------------
Time: 2025-06-21 02:36:06
Title: בדקות הקרובות צפויות להתקבל התרעות באזורך
Location: עין השופט
Oref Category: 14
Status: upcoming
Threat Type: Unknown
----------------------------------------
Time: 2025-06-21 02:36:06
Title: בדקות הקרובות צפויות להתקבל התרעות באזורך
Location: עין עירון
Oref Category: 14
Status: upcoming
Threat Type: Unknown
----------------------------------------
Time: 2025-06-21 02:36:06
Title: בדקות הקרובות צפויות להתקבל התרעות באזורך
Location: עין שמר
Oref Category: 14
Status: upcoming
Threat Type: Unknown
----------------------------------------
Time: 2025-06-21 02:36:06
Title: בדקות הקרובות צפויות להתקבל התרעות באזורך
Location: עמיקם
Oref Category: 14
Status: upcoming
Threat Type: Unknown
----------------------------------------
Time: 2025-06-21 02:36:06
Title: בדקות הקרובות צפויות להתקבל התרעות באזורך
Location: עספיא
Oref Category: 14
Status: upcoming
Threat Type: Unknown
----------------------------------------
Time: 2025-06-21 02:36:06
Title: בדקות הקרובות צפויות להתקבל התרעות באזורך
Location: פרדס חנה כרכור
Oref Category: 14
Status: upcoming
Threat Type: Unknown
----------------------------------------
Time: 2025-06-21 02:36:06
Title: בדקות הקרובות צפויות להתקבל התרעות באזורך
Location: קיבוץ מגידו
Oref Category: 14
Status: upcoming
Threat Type: Unknown
----------------------------------------
Time: 2025-06-21 02:36:06
Title: בדקות הקרובות צפויות להתקבל התרעות באזורך
Location: קיסריה
Oref Category: 14
Status: upcoming
Threat Type: Unknown
----------------------------------------
Time: 2025-06-21 02:36:06
Title: בדקות הקרובות צפויות להתקבל התרעות באזורך
Location: רגבים
Oref Category: 14
Status: upcoming
Threat Type: Unknown
----------------------------------------
Time: 2025-06-21 02:36:06
Title: בדקות הקרובות צפויות להתקבל התרעות באזורך
Location: רכסים
Oref Category: 14
Status: upcoming
Threat Type: Unknown
----------------------------------------
Time: 2025-06-21 02:36:06
Title: בדקות הקרובות צפויות להתקבל התרעות באזורך
Location: רמות מנשה
Oref Category: 14
Status: upcoming
Threat Type: Unknown
----------------------------------------
Time: 2025-06-21 02:36:06
Title: בדקות הקרובות צפויות להתקבל התרעות באזורך
Location: רמת השופט
Oref Category: 14
Status: upcoming
Threat Type: Unknown
----------------------------------------
Time: 2025-06-21 02:36:06
Title: בדקות הקרובות צפויות להתקבל התרעות באזורך
Location: שדות ים
Oref Category: 14
Status: upcoming
Threat Type: Unknown
----------------------------------------
Time: 2025-06-21 02:36:06
Title: בדקות הקרובות צפויות להתקבל התרעות באזורך
Location: אום אל פחם
Oref Category: 14
Status: upcoming
Threat Type: Unknown
----------------------------------------
Time: 2025-06-21 02:36:06
Title: בדקות הקרובות צפויות להתקבל התרעות באזורך
Location: אום אל קוטוף
Oref Category: 14
Status: upcoming
Threat Type: Unknown
----------------------------------------
Time: 2025-06-21 02:36:06
Title: בדקות הקרובות צפויות להתקבל התרעות באזורך
Location: אזור תעשייה ניר עציון
Oref Category: 14
Status: upcoming
Threat Type: Unknown
----------------------------------------
Time: 2025-06-21 02:36:06
Title: בדקות הקרובות צפויות להתקבל התרעות באזורך
Location: אל עריאן
Oref Category: 14
Status: upcoming
Threat Type: Unknown
----------------------------------------
Time: 2025-06-21 02:36:06
Title: בדקות הקרובות צפויות להתקבל התרעות באזורך
Location: בית סוהר קישון
Oref Category: 14
Status: upcoming
Threat Type: Unknown
----------------------------------------
Time: 2025-06-21 02:36:06
Title: בדקות הקרובות צפויות להתקבל התרעות באזורך
Location: בית צבי
Oref Category: 14
Status: upcoming
Threat Type: Unknown
----------------------------------------
Time: 2025-06-21 02:36:06
Title: בדקות הקרובות צפויות להתקבל התרעות באזורך
Location: ברטעה
Oref Category: 14
Status: upcoming
Threat Type: Unknown
----------------------------------------
Time: 2025-06-21 02:36:06
Title: בדקות הקרובות צפויות להתקבל התרעות באזורך
Location: ברקאי
Oref Category: 14
Status: upcoming
Threat Type: Unknown
----------------------------------------
Time: 2025-06-21 02:36:06
Title: בדקות הקרובות צפויות להתקבל התרעות באזורך
Location: בת שלמה
Oref Category: 14
Status: upcoming
Threat Type: Unknown
----------------------------------------
Time: 2025-06-21 02:36:06
Title: בדקות הקרובות צפויות להתקבל התרעות באזורך
Location: גבע כרמל
Oref Category: 14
Status: upcoming
Threat Type: Unknown
----------------------------------------
Time: 2025-06-21 02:36:06
Title: בדקות הקרובות צפויות להתקבל התרעות באזורך
Location: גבעת חביבה
Oref Category: 14
Status: upcoming
Threat Type: Unknown
----------------------------------------
Time: 2025-06-21 02:36:06
Title: בדקות הקרובות צפויות להתקבל התרעות באזורך
Location: גבעת עוז
Oref Category: 14
Status: upcoming
Threat Type: Unknown
----------------------------------------
Time: 2025-06-21 02:36:06
Title: בדקות הקרובות צפויות להתקבל התרעות באזורך
Location: דור
Oref Category: 14
Status: upcoming
Threat Type: Unknown
----------------------------------------
Time: 2025-06-21 02:36:06
Title: בדקות הקרובות צפויות להתקבל התרעות באזורך
Location: הבונים
Oref Category: 14
Status: upcoming
Threat Type: Unknown
----------------------------------------
Time: 2025-06-21 02:36:06
Title: בדקות הקרובות צפויות להתקבל התרעות באזורך
Location: חריש
Oref Category: 14
Status: upcoming
Threat Type: Unknown
----------------------------------------
Time: 2025-06-21 02:36:06
Title: בדקות הקרובות צפויות להתקבל התרעות באזורך
Location: כפר הנוער ימין אורד
Oref Category: 14
Status: upcoming
Threat Type: Unknown
----------------------------------------
Time: 2025-06-21 02:36:06
Title: בדקות הקרובות צפויות להתקבל התרעות באזורך
Location: כפר קרע
Oref Category: 14
Status: upcoming
Threat Type: Unknown
----------------------------------------
Time: 2025-06-21 02:36:06
Title: בדקות הקרובות צפויות להתקבל התרעות באזורך
Location: כרם מהר''ל
Oref Category: 14
Status: upcoming
Threat Type: Unknown
----------------------------------------
Time: 2025-06-21 02:36:06
Title: בדקות הקרובות צפויות להתקבל התרעות באזורך
Location: מאור
Oref Category: 14
Status: upcoming
Threat Type: Unknown
----------------------------------------
Time: 2025-06-21 02:36:06
Title: בדקות הקרובות צפויות להתקבל התרעות באזורך
Location: מאיר שפיה
Oref Category: 14
Status: upcoming
Threat Type: Unknown
----------------------------------------
Time: 2025-06-21 02:36:06
Title: בדקות הקרובות צפויות להתקבל התרעות באזורך
Location: מגדים
Oref Category: 14
Status: upcoming
Threat Type: Unknown
----------------------------------------
Time: 2025-06-21 02:36:06
Title: בדקות הקרובות צפויות להתקבל התרעות באזורך
Location: מועאוויה
Oref Category: 14
Status: upcoming
Threat Type: Unknown
----------------------------------------
Time: 2025-06-21 02:36:06
Title: בדקות הקרובות צפויות להתקבל התרעות באזורך
Location: מי עמי
Oref Category: 14
Status: upcoming
Threat Type: Unknown
----------------------------------------
Time: 2025-06-21 02:36:06
Title: בדקות הקרובות צפויות להתקבל התרעות באזורך
Location: מעלה עירון
Oref Category: 14
Status: upcoming
Threat Type: Unknown
----------------------------------------
Time: 2025-06-21 02:36:06
Title: בדקות הקרובות צפויות להתקבל התרעות באזורך
Location: מענית
Oref Category: 14
Status: upcoming
Threat Type: Unknown
----------------------------------------
Time: 2025-06-21 02:36:06
Title: בדקות הקרובות צפויות להתקבל התרעות באזורך
Location: מצפה אילן
Oref Category: 14
Status: upcoming
Threat Type: Unknown
----------------------------------------
Time: 2025-06-21 02:36:06
Title: בדקות הקרובות צפויות להתקבל התרעות באזורך
Location: מרכז מיר''ב
Oref Category: 14
Status: upcoming
Threat Type: Unknown
----------------------------------------
Time: 2025-06-21 02:36:06
Title: בדקות הקרובות צפויות להתקבל התרעות באזורך
Location: מתחם שביל התפוזים
Oref Category: 14
Status: upcoming
Threat Type: Unknown
----------------------------------------
Time: 2025-06-21 02:36:06
Title: בדקות הקרובות צפויות להתקבל התרעות באזורך
Location: נווה ים
Oref Category: 14
Status: upcoming
Threat Type: Unknown
----------------------------------------
Time: 2025-06-21 02:36:06
Title: בדקות הקרובות צפויות להתקבל התרעות באזורך
Location: נחשולים
Oref Category: 14
Status: upcoming
Threat Type: Unknown
----------------------------------------
Time: 2025-06-21 02:36:06
Title: בדקות הקרובות צפויות להתקבל התרעות באזורך
Location: ניר עציון
Oref Category: 14
Status: upcoming
Threat Type: Unknown
----------------------------------------
Time: 2025-06-21 02:36:06
Title: בדקות הקרובות צפויות להתקבל התרעות באזורך
Location: עופר
Oref Category: 14
Status: upcoming
Threat Type: Unknown
----------------------------------------
Time: 2025-06-21 02:36:06
Title: בדקות הקרובות צפויות להתקבל התרעות באזורך
Location: עין איילה
Oref Category: 14
Status: upcoming
Threat Type: Unknown
----------------------------------------
Time: 2025-06-21 02:36:06
Title: בדקות הקרובות צפויות להתקבל התרעות באזורך
Location: עין אל סהלה
Oref Category: 14
Status: upcoming
Threat Type: Unknown
----------------------------------------
Time: 2025-06-21 02:36:06
Title: בדקות הקרובות צפויות להתקבל התרעות באזורך
Location: עין הוד
Oref Category: 14
Status: upcoming
Threat Type: Unknown
----------------------------------------
Time: 2025-06-21 02:36:06
Title: בדקות הקרובות צפויות להתקבל התרעות באזורך
Location: עין חוד
Oref Category: 14
Status: upcoming
Threat Type: Unknown
----------------------------------------
Time: 2025-06-21 02:36:06
Title: בדקות הקרובות צפויות להתקבל התרעות באזורך
Location: עין כרמל
Oref Category: 14
Status: upcoming
Threat Type: Unknown
----------------------------------------
Time: 2025-06-21 02:36:06
Title: בדקות הקרובות צפויות להתקבל התרעות באזורך
Location: ערערה
Oref Category: 14
Status: upcoming
Threat Type: Unknown
----------------------------------------
Time: 2025-06-21 02:36:06
Title: בדקות הקרובות צפויות להתקבל התרעות באזורך
Location: עתלית
Oref Category: 14
Status: upcoming
Threat Type: Unknown
----------------------------------------
Time: 2025-06-21 02:36:06
Title: בדקות הקרובות צפויות להתקבל התרעות באזורך
Location: פוריידיס
Oref Category: 14
Status: upcoming
Threat Type: Unknown
----------------------------------------
Time: 2025-06-21 02:36:06
Title: בדקות הקרובות צפויות להתקבל התרעות באזורך
Location: צומת בנימינה
Oref Category: 14
Status: upcoming
Threat Type: Unknown
----------------------------------------
Time: 2025-06-21 02:36:06
Title: בדקות הקרובות צפויות להתקבל התרעות באזורך
Location: צרופה
Oref Category: 14
Status: upcoming
Threat Type: Unknown
----------------------------------------
Time: 2025-06-21 02:36:06
Title: בדקות הקרובות צפויות להתקבל התרעות באזורך
Location: שדה יצחק
Oref Category: 14
Status: upcoming
Threat Type: Unknown
----------------------------------------
Time: 2025-06-21 02:36:06
Title: בדקות הקרובות צפויות להתקבל התרעות באזורך
Location: שער מנשה
Oref Category: 14
Status: upcoming
Threat Type: Unknown
----------------------------------------
Time: 2025-06-21 02:36:06
Title: בדקות הקרובות צפויות להתקבל התרעות באזורך
Location: תלמי אלעזר
Oref Category: 14
Status: upcoming
Threat Type: Unknown
----------------------------------------
Time: 2025-06-21 02:36:06
Title: בדקות הקרובות צפויות להתקבל התרעות באזורך
Location: אזור תעשייה רגבים
Oref Category: 14
Status: upcoming
Threat Type: Unknown
----------------------------------------
Time: 2025-06-21 02:36:06
Title: בדקות הקרובות צפויות להתקבל התרעות באזורך
Location: בית סוהר מגידו
Oref Category: 14
Status: upcoming
Threat Type: Unknown
----------------------------------------
Time: 2025-06-21 02:36:06
Title: בדקות הקרובות צפויות להתקבל התרעות באזורך
Location: בית ספר אורט בנימינה
Oref Category: 14
Status: upcoming
Threat Type: Unknown
----------------------------------------
Time: 2025-06-21 02:36:06
Title: בדקות הקרובות צפויות להתקבל התרעות באזורך
Location: בית עלמין תל רגב
Oref Category: 14
Status: upcoming
Threat Type: Unknown
----------------------------------------
Time: 2025-06-21 02:36:06
Title: בדקות הקרובות צפויות להתקבל התרעות באזורך
Location: יערות הכרמל
Oref Category: 14
Status: upcoming
Threat Type: Unknown
----------------------------------------
Time: 2025-06-21 02:36:06
Title: בדקות הקרובות צפויות להתקבל התרעות באזורך
Location: כלא דמון
Oref Category: 14
Status: upcoming
Threat Type: Unknown
----------------------------------------
Time: 2025-06-21 02:36:06
Title: בדקות הקרובות צפויות להתקבל התרעות באזורך
Location: מרכז ימי קיסריה
Oref Category: 14
Status: upcoming
Threat Type: Unknown
----------------------------------------
Time: 2025-06-21 02:36:06
Title: בדקות הקרובות צפויות להתקבל התרעות באזורך
Location: קציר
Oref Category: 14
Status: upcoming
Threat Type: Unknown
----------------------------------------
Time: 2025-06-21 02:36:06
Title: בדקות הקרובות צפויות להתקבל התרעות באזורך
Location: רמת הנדיב
Oref Category: 14
Status: upcoming
Threat Type: Unknown
----------------------------------------
Time: 2025-06-21 02:36:05
Title: בדקות הקרובות צפויות להתקבל התרעות באזורך
Location: אזור תעשייה שער נעמן
Oref Category: 14
Status: upcoming
Threat Type: Unknown
----------------------------------------
Time: 2025-06-21 02:36:05
Title: בדקות הקרובות צפויות להתקבל התרעות באזורך
Location: אפק
Oref Category: 14
Status: upcoming
Threat Type: Unknown
----------------------------------------
Time: 2025-06-21 02:36:05
Title: בדקות הקרובות צפויות להתקבל התרעות באזורך
Location: אורנים
Oref Category: 14
Status: upcoming
Threat Type: Unknown
----------------------------------------
Time: 2025-06-21 02:36:05
Title: בדקות הקרובות צפויות להתקבל התרעות באזורך
Location: אלונים
Oref Category: 14
Status: upcoming
Threat Type: Unknown
----------------------------------------
Time: 2025-06-21 02:36:05
Title: בדקות הקרובות צפויות להתקבל התרעות באזורך
Location: בסמת טבעון
Oref Category: 14
Status: upcoming
Threat Type: Unknown
----------------------------------------
Time: 2025-06-21 02:36:05
Title: בדקות הקרובות צפויות להתקבל התרעות באזורך
Location: כפר תקווה
Oref Category: 14
Status: upcoming
Threat Type: Unknown
----------------------------------------
Time: 2025-06-21 02:36:05
Title: בדקות הקרובות צפויות להתקבל התרעות באזורך
Location: נופית
Oref Category: 14
Status: upcoming
Threat Type: Unknown
----------------------------------------
Time: 2025-06-21 02:36:05
Title: בדקות הקרובות צפויות להתקבל התרעות באזורך
Location: קריית טבעון - בית זייד
Oref Category: 14
Status: upcoming
Threat Type: Unknown
----------------------------------------
Time: 2025-06-21 02:36:05
Title: בדקות הקרובות צפויות להתקבל התרעות באזורך
Location: ראס עלי
Oref Category: 14
Status: upcoming
Threat Type: Unknown
----------------------------------------
Time: 2025-06-21 02:36:05
Title: בדקות הקרובות צפויות להתקבל התרעות באזורך
Location: שער העמקים
Oref Category: 14
Status: upcoming
Threat Type: Unknown
----------------------------------------
Time: 2025-06-21 02:36:05
Title: בדקות הקרובות צפויות להתקבל התרעות באזורך
Location: ח'וואלד
Oref Category: 14
Status: upcoming
Threat Type: Unknown
----------------------------------------
Time: 2025-06-21 02:36:05
Title: בדקות הקרובות צפויות להתקבל התרעות באזורך
Location: חוואלד
Oref Category: 14
Status: upcoming
Threat Type: Unknown
----------------------------------------
Time: 2025-06-21 02:36:05
Title: בדקות הקרובות צפויות להתקבל התרעות באזורך
Location: תחנת רכבת כפר יהושוע
Oref Category: 14
Status: upcoming
Threat Type: Unknown
----------------------------------------
Time: 2025-06-21 02:36:05
Title: בדקות הקרובות צפויות להתקבל התרעות באזורך
Location: מצוק עורבים
Oref Category: 14
Status: upcoming
Threat Type: Unknown
----------------------------------------
Time: 2025-06-21 02:36:05
Title: בדקות הקרובות צפויות להתקבל התרעות באזורך
Location: רמת טראמפ
Oref Category: 14
Status: upcoming
Threat Type: Unknown
----------------------------------------
Time: 2025-06-21 02:36:05
Title: בדקות הקרובות צפויות להתקבל התרעות באזורך
Location: חמת גדר
Oref Category: 14
Status: upcoming
Threat Type: Unknown
----------------------------------------
Time: 2025-06-21 02:36:05
Title: בדקות הקרובות צפויות להתקבל התרעות באזורך
Location: אבני איתן
Oref Category: 14
Status: upcoming
Threat Type: Unknown
----------------------------------------
Time: 2025-06-21 02:36:05
Title: בדקות הקרובות צפויות להתקבל התרעות באזורך
Location: אודם
Oref Category: 14
Status: upcoming
Threat Type: Unknown
----------------------------------------
Time: 2025-06-21 02:36:05
Title: בדקות הקרובות צפויות להתקבל התרעות באזורך
Location: אורטל
Oref Category: 14
Status: upcoming
Threat Type: Unknown
----------------------------------------
Time: 2025-06-21 02:36:05
Title: בדקות הקרובות צפויות להתקבל התרעות באזורך
Location: אל רום
Oref Category: 14
Status: upcoming
Threat Type: Unknown
----------------------------------------
Time: 2025-06-21 02:36:05
Title: בדקות הקרובות צפויות להתקבל התרעות באזורך
Location: אלוני הבשן
Oref Category: 14
Status: upcoming
Threat Type: Unknown
----------------------------------------
Time: 2025-06-21 02:36:05
Title: בדקות הקרובות צפויות להתקבל התרעות באזורך
Location: אלי עד
Oref Category: 14
Status: upcoming
Threat Type: Unknown
----------------------------------------
Time: 2025-06-21 02:36:05
Title: בדקות הקרובות צפויות להתקבל התרעות באזורך
Location: אניעם
Oref Category: 14
Status: upcoming
Threat Type: Unknown
----------------------------------------
Time: 2025-06-21 02:36:05
Title: בדקות הקרובות צפויות להתקבל התרעות באזורך
Location: אפיק
Oref Category: 14
Status: upcoming
Threat Type: Unknown
----------------------------------------
Time: 2025-06-21 02:36:05
Title: בדקות הקרובות צפויות להתקבל התרעות באזורך
Location: בוקעתא
Oref Category: 14
Status: upcoming
Threat Type: Unknown
----------------------------------------
Time: 2025-06-21 02:36:05
Title: בדקות הקרובות צפויות להתקבל התרעות באזורך
Location: בני יהודה וגבעת יואב
Oref Category: 14
Status: upcoming
Threat Type: Unknown
----------------------------------------
Time: 2025-06-21 02:36:05
Title: בדקות הקרובות צפויות להתקבל התרעות באזורך
Location: גשור
Oref Category: 14
Status: upcoming
Threat Type: Unknown
----------------------------------------
Time: 2025-06-21 02:36:05
Title: בדקות הקרובות צפויות להתקבל התרעות באזורך
Location: האון
Oref Category: 14
Status: upcoming
Threat Type: Unknown
----------------------------------------
Time: 2025-06-21 02:36:05
Title: בדקות הקרובות צפויות להתקבל התרעות באזורך
Location: חד נס
Oref Category: 14
Status: upcoming
Threat Type: Unknown
----------------------------------------
Time: 2025-06-21 02:36:05
Title: בדקות הקרובות צפויות להתקבל התרעות באזורך
Location: חוף גולן, צאלון
Oref Category: 14
Status: upcoming
Threat Type: Unknown
----------------------------------------
Time: 2025-06-21 02:36:05
Title: בדקות הקרובות צפויות להתקבל התרעות באזורך
Location: חוף גופרה
Oref Category: 14
Status: upcoming
Threat Type: Unknown
----------------------------------------
Time: 2025-06-21 02:36:05
Title: בדקות הקרובות צפויות להתקבל התרעות באזורך
Location: חוף כורסי, לבנון, חלוקים
Oref Category: 14
Status: upcoming
Threat Type: Unknown
----------------------------------------
Time: 2025-06-21 02:36:05
Title: בדקות הקרובות צפויות להתקבל התרעות באזורך
Location: חוף כינר, דוגה, דוגית
Oref Category: 14
Status: upcoming
Threat Type: Unknown
----------------------------------------
Time: 2025-06-21 02:36:05
Title: בדקות הקרובות צפויות להתקבל התרעות באזורך
Location: חוף סוסיתא
Oref Category: 14
Status: upcoming
Threat Type: Unknown
----------------------------------------
Time: 2025-06-21 02:36:05
Title: בדקות הקרובות צפויות להתקבל התרעות באזורך
Location: חספין
Oref Category: 14
Status: upcoming
Threat Type: Unknown
----------------------------------------
Time: 2025-06-21 02:36:05
Title: בדקות הקרובות צפויות להתקבל התרעות באזורך
Location: יונתן
Oref Category: 14
Status: upcoming
Threat Type: Unknown
----------------------------------------
Time: 2025-06-21 02:36:05
Title: בדקות הקרובות צפויות להתקבל התרעות באזורך
Location: כנף
Oref Category: 14
Status: upcoming
Threat Type: Unknown
----------------------------------------
Time: 2025-06-21 02:36:05
Title: בדקות הקרובות צפויות להתקבל התרעות באזורך
Location: כפר חרוב
Oref Category: 14
Status: upcoming
Threat Type: Unknown
----------------------------------------
Time: 2025-06-21 02:36:05
Title: בדקות הקרובות צפויות להתקבל התרעות באזורך
Location: מבוא חמה
Oref Category: 14
Status: upcoming
Threat Type: Unknown
----------------------------------------
Time: 2025-06-21 02:36:05
Title: בדקות הקרובות צפויות להתקבל התרעות באזורך
Location: מג'דל שמס
Oref Category: 14
Status: upcoming
Threat Type: Unknown
----------------------------------------
Time: 2025-06-21 02:36:05
Title: בדקות הקרובות צפויות להתקבל התרעות באזורך
Location: מיצר
Oref Category: 14
Status: upcoming
Threat Type: Unknown
----------------------------------------
Time: 2025-06-21 02:36:05
Title: בדקות הקרובות צפויות להתקבל התרעות באזורך
Location: מלון פרא
Oref Category: 14
Status: upcoming
Threat Type: Unknown
----------------------------------------
Time: 2025-06-21 02:36:05
Title: בדקות הקרובות צפויות להתקבל התרעות באזורך
Location: מסדה
Oref Category: 14
Status: upcoming
Threat Type: Unknown
----------------------------------------
Time: 2025-06-21 02:36:05
Title: בדקות הקרובות צפויות להתקבל התרעות באזורך
Location: מסעדה
Oref Category: 14
Status: upcoming
Threat Type: Unknown
----------------------------------------
Time: 2025-06-21 02:36:05
Title: בדקות הקרובות צפויות להתקבל התרעות באזורך
Location: מעגן
Oref Category: 14
Status: upcoming
Threat Type: Unknown
----------------------------------------
Time: 2025-06-21 02:36:05
Title: בדקות הקרובות צפויות להתקבל התרעות באזורך
Location: מעלה גמלא
Oref Category: 14
Status: upcoming
Threat Type: Unknown
----------------------------------------
Time: 2025-06-21 02:36:05
Title: בדקות הקרובות צפויות להתקבל התרעות באזורך
Location: מרום גולן
Oref Category: 14
Status: upcoming
Threat Type: Unknown
----------------------------------------
Time: 2025-06-21 02:36:05
Title: בדקות הקרובות צפויות להתקבל התרעות באזורך
Location: נאות גולן
Oref Category: 14
Status: upcoming
Threat Type: Unknown
----------------------------------------
Time: 2025-06-21 02:36:05
Title: בדקות הקרובות צפויות להתקבל התרעות באזורך
Location: נוב
Oref Category: 14
Status: upcoming
Threat Type: Unknown
----------------------------------------
Time: 2025-06-21 02:36:05
Title: בדקות הקרובות צפויות להתקבל התרעות באזורך
Location: נווה אטי''ב
Oref Category: 14
Status: upcoming
Threat Type: Unknown
----------------------------------------
Time: 2025-06-21 02:36:05
Title: בדקות הקרובות צפויות להתקבל התרעות באזורך
Location: נטור
Oref Category: 14
Status: upcoming
Threat Type: Unknown
----------------------------------------
Time: 2025-06-21 02:36:05
Title: בדקות הקרובות צפויות להתקבל התרעות באזורך
Location: נמרוד
Oref Category: 14
Status: upcoming
Threat Type: Unknown
----------------------------------------
Time: 2025-06-21 02:36:05
Title: בדקות הקרובות צפויות להתקבל התרעות באזורך
Location: עין גב
Oref Category: 14
Status: upcoming
Threat Type: Unknown
----------------------------------------
Time: 2025-06-21 02:36:05
Title: בדקות הקרובות צפויות להתקבל התרעות באזורך
Location: עין זיוון
Oref Category: 14
Status: upcoming
Threat Type: Unknown
----------------------------------------
Time: 2025-06-21 02:36:05
Title: בדקות הקרובות צפויות להתקבל התרעות באזורך
Location: עין קנייא
Oref Category: 14
Status: upcoming
Threat Type: Unknown
----------------------------------------
Time: 2025-06-21 02:36:05
Title: בדקות הקרובות צפויות להתקבל התרעות באזורך
Location: צמח
Oref Category: 14
Status: upcoming
Threat Type: Unknown
----------------------------------------
Time: 2025-06-21 02:36:05
Title: בדקות הקרובות צפויות להתקבל התרעות באזורך
Location: קדמת צבי
Oref Category: 14
Status: upcoming
Threat Type: Unknown
----------------------------------------
Time: 2025-06-21 02:36:05
Title: בדקות הקרובות צפויות להתקבל התרעות באזורך
Location: קצרין - אזור תעשייה
Oref Category: 14
Status: upcoming
Threat Type: Unknown
----------------------------------------
Time: 2025-06-21 02:36:05
Title: בדקות הקרובות צפויות להתקבל התרעות באזורך
Location: קצרין
Oref Category: 14
Status: upcoming
Threat Type: Unknown
----------------------------------------
Time: 2025-06-21 02:36:05
Title: בדקות הקרובות צפויות להתקבל התרעות באזורך
Location: קשת
Oref Category: 14
Status: upcoming
Threat Type: Unknown
----------------------------------------
Time: 2025-06-21 02:36:05
Title: בדקות הקרובות צפויות להתקבל התרעות באזורך
Location: רמות
Oref Category: 14
Status: upcoming
Threat Type: Unknown
----------------------------------------
Time: 2025-06-21 02:36:05
Title: בדקות הקרובות צפויות להתקבל התרעות באזורך
Location: רמת מגשימים
Oref Category: 14
Status: upcoming
Threat Type: Unknown
----------------------------------------
Time: 2025-06-21 02:36:05
Title: בדקות הקרובות צפויות להתקבל התרעות באזורך
Location: שעל
Oref Category: 14
Status: upcoming
Threat Type: Unknown
----------------------------------------
Time: 2025-06-21 02:36:05
Title: בדקות הקרובות צפויות להתקבל התרעות באזורך
Location: שער הגולן
Oref Category: 14
Status: upcoming
Threat Type: Unknown
----------------------------------------
Time: 2025-06-21 02:36:05
Title: בדקות הקרובות צפויות להתקבל התרעות באזורך
Location: תל קציר
Oref Category: 14
Status: upcoming
Threat Type: Unknown
----------------------------------------
Time: 2025-06-21 02:36:05
Title: בדקות הקרובות צפויות להתקבל התרעות באזורך
Location: אזור תעשייה בני יהודה
Oref Category: 14
Status: upcoming
Threat Type: Unknown
----------------------------------------
Time: 2025-06-21 02:36:05
Title: בדקות הקרובות צפויות להתקבל התרעות באזורך
Location: אזור תעשייה אלון התבור
Oref Category: 14
Status: upcoming
Threat Type: Unknown
----------------------------------------
Time: 2025-06-21 02:36:05
Title: בדקות הקרובות צפויות להתקבל התרעות באזורך
Location: אזור תעשייה בר-לב
Oref Category: 14
Status: upcoming
Threat Type: Unknown
----------------------------------------
Time: 2025-06-21 02:36:05
Title: בדקות הקרובות צפויות להתקבל התרעות באזורך
Location: אזור תעשייה טמרה
Oref Category: 14
Status: upcoming
Threat Type: Unknown
----------------------------------------
Time: 2025-06-21 02:36:05
Title: בדקות הקרובות צפויות להתקבל התרעות באזורך
Location: אחוזת ברק
Oref Category: 14
Status: upcoming
Threat Type: Unknown
----------------------------------------
Time: 2025-06-21 02:36:05
Title: בדקות הקרובות צפויות להתקבל התרעות באזורך
Location: אחיהוד
Oref Category: 14
Status: upcoming
Threat Type: Unknown
----------------------------------------
Time: 2025-06-21 02:36:05
Title: בדקות הקרובות צפויות להתקבל התרעות באזורך
Location: אכסאל
Oref Category: 14
Status: upcoming
Threat Type: Unknown
----------------------------------------
Time: 2025-06-21 02:36:05
Title: בדקות הקרובות צפויות להתקבל התרעות באזורך
Location: אלון הגליל
Oref Category: 14
Status: upcoming
Threat Type: Unknown
----------------------------------------
Time: 2025-06-21 02:36:05
Title: בדקות הקרובות צפויות להתקבל התרעות באזורך
Location: אלוני אבא
Oref Category: 14
Status: upcoming
Threat Type: Unknown
----------------------------------------
Time: 2025-06-21 02:36:05
Title: בדקות הקרובות צפויות להתקבל התרעות באזורך
Location: אעבלין
Oref Category: 14
Status: upcoming
Threat Type: Unknown
----------------------------------------
Time: 2025-06-21 02:36:05
Title: בדקות הקרובות צפויות להתקבל התרעות באזורך
Location: ביר אלמכסור
Oref Category: 14
Status: upcoming
Threat Type: Unknown
----------------------------------------
Time: 2025-06-21 02:36:05
Title: בדקות הקרובות צפויות להתקבל התרעות באזורך
Location: בית לחם הגלילית
Oref Category: 14
Status: upcoming
Threat Type: Unknown
----------------------------------------
Time: 2025-06-21 02:36:05
Title: בדקות הקרובות צפויות להתקבל התרעות באזורך
Location: בית שערים
Oref Category: 14
Status: upcoming
Threat Type: Unknown
----------------------------------------
Time: 2025-06-21 02:36:05
Title: בדקות הקרובות צפויות להתקבל התרעות באזורך
Location: בלפוריה
Oref Category: 14
Status: upcoming
Threat Type: Unknown
----------------------------------------
Time: 2025-06-21 02:36:05
Title: בדקות הקרובות צפויות להתקבל התרעות באזורך
Location: גבעת אלה
Oref Category: 14
Status: upcoming
Threat Type: Unknown
----------------------------------------
Time: 2025-06-21 02:36:05
Title: בדקות הקרובות צפויות להתקבל התרעות באזורך
Location: גבת
Oref Category: 14
Status: upcoming
Threat Type: Unknown
----------------------------------------
Time: 2025-06-21 02:36:05
Title: בדקות הקרובות צפויות להתקבל התרעות באזורך
Location: גניגר
Oref Category: 14
Status: upcoming
Threat Type: Unknown
----------------------------------------
Time: 2025-06-21 02:36:05
Title: בדקות הקרובות צפויות להתקבל התרעות באזורך
Location: דברת
Oref Category: 14
Status: upcoming
Threat Type: Unknown
----------------------------------------
Time: 2025-06-21 02:36:05
Title: בדקות הקרובות צפויות להתקבל התרעות באזורך
Location: דחי
Oref Category: 14
Status: upcoming
Threat Type: Unknown
----------------------------------------
Time: 2025-06-21 02:36:05
Title: בדקות הקרובות צפויות להתקבל התרעות באזורך
Location: דמיידה
Oref Category: 14
Status: upcoming
Threat Type: Unknown
----------------------------------------
Time: 2025-06-21 02:36:05
Title: בדקות הקרובות צפויות להתקבל התרעות באזורך
Location: הושעיה
Oref Category: 14
Status: upcoming
Threat Type: Unknown
----------------------------------------
Time: 2025-06-21 02:36:05
Title: בדקות הקרובות צפויות להתקבל התרעות באזורך
Location: הסוללים
Oref Category: 14
Status: upcoming
Threat Type: Unknown
----------------------------------------
Time: 2025-06-21 02:36:05
Title: בדקות הקרובות צפויות להתקבל התרעות באזורך
Location: הרדוף
Oref Category: 14
Status: upcoming
Threat Type: Unknown
----------------------------------------
Time: 2025-06-21 02:36:05
Title: בדקות הקרובות צפויות להתקבל התרעות באזורך
Location: זרזיר
Oref Category: 14
Status: upcoming
Threat Type: Unknown
----------------------------------------
Time: 2025-06-21 02:36:05
Title: בדקות הקרובות צפויות להתקבל התרעות באזורך
Location: חג'אג'רה
Oref Category: 14
Status: upcoming
Threat Type: Unknown
----------------------------------------
Time: 2025-06-21 02:36:05
Title: בדקות הקרובות צפויות להתקבל התרעות באזורך
Location: חנתון
Oref Category: 14
Status: upcoming
Threat Type: Unknown
----------------------------------------
Time: 2025-06-21 02:36:05
Title: בדקות הקרובות צפויות להתקבל התרעות באזורך
Location: טבריה
Oref Category: 14
Status: upcoming
Threat Type: Unknown
----------------------------------------
Time: 2025-06-21 02:36:05
Title: בדקות הקרובות צפויות להתקבל התרעות באזורך
Location: טמרה בגלבוע
Oref Category: 14
Status: upcoming
Threat Type: Unknown
----------------------------------------
Time: 2025-06-21 02:36:05
Title: בדקות הקרובות צפויות להתקבל התרעות באזורך
Location: טמרה
Oref Category: 14
Status: upcoming
Threat Type: Unknown
----------------------------------------
Time: 2025-06-21 02:36:05
Title: בדקות הקרובות צפויות להתקבל התרעות באזורך
Location: יובלים
Oref Category: 14
Status: upcoming
Threat Type: Unknown
----------------------------------------
Time: 2025-06-21 02:36:05
Title: בדקות הקרובות צפויות להתקבל התרעות באזורך
Location: יודפת
Oref Category: 14
Status: upcoming
Threat Type: Unknown
----------------------------------------
Time: 2025-06-21 02:36:05
Title: בדקות הקרובות צפויות להתקבל התרעות באזורך
Location: יסעור
Oref Category: 14
Status: upcoming
Threat Type: Unknown
----------------------------------------
Time: 2025-06-21 02:36:05
Title: בדקות הקרובות צפויות להתקבל התרעות באזורך
Location: יעד
Oref Category: 14
Status: upcoming
Threat Type: Unknown
----------------------------------------
Time: 2025-06-21 02:36:05
Title: בדקות הקרובות צפויות להתקבל התרעות באזורך
Location: יפיע
Oref Category: 14
Status: upcoming
Threat Type: Unknown
----------------------------------------
Time: 2025-06-21 02:36:05
Title: בדקות הקרובות צפויות להתקבל התרעות באזורך
Location: יפעת
Oref Category: 14
Status: upcoming
Threat Type: Unknown
----------------------------------------
Time: 2025-06-21 02:36:05
Title: בדקות הקרובות צפויות להתקבל התרעות באזורך
Location: כאבול
Oref Category: 14
Status: upcoming
Threat Type: Unknown
----------------------------------------
Time: 2025-06-21 02:36:05
Title: בדקות הקרובות צפויות להתקבל התרעות באזורך
Location: כאוכב אבו אלהיג'א
Oref Category: 14
Status: upcoming
Threat Type: Unknown
----------------------------------------
Time: 2025-06-21 02:36:05
Title: בדקות הקרובות צפויות להתקבל התרעות באזורך
Location: כעביה טבאש
Oref Category: 14
Status: upcoming
Threat Type: Unknown
----------------------------------------
Time: 2025-06-21 02:36:05
Title: בדקות הקרובות צפויות להתקבל התרעות באזורך
Location: כעביה
Oref Category: 14
Status: upcoming
Threat Type: Unknown
----------------------------------------
Time: 2025-06-21 02:36:05
Title: בדקות הקרובות צפויות להתקבל התרעות באזורך
Location: כפר גדעון
Oref Category: 14
Status: upcoming
Threat Type: Unknown
----------------------------------------
Time: 2025-06-21 02:36:05
Title: בדקות הקרובות צפויות להתקבל התרעות באזורך
Location: כפר החורש
Oref Category: 14
Status: upcoming
Threat Type: Unknown
----------------------------------------
Time: 2025-06-21 02:36:05
Title: בדקות הקרובות צפויות להתקבל התרעות באזורך
Location: כפר טבאש
Oref Category: 14
Status: upcoming
Threat Type: Unknown
----------------------------------------
Time: 2025-06-21 02:36:05
Title: בדקות הקרובות צפויות להתקבל התרעות באזורך
Location: כפר יהושע
Oref Category: 14
Status: upcoming
Threat Type: Unknown
----------------------------------------
Time: 2025-06-21 02:36:05
Title: בדקות הקרובות צפויות להתקבל התרעות באזורך
Location: כפר כנא
Oref Category: 14
Status: upcoming
Threat Type: Unknown
----------------------------------------
Time: 2025-06-21 02:36:05
Title: בדקות הקרובות צפויות להתקבל התרעות באזורך
Location: כפר מנדא
Oref Category: 14
Status: upcoming
Threat Type: Unknown
----------------------------------------
Time: 2025-06-21 02:36:05
Title: בדקות הקרובות צפויות להתקבל התרעות באזורך
Location: כפר נהר הירדן
Oref Category: 14
Status: upcoming
Threat Type: Unknown
----------------------------------------
Time: 2025-06-21 02:36:05
Title: בדקות הקרובות צפויות להתקבל התרעות באזורך
Location: מגדל העמק
Oref Category: 14
Status: upcoming
Threat Type: Unknown
----------------------------------------
Time: 2025-06-21 02:36:05
Title: בדקות הקרובות צפויות להתקבל התרעות באזורך
Location: מורשת
Oref Category: 14
Status: upcoming
Threat Type: Unknown
----------------------------------------
Time: 2025-06-21 02:36:05
Title: בדקות הקרובות צפויות להתקבל התרעות באזורך
Location: מזרע
Oref Category: 14
Status: upcoming
Threat Type: Unknown
----------------------------------------
Time: 2025-06-21 02:36:05
Title: בדקות הקרובות צפויות להתקבל התרעות באזורך
Location: מנוף
Oref Category: 14
Status: upcoming
Threat Type: Unknown
----------------------------------------
Time: 2025-06-21 02:36:05
Title: בדקות הקרובות צפויות להתקבל התרעות באזורך
Location: מנשית זבדה
Oref Category: 14
Status: upcoming
Threat Type: Unknown
----------------------------------------
Time: 2025-06-21 02:36:05
Title: בדקות הקרובות צפויות להתקבל התרעות באזורך
Location: מצפה אבי''ב
Oref Category: 14
Status: upcoming
Threat Type: Unknown
----------------------------------------
Time: 2025-06-21 02:36:05
Title: בדקות הקרובות צפויות להתקבל התרעות באזורך
Location: מצפה
Oref Category: 14
Status: upcoming
Threat Type: Unknown
----------------------------------------
Time: 2025-06-21 02:36:05
Title: בדקות הקרובות צפויות להתקבל התרעות באזורך
Location: מרחביה מושב
Oref Category: 14
Status: upcoming
Threat Type: Unknown
----------------------------------------
Time: 2025-06-21 02:36:05
Title: בדקות הקרובות צפויות להתקבל התרעות באזורך
Location: מרחביה קיבוץ
Oref Category: 14
Status: upcoming
Threat Type: Unknown
----------------------------------------
Time: 2025-06-21 02:36:05
Title: בדקות הקרובות צפויות להתקבל התרעות באזורך
Location: מרכז אזורי משגב
Oref Category: 14
Status: upcoming
Threat Type: Unknown
----------------------------------------
Time: 2025-06-21 02:36:05
Title: בדקות הקרובות צפויות להתקבל התרעות באזורך
Location: משהד
Oref Category: 14
Status: upcoming
Threat Type: Unknown
----------------------------------------
Time: 2025-06-21 02:36:05
Title: בדקות הקרובות צפויות להתקבל התרעות באזורך
Location: נאעורה
Oref Category: 14
Status: upcoming
Threat Type: Unknown
----------------------------------------
Time: 2025-06-21 02:36:05
Title: בדקות הקרובות צפויות להתקבל התרעות באזורך
Location: נהלל
Oref Category: 14
Status: upcoming
Threat Type: Unknown
----------------------------------------
Time: 2025-06-21 02:36:05
Title: בדקות הקרובות צפויות להתקבל התרעות באזורך
Location: נוף הגליל
Oref Category: 14
Status: upcoming
Threat Type: Unknown
----------------------------------------
Time: 2025-06-21 02:36:05
Title: בדקות הקרובות צפויות להתקבל התרעות באזורך
Location: נין
Oref Category: 14
Status: upcoming
Threat Type: Unknown
----------------------------------------
Time: 2025-06-21 02:36:05
Title: בדקות הקרובות צפויות להתקבל התרעות באזורך
Location: נצרת
Oref Category: 14
Status: upcoming
Threat Type: Unknown
----------------------------------------
Time: 2025-06-21 02:36:05
Title: בדקות הקרובות צפויות להתקבל התרעות באזורך
Location: סולם
Oref Category: 14
Status: upcoming
Threat Type: Unknown
----------------------------------------
Time: 2025-06-21 02:36:05
Title: בדקות הקרובות צפויות להתקבל התרעות באזורך
Location: עדי
Oref Category: 14
Status: upcoming
Threat Type: Unknown
----------------------------------------
Time: 2025-06-21 02:36:05
Title: בדקות הקרובות צפויות להתקבל התרעות באזורך
Location: עילוט
Oref Category: 14
Status: upcoming
Threat Type: Unknown
----------------------------------------
Time: 2025-06-21 02:36:05
Title: בדקות הקרובות צפויות להתקבל התרעות באזורך
Location: עין מאהל
Oref Category: 14
Status: upcoming
Threat Type: Unknown
----------------------------------------
Time: 2025-06-21 02:36:05
Title: בדקות הקרובות צפויות להתקבל התרעות באזורך
Location: עפולה
Oref Category: 14
Status: upcoming
Threat Type: Unknown
----------------------------------------
Time: 2025-06-21 02:36:05
Title: בדקות הקרובות צפויות להתקבל התרעות באזורך
Location: עצמון - שגב
Oref Category: 14
Status: upcoming
Threat Type: Unknown
----------------------------------------
Time: 2025-06-21 02:36:05
Title: בדקות הקרובות צפויות להתקבל התרעות באזורך
Location: ערב אל נעים
Oref Category: 14
Status: upcoming
Threat Type: Unknown
----------------------------------------
Time: 2025-06-21 02:36:05
Title: בדקות הקרובות צפויות להתקבל התרעות באזורך
Location: ציפורי
Oref Category: 14
Status: upcoming
Threat Type: Unknown
----------------------------------------
Time: 2025-06-21 02:36:05
Title: בדקות הקרובות צפויות להתקבל התרעות באזורך
Location: קורנית
Oref Category: 14
Status: upcoming
Threat Type: Unknown
----------------------------------------
Time: 2025-06-21 02:36:05
Title: בדקות הקרובות צפויות להתקבל התרעות באזורך
Location: ריינה
Oref Category: 14
Status: upcoming
Threat Type: Unknown
----------------------------------------
Time: 2025-06-21 02:36:05
Title: בדקות הקרובות צפויות להתקבל התרעות באזורך
Location: רמת דוד
Oref Category: 14
Status: upcoming
Threat Type: Unknown
----------------------------------------
Time: 2025-06-21 02:36:05
Title: בדקות הקרובות צפויות להתקבל התרעות באזורך
Location: רמת ישי
Oref Category: 14
Status: upcoming
Threat Type: Unknown
----------------------------------------
Time: 2025-06-21 02:36:05
Title: בדקות הקרובות צפויות להתקבל התרעות באזורך
Location: רמת צבי
Oref Category: 14
Status: upcoming
Threat Type: Unknown
----------------------------------------
Time: 2025-06-21 02:36:05
Title: בדקות הקרובות צפויות להתקבל התרעות באזורך
Location: רקפת
Oref Category: 14
Status: upcoming
Threat Type: Unknown
----------------------------------------
Time: 2025-06-21 02:36:05
Title: בדקות הקרובות צפויות להתקבל התרעות באזורך
Location: שדה יעקב
Oref Category: 14
Status: upcoming
Threat Type: Unknown
----------------------------------------
Time: 2025-06-21 02:36:05
Title: בדקות הקרובות צפויות להתקבל התרעות באזורך
Location: שורשים
Oref Category: 14
Status: upcoming
Threat Type: Unknown
----------------------------------------
Time: 2025-06-21 02:36:05
Title: בדקות הקרובות צפויות להתקבל התרעות באזורך
Location: שכניה
Oref Category: 14
Status: upcoming
Threat Type: Unknown
----------------------------------------
Time: 2025-06-21 02:36:05
Title: בדקות הקרובות צפויות להתקבל התרעות באזורך
Location: שמשית
Oref Category: 14
Status: upcoming
Threat Type: Unknown
----------------------------------------
Time: 2025-06-21 02:36:05
Title: בדקות הקרובות צפויות להתקבל התרעות באזורך
Location: שעב
Oref Category: 14
Status: upcoming
Threat Type: Unknown
----------------------------------------
Time: 2025-06-21 02:36:05
Title: בדקות הקרובות צפויות להתקבל התרעות באזורך
Location: שפרעם
Oref Category: 14
Status: upcoming
Threat Type: Unknown
----------------------------------------
Time: 2025-06-21 02:36:05
Title: בדקות הקרובות צפויות להתקבל התרעות באזורך
Location: שריד
Oref Category: 14
Status: upcoming
Threat Type: Unknown
----------------------------------------
Time: 2025-06-21 02:36:05
Title: בדקות הקרובות צפויות להתקבל התרעות באזורך
Location: תל עדשים
Oref Category: 14
Status: upcoming
Threat Type: Unknown
----------------------------------------
Time: 2025-06-21 02:36:05
Title: בדקות הקרובות צפויות להתקבל התרעות באזורך
Location: תמרת
Oref Category: 14
Status: upcoming
Threat Type: Unknown
----------------------------------------
Time: 2025-06-21 02:36:05
Title: בדקות הקרובות צפויות להתקבל התרעות באזורך
Location: אבטליון
Oref Category: 14
Status: upcoming
Threat Type: Unknown
----------------------------------------
Time: 2025-06-21 02:36:05
Title: בדקות הקרובות צפויות להתקבל התרעות באזורך
Location: אזור תעשייה קדמת גליל
Oref Category: 14
Status: upcoming
Threat Type: Unknown
----------------------------------------
Time: 2025-06-21 02:36:05
Title: בדקות הקרובות צפויות להתקבל התרעות באזורך
Location: אזור תעשייה תרדיון
Oref Category: 14
Status: upcoming
Threat Type: Unknown
----------------------------------------
Time: 2025-06-21 02:36:05
Title: בדקות הקרובות צפויות להתקבל התרעות באזורך
Location: אילניה
Oref Category: 14
Status: upcoming
Threat Type: Unknown
----------------------------------------
Time: 2025-06-21 02:36:05
Title: בדקות הקרובות צפויות להתקבל התרעות באזורך
Location: אלומות
Oref Category: 14
Status: upcoming
Threat Type: Unknown
----------------------------------------
Time: 2025-06-21 02:36:05
Title: בדקות הקרובות צפויות להתקבל התרעות באזורך
Location: אפיקים
Oref Category: 14
Status: upcoming
Threat Type: Unknown
----------------------------------------
Time: 2025-06-21 02:36:05
Title: בדקות הקרובות צפויות להתקבל התרעות באזורך
Location: ארבל
Oref Category: 14
Status: upcoming
Threat Type: Unknown
----------------------------------------
Time: 2025-06-21 02:36:05
Title: בדקות הקרובות צפויות להתקבל התרעות באזורך
Location: אשבל
Oref Category: 14
Status: upcoming
Threat Type: Unknown
----------------------------------------
Time: 2025-06-21 02:36:05
Title: בדקות הקרובות צפויות להתקבל התרעות באזורך
Location: אשדות יעקב
Oref Category: 14
Status: upcoming
Threat Type: Unknown
----------------------------------------
Time: 2025-06-21 02:36:05
Title: בדקות הקרובות צפויות להתקבל התרעות באזורך
Location: אשחר
Oref Category: 14
Status: upcoming
Threat Type: Unknown
----------------------------------------
Time: 2025-06-21 02:36:05
Title: בדקות הקרובות צפויות להתקבל התרעות באזורך
Location: אתר ההנצחה גולני
Oref Category: 14
Status: upcoming
Threat Type: Unknown
----------------------------------------
Time: 2025-06-21 02:36:05
Title: בדקות הקרובות צפויות להתקבל התרעות באזורך
Location: בועיינה-נוג'ידאת
Oref Category: 14
Status: upcoming
Threat Type: Unknown
----------------------------------------
Time: 2025-06-21 02:36:05
Title: בדקות הקרובות צפויות להתקבל התרעות באזורך
Location: בית זרע
Oref Category: 14
Status: upcoming
Threat Type: Unknown
----------------------------------------
Time: 2025-06-21 02:36:05
Title: בדקות הקרובות צפויות להתקבל התרעות באזורך
Location: בית ירח
Oref Category: 14
Status: upcoming
Threat Type: Unknown
----------------------------------------
Time: 2025-06-21 02:36:05
Title: בדקות הקרובות צפויות להתקבל התרעות באזורך
Location: בית סוהר צלמון
Oref Category: 14
Status: upcoming
Threat Type: Unknown
----------------------------------------
Time: 2025-06-21 02:36:05
Title: בדקות הקרובות צפויות להתקבל התרעות באזורך
Location: בית קשת
Oref Category: 14
Status: upcoming
Threat Type: Unknown
----------------------------------------
Time: 2025-06-21 02:36:05
Title: בדקות הקרובות צפויות להתקבל התרעות באזורך
Location: בית רימון
Oref Category: 14
Status: upcoming
Threat Type: Unknown
----------------------------------------
Time: 2025-06-21 02:36:05
Title: בדקות הקרובות צפויות להתקבל התרעות באזורך
Location: גבעת אבני
Oref Category: 14
Status: upcoming
Threat Type: Unknown
----------------------------------------
Time: 2025-06-21 02:36:05
Title: בדקות הקרובות צפויות להתקבל התרעות באזורך
Location: גדעונה
Oref Category: 14
Status: upcoming
Threat Type: Unknown
----------------------------------------
Time: 2025-06-21 02:36:05
Title: בדקות הקרובות צפויות להתקבל התרעות באזורך
Location: גזית
Oref Category: 14
Status: upcoming
Threat Type: Unknown
----------------------------------------
Time: 2025-06-21 02:36:05
Title: בדקות הקרובות צפויות להתקבל התרעות באזורך
Location: גינוסר
Oref Category: 14
Status: upcoming
Threat Type: Unknown
----------------------------------------
Time: 2025-06-21 02:36:05
Title: בדקות הקרובות צפויות להתקבל התרעות באזורך
Location: גן נר
Oref Category: 14
Status: upcoming
Threat Type: Unknown
----------------------------------------
Time: 2025-06-21 02:36:05
Title: בדקות הקרובות צפויות להתקבל התרעות באזורך
Location: דבוריה
Oref Category: 14
Status: upcoming
Threat Type: Unknown
----------------------------------------
Time: 2025-06-21 02:36:05
Title: בדקות הקרובות צפויות להתקבל התרעות באזורך
Location: דגניה א
Oref Category: 14
Status: upcoming
Threat Type: Unknown
----------------------------------------
Time: 2025-06-21 02:36:05
Title: בדקות הקרובות צפויות להתקבל התרעות באזורך
Location: דגניה ב
Oref Category: 14
Status: upcoming
Threat Type: Unknown
----------------------------------------
Time: 2025-06-21 02:36:05
Title: בדקות הקרובות צפויות להתקבל התרעות באזורך
Location: דיר חנא
Oref Category: 14
Status: upcoming
Threat Type: Unknown
----------------------------------------
Time: 2025-06-21 02:36:05
Title: בדקות הקרובות צפויות להתקבל התרעות באזורך
Location: הודיות
Oref Category: 14
Status: upcoming
Threat Type: Unknown
----------------------------------------
Time: 2025-06-21 02:36:05
Title: בדקות הקרובות צפויות להתקבל התרעות באזורך
Location: הזורעים
Oref Category: 14
Status: upcoming
Threat Type: Unknown
----------------------------------------
Time: 2025-06-21 02:36:05
Title: בדקות הקרובות צפויות להתקבל התרעות באזורך
Location: היוגב
Oref Category: 14
Status: upcoming
Threat Type: Unknown
----------------------------------------
Time: 2025-06-21 02:36:05
Title: בדקות הקרובות צפויות להתקבל התרעות באזורך
Location: הררית יחד
Oref Category: 14
Status: upcoming
Threat Type: Unknown
----------------------------------------
Time: 2025-06-21 02:36:05
Title: בדקות הקרובות צפויות להתקבל התרעות באזורך
Location: ואדי אל חמאם
Oref Category: 14
Status: upcoming
Threat Type: Unknown
----------------------------------------
Time: 2025-06-21 02:36:05
Title: בדקות הקרובות צפויות להתקבל התרעות באזורך
Location: חוסנייה
Oref Category: 14
Status: upcoming
Threat Type: Unknown
----------------------------------------
Time: 2025-06-21 02:36:05
Title: בדקות הקרובות צפויות להתקבל התרעות באזורך
Location: חוקוק
Oref Category: 14
Status: upcoming
Threat Type: Unknown
----------------------------------------
Time: 2025-06-21 02:36:05
Title: בדקות הקרובות צפויות להתקבל התרעות באזורך
Location: חזון
Oref Category: 14
Status: upcoming
Threat Type: Unknown
----------------------------------------
Time: 2025-06-21 02:36:05
Title: בדקות הקרובות צפויות להתקבל התרעות באזורך
Location: טבחה
Oref Category: 14
Status: upcoming
Threat Type: Unknown
----------------------------------------
Time: 2025-06-21 02:36:05
Title: בדקות הקרובות צפויות להתקבל התרעות באזורך
Location: טורעאן
Oref Category: 14
Status: upcoming
Threat Type: Unknown
----------------------------------------
Time: 2025-06-21 02:36:05
Title: בדקות הקרובות צפויות להתקבל התרעות באזורך
Location: טפחות
Oref Category: 14
Status: upcoming
Threat Type: Unknown
----------------------------------------
Time: 2025-06-21 02:36:05
Title: בדקות הקרובות צפויות להתקבל התרעות באזורך
Location: יבנאל
Oref Category: 14
Status: upcoming
Threat Type: Unknown
----------------------------------------
Time: 2025-06-21 02:36:05
Title: בדקות הקרובות צפויות להתקבל התרעות באזורך
Location: יזרעאל
Oref Category: 14
Status: upcoming
Threat Type: Unknown
----------------------------------------
Time: 2025-06-21 02:36:05
Title: בדקות הקרובות צפויות להתקבל התרעות באזורך
Location: ישובי אומן
Oref Category: 14
Status: upcoming
Threat Type: Unknown
----------------------------------------
Time: 2025-06-21 02:36:05
Title: בדקות הקרובות צפויות להתקבל התרעות באזורך
Location: ישובי יעל
Oref Category: 14
Status: upcoming
Threat Type: Unknown
----------------------------------------
Time: 2025-06-21 02:36:05
Title: בדקות הקרובות צפויות להתקבל התרעות באזורך
Location: כדורי
Oref Category: 14
Status: upcoming
Threat Type: Unknown
----------------------------------------
Time: 2025-06-21 02:36:05
Title: בדקות הקרובות צפויות להתקבל התרעות באזורך
Location: כחל
Oref Category: 14
Status: upcoming
Threat Type: Unknown
----------------------------------------
Time: 2025-06-21 02:36:05
Title: בדקות הקרובות צפויות להתקבל התרעות באזורך
Location: כינרת מושבה
Oref Category: 14
Status: upcoming
Threat Type: Unknown
----------------------------------------
Time: 2025-06-21 02:36:05
Title: בדקות הקרובות צפויות להתקבל התרעות באזורך
Location: כינרת קבוצה
Oref Category: 14
Status: upcoming
Threat Type: Unknown
----------------------------------------
Time: 2025-06-21 02:36:05
Title: בדקות הקרובות צפויות להתקבל התרעות באזורך
Location: כלנית
Oref Category: 14
Status: upcoming
Threat Type: Unknown
----------------------------------------
Time: 2025-06-21 02:36:05
Title: בדקות הקרובות צפויות להתקבל התרעות באזורך
Location: כמון
Oref Category: 14
Status: upcoming
Threat Type: Unknown
----------------------------------------
Time: 2025-06-21 02:36:05
Title: בדקות הקרובות צפויות להתקבל התרעות באזורך
Location: כפר ברוך
Oref Category: 14
Status: upcoming
Threat Type: Unknown
----------------------------------------
Time: 2025-06-21 02:36:05
Title: בדקות הקרובות צפויות להתקבל התרעות באזורך
Location: כפר זיתים
Oref Category: 14
Status: upcoming
Threat Type: Unknown
----------------------------------------
Time: 2025-06-21 02:36:05
Title: בדקות הקרובות צפויות להתקבל התרעות באזורך
Location: כפר חיטים
Oref Category: 14
Status: upcoming
Threat Type: Unknown
----------------------------------------
Time: 2025-06-21 02:36:05
Title: בדקות הקרובות צפויות להתקבל התרעות באזורך
Location: כפר חנניה
Oref Category: 14
Status: upcoming
Threat Type: Unknown
----------------------------------------
Time: 2025-06-21 02:36:05
Title: בדקות הקרובות צפויות להתקבל התרעות באזורך
Location: כפר יחזקאל
Oref Category: 14
Status: upcoming
Threat Type: Unknown
----------------------------------------
Time: 2025-06-21 02:36:05
Title: בדקות הקרובות צפויות להתקבל התרעות באזורך
Location: כפר כמא
Oref Category: 14
Status: upcoming
Threat Type: Unknown
----------------------------------------
Time: 2025-06-21 02:36:05
Title: בדקות הקרובות צפויות להתקבל התרעות באזורך
Location: כפר מצר
Oref Category: 14
Status: upcoming
Threat Type: Unknown
----------------------------------------
Time: 2025-06-21 02:36:05
Title: בדקות הקרובות צפויות להתקבל התרעות באזורך
Location: כפר קיש
Oref Category: 14
Status: upcoming
Threat Type: Unknown
----------------------------------------
Time: 2025-06-21 02:36:05
Title: בדקות הקרובות צפויות להתקבל התרעות באזורך
Location: כפר תבור
Oref Category: 14
Status: upcoming
Threat Type: Unknown
----------------------------------------
Time: 2025-06-21 02:36:05
Title: בדקות הקרובות צפויות להתקבל התרעות באזורך
Location: לביא
Oref Category: 14
Status: upcoming
Threat Type: Unknown
----------------------------------------
Time: 2025-06-21 02:36:05
Title: בדקות הקרובות צפויות להתקבל התרעות באזורך
Location: לבנים
Oref Category: 14
Status: upcoming
Threat Type: Unknown
----------------------------------------
Time: 2025-06-21 02:36:05
Title: בדקות הקרובות צפויות להתקבל התרעות באזורך
Location: לוטם וחמדון
Oref Category: 14
Status: upcoming
Threat Type: Unknown
----------------------------------------
Time: 2025-06-21 02:36:05
Title: בדקות הקרובות צפויות להתקבל התרעות באזורך
Location: מגדל
Oref Category: 14
Status: upcoming
Threat Type: Unknown
----------------------------------------
Time: 2025-06-21 02:36:05
Title: בדקות הקרובות צפויות להתקבל התרעות באזורך
Location: מגן שאול
Oref Category: 14
Status: upcoming
Threat Type: Unknown
----------------------------------------
Time: 2025-06-21 02:36:05
Title: בדקות הקרובות צפויות להתקבל התרעות באזורך
Location: מוקיבלה
Oref Category: 14
Status: upcoming
Threat Type: Unknown
----------------------------------------
Time: 2025-06-21 02:36:05
Title: בדקות הקרובות צפויות להתקבל התרעות באזורך
Location: מורן
Oref Category: 14
Status: upcoming
Threat Type: Unknown
----------------------------------------
Time: 2025-06-21 02:36:05
Title: בדקות הקרובות צפויות להתקבל התרעות באזורך
Location: מכמנים
Oref Category: 14
Status: upcoming
Threat Type: Unknown
----------------------------------------
Time: 2025-06-21 02:36:05
Title: בדקות הקרובות צפויות להתקבל התרעות באזורך
Location: מסד
Oref Category: 14
Status: upcoming
Threat Type: Unknown
----------------------------------------
Time: 2025-06-21 02:36:05
Title: בדקות הקרובות צפויות להתקבל התרעות באזורך
Location: מע'אר
Oref Category: 14
Status: upcoming
Threat Type: Unknown
----------------------------------------
Time: 2025-06-21 02:36:05
Title: בדקות הקרובות צפויות להתקבל התרעות באזורך
Location: מעלה צביה
Oref Category: 14
Status: upcoming
Threat Type: Unknown
----------------------------------------
Time: 2025-06-21 02:36:05
Title: בדקות הקרובות צפויות להתקבל התרעות באזורך
Location: מצפה נטופה
Oref Category: 14
Status: upcoming
Threat Type: Unknown
----------------------------------------
Time: 2025-06-21 02:36:05
Title: בדקות הקרובות צפויות להתקבל התרעות באזורך
Location: מרכז חבר
Oref Category: 14
Status: upcoming
Threat Type: Unknown
----------------------------------------
Time: 2025-06-21 02:36:05
Title: בדקות הקרובות צפויות להתקבל התרעות באזורך
Location: מתחם סקי גלבוע
Oref Category: 14
Status: upcoming
Threat Type: Unknown
----------------------------------------
Time: 2025-06-21 02:36:05
Title: בדקות הקרובות צפויות להתקבל התרעות באזורך
Location: נבי שועייב
Oref Category: 14
Status: upcoming
Threat Type: Unknown
----------------------------------------
Time: 2025-06-21 02:36:05
Title: בדקות הקרובות צפויות להתקבל התרעות באזורך
Location: נורית
Oref Category: 14
Status: upcoming
Threat Type: Unknown
----------------------------------------
Time: 2025-06-21 02:36:05
Title: בדקות הקרובות צפויות להתקבל התרעות באזורך
Location: סכנין
Oref Category: 14
Status: upcoming
Threat Type: Unknown
----------------------------------------
Time: 2025-06-21 02:36:05
Title: בדקות הקרובות צפויות להתקבל התרעות באזורך
Location: סלמה
Oref Category: 14
Status: upcoming
Threat Type: Unknown
----------------------------------------
Time: 2025-06-21 02:36:05
Title: בדקות הקרובות צפויות להתקבל התרעות באזורך
Location: סנדלה
Oref Category: 14
Status: upcoming
Threat Type: Unknown
----------------------------------------
Time: 2025-06-21 02:36:05
Title: בדקות הקרובות צפויות להתקבל התרעות באזורך
Location: עוזייר
Oref Category: 14
Status: upcoming
Threat Type: Unknown
----------------------------------------
Time: 2025-06-21 02:36:05
Title: בדקות הקרובות צפויות להתקבל התרעות באזורך
Location: עילבון
Oref Category: 14
Status: upcoming
Threat Type: Unknown
----------------------------------------
Time: 2025-06-21 02:36:05
Title: בדקות הקרובות צפויות להתקבל התרעות באזורך
Location: עין דור
Oref Category: 14
Status: upcoming
Threat Type: Unknown
----------------------------------------
Time: 2025-06-21 02:36:05
Title: בדקות הקרובות צפויות להתקבל התרעות באזורך
Location: עין חרוד
Oref Category: 14
Status: upcoming
Threat Type: Unknown
----------------------------------------
Time: 2025-06-21 02:36:05
Title: בדקות הקרובות צפויות להתקבל התרעות באזורך
Location: עינבר
Oref Category: 14
Status: upcoming
Threat Type: Unknown
----------------------------------------
Time: 2025-06-21 02:36:05
Title: בדקות הקרובות צפויות להתקבל התרעות באזורך
Location: עראבה
Oref Category: 14
Status: upcoming
Threat Type: Unknown
----------------------------------------
Time: 2025-06-21 02:36:05
Title: בדקות הקרובות צפויות להתקבל התרעות באזורך
Location: פוריה כפר עבודה
Oref Category: 14
Status: upcoming
Threat Type: Unknown
----------------------------------------
Time: 2025-06-21 02:36:05
Title: בדקות הקרובות צפויות להתקבל התרעות באזורך
Location: פוריה נווה עובד
Oref Category: 14
Status: upcoming
Threat Type: Unknown
----------------------------------------
Time: 2025-06-21 02:36:05
Title: בדקות הקרובות צפויות להתקבל התרעות באזורך
Location: פוריה עילית
Oref Category: 14
Status: upcoming
Threat Type: Unknown
----------------------------------------
Time: 2025-06-21 02:36:05
Title: בדקות הקרובות צפויות להתקבל התרעות באזורך
Location: קבוצת גבע
Oref Category: 14
Status: upcoming
Threat Type: Unknown
----------------------------------------
Time: 2025-06-21 02:36:05
Title: בדקות הקרובות צפויות להתקבל התרעות באזורך
Location: קדרים
Oref Category: 14
Status: upcoming
Threat Type: Unknown
----------------------------------------
Time: 2025-06-21 02:36:05
Title: בדקות הקרובות צפויות להתקבל התרעות באזורך
Location: ראס אל-עין
Oref Category: 14
Status: upcoming
Threat Type: Unknown
----------------------------------------
Time: 2025-06-21 02:36:05
Title: בדקות הקרובות צפויות להתקבל התרעות באזורך
Location: רביד
Oref Category: 14
Status: upcoming
Threat Type: Unknown
----------------------------------------
Time: 2025-06-21 02:36:05
Title: בדקות הקרובות צפויות להתקבל התרעות באזורך
Location: רומאנה
Oref Category: 14
Status: upcoming
Threat Type: Unknown
----------------------------------------
Time: 2025-06-21 02:36:05
Title: בדקות הקרובות צפויות להתקבל התרעות באזורך
Location: רומת אל הייב
Oref Category: 14
Status: upcoming
Threat Type: Unknown
----------------------------------------
Time: 2025-06-21 02:36:05
Title: בדקות הקרובות צפויות להתקבל התרעות באזורך
Location: רם און
Oref Category: 14
Status: upcoming
Threat Type: Unknown
----------------------------------------
Time: 2025-06-21 02:36:05
Title: בדקות הקרובות צפויות להתקבל התרעות באזורך
Location: שבלי
Oref Category: 14
Status: upcoming
Threat Type: Unknown
----------------------------------------
Time: 2025-06-21 02:36:05
Title: בדקות הקרובות צפויות להתקבל התרעות באזורך
Location: שדה אילן
Oref Category: 14
Status: upcoming
Threat Type: Unknown
----------------------------------------
Time: 2025-06-21 02:36:05
Title: בדקות הקרובות צפויות להתקבל התרעות באזורך
Location: שדמות דבורה
Oref Category: 14
Status: upcoming
Threat Type: Unknown
----------------------------------------
Time: 2025-06-21 02:36:05
Title: בדקות הקרובות צפויות להתקבל התרעות באזורך
Location: שרונה
Oref Category: 14
Status: upcoming
Threat Type: Unknown
----------------------------------------
Time: 2025-06-21 02:36:05
Title: בדקות הקרובות צפויות להתקבל התרעות באזורך
Location: תחנת רכבת כפר ברוך
Oref Category: 14
Status: upcoming
Threat Type: Unknown
----------------------------------------
Time: 2025-06-21 02:36:05
Title: בדקות הקרובות צפויות להתקבל התרעות באזורך
Location: תל יוסף
Oref Category: 14
Status: upcoming
Threat Type: Unknown
----------------------------------------
Time: 2025-06-21 02:36:05
Title: בדקות הקרובות צפויות להתקבל התרעות באזורך
Location: אום אלג'נם
Oref Category: 14
Status: upcoming
Threat Type: Unknown
----------------------------------------
Time: 2025-06-21 02:36:05
Title: בדקות הקרובות צפויות להתקבל התרעות באזורך
Location: אזור תעשייה מבואות הגלבוע
Oref Category: 14
Status: upcoming
Threat Type: Unknown
----------------------------------------
Time: 2025-06-21 02:36:05
Title: בדקות הקרובות צפויות להתקבל התרעות באזורך
Location: אזור תעשייה ציפורית
Oref Category: 14
Status: upcoming
Threat Type: Unknown
----------------------------------------
Time: 2025-06-21 02:36:05
Title: בדקות הקרובות צפויות להתקבל התרעות באזורך
Location: בית סוהר שיטה וגלבוע
Oref Category: 14
Status: upcoming
Threat Type: Unknown
----------------------------------------
Time: 2025-06-21 02:36:05
Title: בדקות הקרובות צפויות להתקבל התרעות באזורך
Location: סואעד חמירה
Oref Category: 14
Status: upcoming
Threat Type: Unknown
----------------------------------------
Time: 2025-06-21 02:36:05
Title: בדקות הקרובות צפויות להתקבל התרעות באזורך
Location: צפת - נוף כנרת
Oref Category: 14
Status: upcoming
Threat Type: Unknown
----------------------------------------
Time: 2025-06-21 02:36:05
Title: בדקות הקרובות צפויות להתקבל התרעות באזורך
Location: צפת - עכברה
Oref Category: 14
Status: upcoming
Threat Type: Unknown
----------------------------------------
Time: 2025-06-21 02:36:05
Title: בדקות הקרובות צפויות להתקבל התרעות באזורך
Location: בית העלמין החדש נהריה
Oref Category: 14
Status: upcoming
Threat Type: Unknown
----------------------------------------
Time: 2025-06-21 02:36:05
Title: בדקות הקרובות צפויות להתקבל התרעות באזורך
Location: אזור תעשייה חצור הגלילית
Oref Category: 14
Status: upcoming
Threat Type: Unknown
----------------------------------------
Time: 2025-06-21 02:36:05
Title: בדקות הקרובות צפויות להתקבל התרעות באזורך
Location: אזור תעשייה כרמיאל
Oref Category: 14
Status: upcoming
Threat Type: Unknown
----------------------------------------
Time: 2025-06-21 02:36:05
Title: בדקות הקרובות צפויות להתקבל התרעות באזורך
Location: אזור תעשייה צ.ח.ר
Oref Category: 14
Status: upcoming
Threat Type: Unknown
----------------------------------------
Time: 2025-06-21 02:36:05
Title: בדקות הקרובות צפויות להתקבל התרעות באזורך
Location: אליפלט
Oref Category: 14
Status: upcoming
Threat Type: Unknown
----------------------------------------
Time: 2025-06-21 02:36:05
Title: בדקות הקרובות צפויות להתקבל התרעות באזורך
Location: אלמגור
Oref Category: 14
Status: upcoming
Threat Type: Unknown
----------------------------------------
Time: 2025-06-21 02:36:05
Title: בדקות הקרובות צפויות להתקבל התרעות באזורך
Location: אמנון
Oref Category: 14
Status: upcoming
Threat Type: Unknown
----------------------------------------
Time: 2025-06-21 02:36:05
Title: בדקות הקרובות צפויות להתקבל התרעות באזורך
Location: בוסתן הגליל
Oref Category: 14
Status: upcoming
Threat Type: Unknown
----------------------------------------
Time: 2025-06-21 02:36:05
Title: בדקות הקרובות צפויות להתקבל התרעות באזורך
Location: ביריה
Oref Category: 14
Status: upcoming
Threat Type: Unknown
----------------------------------------
Time: 2025-06-21 02:36:05
Title: בדקות הקרובות צפויות להתקבל התרעות באזורך
Location: בית ג'אן
Oref Category: 14
Status: upcoming
Threat Type: Unknown
----------------------------------------
Time: 2025-06-21 02:36:05
Title: בדקות הקרובות צפויות להתקבל התרעות באזורך
Location: בית הלל
Oref Category: 14
Status: upcoming
Threat Type: Unknown
----------------------------------------
Time: 2025-06-21 02:36:05
Title: בדקות הקרובות צפויות להתקבל התרעות באזורך
Location: בית העמק
Oref Category: 14
Status: upcoming
Threat Type: Unknown
----------------------------------------
Time: 2025-06-21 02:36:05
Title: בדקות הקרובות צפויות להתקבל התרעות באזורך
Location: בן עמי
Oref Category: 14
Status: upcoming
Threat Type: Unknown
----------------------------------------
Time: 2025-06-21 02:36:05
Title: בדקות הקרובות צפויות להתקבל התרעות באזורך
Location: בענה
Oref Category: 14
Status: upcoming
Threat Type: Unknown
----------------------------------------
Time: 2025-06-21 02:36:05
Title: בדקות הקרובות צפויות להתקבל התרעות באזורך
Location: ג'דידה מכר
Oref Category: 14
Status: upcoming
Threat Type: Unknown
----------------------------------------
Time: 2025-06-21 02:36:05
Title: בדקות הקרובות צפויות להתקבל התרעות באזורך
Location: גשר הזיו
Oref Category: 14
Status: upcoming
Threat Type: Unknown
----------------------------------------
Time: 2025-06-21 02:36:05
Title: בדקות הקרובות צפויות להתקבל התרעות באזורך
Location: דיר אל-אסד
Oref Category: 14
Status: upcoming
Threat Type: Unknown
----------------------------------------
Time: 2025-06-21 02:36:05
Title: בדקות הקרובות צפויות להתקבל התרעות באזורך
Location: הילה
Oref Category: 14
Status: upcoming
Threat Type: Unknown
----------------------------------------
Time: 2025-06-21 02:36:05
Title: בדקות הקרובות צפויות להתקבל התרעות באזורך
Location: הר חלוץ
Oref Category: 14
Status: upcoming
Threat Type: Unknown
----------------------------------------
Time: 2025-06-21 02:36:05
Title: בדקות הקרובות צפויות להתקבל התרעות באזורך
Location: חוות אירוח גורן
Oref Category: 14
Status: upcoming
Threat Type: Unknown
----------------------------------------
Time: 2025-06-21 02:36:05
Title: בדקות הקרובות צפויות להתקבל התרעות באזורך
Location: חוסן
Oref Category: 14
Status: upcoming
Threat Type: Unknown
----------------------------------------
Time: 2025-06-21 02:36:05
Title: בדקות הקרובות צפויות להתקבל התרעות באזורך
Location: חצור הגלילית
Oref Category: 14
Status: upcoming
Threat Type: Unknown
----------------------------------------
Time: 2025-06-21 02:36:05
Title: בדקות הקרובות צפויות להתקבל התרעות באזורך
Location: חרשים
Oref Category: 14
Status: upcoming
Threat Type: Unknown
----------------------------------------
Time: 2025-06-21 02:36:05
Title: בדקות הקרובות צפויות להתקבל התרעות באזורך
Location: טובא זנגריה
Oref Category: 14
Status: upcoming
Threat Type: Unknown
----------------------------------------
Time: 2025-06-21 02:36:05
Title: בדקות הקרובות צפויות להתקבל התרעות באזורך
Location: כורזים ורד הגליל
Oref Category: 14
Status: upcoming
Threat Type: Unknown
----------------------------------------
Time: 2025-06-21 02:36:05
Title: בדקות הקרובות צפויות להתקבל התרעות באזורך
Location: כפר גלעדי
Oref Category: 14
Status: upcoming
Threat Type: Unknown
----------------------------------------
Time: 2025-06-21 02:36:05
Title: בדקות הקרובות צפויות להתקבל התרעות באזורך
Location: כפר הנשיא
Oref Category: 14
Status: upcoming
Threat Type: Unknown
----------------------------------------
Time: 2025-06-21 02:36:05
Title: בדקות הקרובות צפויות להתקבל התרעות באזורך
Location: כפר ורדים
Oref Category: 14
Status: upcoming
Threat Type: Unknown
----------------------------------------
Time: 2025-06-21 02:36:05
Title: בדקות הקרובות צפויות להתקבל התרעות באזורך
Location: כפר יובל
Oref Category: 14
Status: upcoming
Threat Type: Unknown
----------------------------------------
Time: 2025-06-21 02:36:05
Title: בדקות הקרובות צפויות להתקבל התרעות באזורך
Location: כפר מסריק
Oref Category: 14
Status: upcoming
Threat Type: Unknown
----------------------------------------
Time: 2025-06-21 02:36:05
Title: בדקות הקרובות צפויות להתקבל התרעות באזורך
Location: כרכום
Oref Category: 14
Status: upcoming
Threat Type: Unknown
----------------------------------------
Time: 2025-06-21 02:36:05
Title: בדקות הקרובות צפויות להתקבל התרעות באזורך
Location: כרמיאל
Oref Category: 14
Status: upcoming
Threat Type: Unknown
----------------------------------------
Time: 2025-06-21 02:36:05
Title: בדקות הקרובות צפויות להתקבל התרעות באזורך
Location: לב החולה
Oref Category: 14
Status: upcoming
Threat Type: Unknown
----------------------------------------
Time: 2025-06-21 02:36:05
Title: בדקות הקרובות צפויות להתקבל התרעות באזורך
Location: לבון
Oref Category: 14
Status: upcoming
Threat Type: Unknown
----------------------------------------
Time: 2025-06-21 02:36:05
Title: בדקות הקרובות צפויות להתקבל התרעות באזורך
Location: מג'דל כרום
Oref Category: 14
Status: upcoming
Threat Type: Unknown
----------------------------------------
Time: 2025-06-21 02:36:05
Title: בדקות הקרובות צפויות להתקבל התרעות באזורך
Location: מחניים
Oref Category: 14
Status: upcoming
Threat Type: Unknown
----------------------------------------
Time: 2025-06-21 02:36:05
Title: בדקות הקרובות צפויות להתקבל התרעות באזורך
Location: מטולה
Oref Category: 14
Status: upcoming
Threat Type: Unknown
----------------------------------------
Time: 2025-06-21 02:36:05
Title: בדקות הקרובות צפויות להתקבל התרעות באזורך
Location: מלון אחוזת ירדן
Oref Category: 14
Status: upcoming
Threat Type: Unknown
----------------------------------------
Time: 2025-06-21 02:36:05
Title: בדקות הקרובות צפויות להתקבל התרעות באזורך
Location: מנרה
Oref Category: 14
Status: upcoming
Threat Type: Unknown
----------------------------------------
Time: 2025-06-21 02:36:05
Title: בדקות הקרובות צפויות להתקבל התרעות באזורך
Location: מעונה
Oref Category: 14
Status: upcoming
Threat Type: Unknown
----------------------------------------
Time: 2025-06-21 02:36:05
Title: בדקות הקרובות צפויות להתקבל התרעות באזורך
Location: מעיין ברוך
Oref Category: 14
Status: upcoming
Threat Type: Unknown
----------------------------------------
Time: 2025-06-21 02:36:05
Title: בדקות הקרובות צפויות להתקבל התרעות באזורך
Location: מעיליא
Oref Category: 14
Status: upcoming
Threat Type: Unknown
----------------------------------------
Time: 2025-06-21 02:36:05
Title: בדקות הקרובות צפויות להתקבל התרעות באזורך
Location: מעלות תרשיחא
Oref Category: 14
Status: upcoming
Threat Type: Unknown
----------------------------------------
Time: 2025-06-21 02:36:05
Title: בדקות הקרובות צפויות להתקבל התרעות באזורך
Location: מרגליות
Oref Category: 14
Status: upcoming
Threat Type: Unknown
----------------------------------------
Time: 2025-06-21 02:36:05
Title: בדקות הקרובות צפויות להתקבל התרעות באזורך
Location: משגב עם
Oref Category: 14
Status: upcoming
Threat Type: Unknown
----------------------------------------
Time: 2025-06-21 02:36:05
Title: בדקות הקרובות צפויות להתקבל התרעות באזורך
Location: נהריה
Oref Category: 14
Status: upcoming
Threat Type: Unknown
----------------------------------------
Time: 2025-06-21 02:36:05
Title: בדקות הקרובות צפויות להתקבל התרעות באזורך
Location: נחף
Oref Category: 14
Status: upcoming
Threat Type: Unknown
----------------------------------------
Time: 2025-06-21 02:36:05
Title: בדקות הקרובות צפויות להתקבל התרעות באזורך
Location: נס עמים
Oref Category: 14
Status: upcoming
Threat Type: Unknown
----------------------------------------
Time: 2025-06-21 02:36:05
Title: בדקות הקרובות צפויות להתקבל התרעות באזורך
Location: נתיב השיירה
Oref Category: 14
Status: upcoming
Threat Type: Unknown
----------------------------------------
Time: 2025-06-21 02:36:05
Title: בדקות הקרובות צפויות להתקבל התרעות באזורך
Location: סאג'ור
Oref Category: 14
Status: upcoming
Threat Type: Unknown
----------------------------------------
Time: 2025-06-21 02:36:05
Title: בדקות הקרובות צפויות להתקבל התרעות באזורך
Location: סער
Oref Category: 14
Status: upcoming
Threat Type: Unknown
----------------------------------------
Time: 2025-06-21 02:36:05
Title: בדקות הקרובות צפויות להתקבל התרעות באזורך
Location: עברון
Oref Category: 14
Status: upcoming
Threat Type: Unknown
----------------------------------------
Time: 2025-06-21 02:36:05
Title: בדקות הקרובות צפויות להתקבל התרעות באזורך
Location: עין אל אסד
Oref Category: 14
Status: upcoming
Threat Type: Unknown
----------------------------------------
Time: 2025-06-21 02:36:05
Title: בדקות הקרובות צפויות להתקבל התרעות באזורך
Location: עין המפרץ
Oref Category: 14
Status: upcoming
Threat Type: Unknown
----------------------------------------
Time: 2025-06-21 02:36:05
Title: בדקות הקרובות צפויות להתקבל התרעות באזורך
Location: עכו - אזור תעשייה
Oref Category: 14
Status: upcoming
Threat Type: Unknown
----------------------------------------
Time: 2025-06-21 02:36:05
Title: בדקות הקרובות צפויות להתקבל התרעות באזורך
Location: עכו
Oref Category: 14
Status: upcoming
Threat Type: Unknown
----------------------------------------
Time: 2025-06-21 02:36:05
Title: בדקות הקרובות צפויות להתקבל התרעות באזורך
Location: עמיעד
Oref Category: 14
Status: upcoming
Threat Type: Unknown
----------------------------------------
Time: 2025-06-21 02:36:05
Title: בדקות הקרובות צפויות להתקבל התרעות באזורך
Location: צורית גילון
Oref Category: 14
Status: upcoming
Threat Type: Unknown
----------------------------------------
Time: 2025-06-21 02:36:05
Title: בדקות הקרובות צפויות להתקבל התרעות באזורך
Location: צפת - עיר
Oref Category: 14
Status: upcoming
Threat Type: Unknown
----------------------------------------
Time: 2025-06-21 02:36:05
Title: בדקות הקרובות צפויות להתקבל התרעות באזורך
Location: קריית שמונה
Oref Category: 14
Status: upcoming
Threat Type: Unknown
----------------------------------------
Time: 2025-06-21 02:36:05
Title: בדקות הקרובות צפויות להתקבל התרעות באזורך
Location: ראמה
Oref Category: 14
Status: upcoming
Threat Type: Unknown
----------------------------------------
Time: 2025-06-21 02:36:05
Title: בדקות הקרובות צפויות להתקבל התרעות באזורך
Location: ראש פינה
Oref Category: 14
Status: upcoming
Threat Type: Unknown
----------------------------------------
Time: 2025-06-21 02:36:05
Title: בדקות הקרובות צפויות להתקבל התרעות באזורך
Location: שבי ציון
Oref Category: 14
Status: upcoming
Threat Type: Unknown
----------------------------------------
Time: 2025-06-21 02:36:05
Title: בדקות הקרובות צפויות להתקבל התרעות באזורך
Location: שומרת
Oref Category: 14
Status: upcoming
Threat Type: Unknown
----------------------------------------
Time: 2025-06-21 02:36:05
Title: בדקות הקרובות צפויות להתקבל התרעות באזורך
Location: שזור
Oref Category: 14
Status: upcoming
Threat Type: Unknown
----------------------------------------
Time: 2025-06-21 02:36:05
Title: בדקות הקרובות צפויות להתקבל התרעות באזורך
Location: שייח' דנון
Oref Category: 14
Status: upcoming
Threat Type: Unknown
----------------------------------------
Time: 2025-06-21 02:36:05
Title: בדקות הקרובות צפויות להתקבל התרעות באזורך
Location: תל חי
Oref Category: 14
Status: upcoming
Threat Type: Unknown
----------------------------------------
Time: 2025-06-21 02:36:05
Title: בדקות הקרובות צפויות להתקבל התרעות באזורך
Location: אבו סנאן
Oref Category: 14
Status: upcoming
Threat Type: Unknown
----------------------------------------
Time: 2025-06-21 02:36:05
Title: בדקות הקרובות צפויות להתקבל התרעות באזורך
Location: אביבים
Oref Category: 14
Status: upcoming
Threat Type: Unknown
----------------------------------------
Time: 2025-06-21 02:36:05
Title: בדקות הקרובות צפויות להתקבל התרעות באזורך
Location: אבירים
Oref Category: 14
Status: upcoming
Threat Type: Unknown
----------------------------------------
Time: 2025-06-21 02:36:05
Title: בדקות הקרובות צפויות להתקבל התרעות באזורך
Location: אבן מנחם
Oref Category: 14
Status: upcoming
Threat Type: Unknown
----------------------------------------
Time: 2025-06-21 02:36:05
Title: בדקות הקרובות צפויות להתקבל התרעות באזורך
Location: אדמית
Oref Category: 14
Status: upcoming
Threat Type: Unknown
----------------------------------------
Time: 2025-06-21 02:36:05
Title: בדקות הקרובות צפויות להתקבל התרעות באזורך
Location: אור הגנוז
Oref Category: 14
Status: upcoming
Threat Type: Unknown
----------------------------------------
Time: 2025-06-21 02:36:05
Title: בדקות הקרובות צפויות להתקבל התרעות באזורך
Location: אזור תעשייה רמת דלתון
Oref Category: 14
Status: upcoming
Threat Type: Unknown
----------------------------------------
Time: 2025-06-21 02:36:05
Title: בדקות הקרובות צפויות להתקבל התרעות באזורך
Location: איזור תעשייה מילואות צפון
Oref Category: 14
Status: upcoming
Threat Type: Unknown
----------------------------------------
Time: 2025-06-21 02:36:05
Title: בדקות הקרובות צפויות להתקבל התרעות באזורך
Location: איילת השחר
Oref Category: 14
Status: upcoming
Threat Type: Unknown
----------------------------------------
Time: 2025-06-21 02:36:05
Title: בדקות הקרובות צפויות להתקבל התרעות באזורך
Location: אילון
Oref Category: 14
Status: upcoming
Threat Type: Unknown
----------------------------------------
Time: 2025-06-21 02:36:05
Title: בדקות הקרובות צפויות להתקבל התרעות באזורך
Location: אלקוש
Oref Category: 14
Status: upcoming
Threat Type: Unknown
----------------------------------------
Time: 2025-06-21 02:36:05
Title: בדקות הקרובות צפויות להתקבל התרעות באזורך
Location: אמירים
Oref Category: 14
Status: upcoming
Threat Type: Unknown
----------------------------------------
Time: 2025-06-21 02:36:05
Title: בדקות הקרובות צפויות להתקבל התרעות באזורך
Location: אשרת
Oref Category: 14
Status: upcoming
Threat Type: Unknown
----------------------------------------
Time: 2025-06-21 02:36:05
Title: בדקות הקרובות צפויות להתקבל התרעות באזורך
Location: בית העלמין החדש עכו
Oref Category: 14
Status: upcoming
Threat Type: Unknown
----------------------------------------
Time: 2025-06-21 02:36:05
Title: בדקות הקרובות צפויות להתקבל התרעות באזורך
Location: בית ספר שדה מירון
Oref Category: 14
Status: upcoming
Threat Type: Unknown
----------------------------------------
Time: 2025-06-21 02:36:05
Title: בדקות הקרובות צפויות להתקבל התרעות באזורך
Location: בצת
Oref Category: 14
Status: upcoming
Threat Type: Unknown
----------------------------------------
Time: 2025-06-21 02:36:05
Title: בדקות הקרובות צפויות להתקבל התרעות באזורך
Location: בר יוחאי
Oref Category: 14
Status: upcoming
Threat Type: Unknown
----------------------------------------
Time: 2025-06-21 02:36:05
Title: בדקות הקרובות צפויות להתקבל התרעות באזורך
Location: ברעם
Oref Category: 14
Status: upcoming
Threat Type: Unknown
----------------------------------------
Time: 2025-06-21 02:36:05
Title: בדקות הקרובות צפויות להתקבל התרעות באזורך
Location: ג'וליס
Oref Category: 14
Status: upcoming
Threat Type: Unknown
----------------------------------------
Time: 2025-06-21 02:36:05
Title: בדקות הקרובות צפויות להתקבל התרעות באזורך
Location: ג'ש - גוש חלב
Oref Category: 14
Status: upcoming
Threat Type: Unknown
----------------------------------------
Time: 2025-06-21 02:36:05
Title: בדקות הקרובות צפויות להתקבל התרעות באזורך
Location: גדות
Oref Category: 14
Status: upcoming
Threat Type: Unknown
----------------------------------------
Time: 2025-06-21 02:36:05
Title: בדקות הקרובות צפויות להתקבל התרעות באזורך
Location: גונן
Oref Category: 14
Status: upcoming
Threat Type: Unknown
----------------------------------------
Time: 2025-06-21 02:36:05
Title: בדקות הקרובות צפויות להתקבל התרעות באזורך
Location: גורן
Oref Category: 14
Status: upcoming
Threat Type: Unknown
----------------------------------------
Time: 2025-06-21 02:36:05
Title: בדקות הקרובות צפויות להתקבל התרעות באזורך
Location: גורנות הגליל
Oref Category: 14
Status: upcoming
Threat Type: Unknown
----------------------------------------
Time: 2025-06-21 02:36:05
Title: בדקות הקרובות צפויות להתקבל התרעות באזורך
Location: גיתה
Oref Category: 14
Status: upcoming
Threat Type: Unknown
----------------------------------------
Time: 2025-06-21 02:36:05
Title: בדקות הקרובות צפויות להתקבל התרעות באזורך
Location: געתון
Oref Category: 14
Status: upcoming
Threat Type: Unknown
----------------------------------------
Time: 2025-06-21 02:36:05
Title: בדקות הקרובות צפויות להתקבל התרעות באזורך
Location: דוב''ב
Oref Category: 14
Status: upcoming
Threat Type: Unknown
----------------------------------------
Time: 2025-06-21 02:36:05
Title: בדקות הקרובות צפויות להתקבל התרעות באזורך
Location: דישון
Oref Category: 14
Status: upcoming
Threat Type: Unknown
----------------------------------------
Time: 2025-06-21 02:36:05
Title: בדקות הקרובות צפויות להתקבל התרעות באזורך
Location: דלתון
Oref Category: 14
Status: upcoming
Threat Type: Unknown
----------------------------------------
Time: 2025-06-21 02:36:05
Title: בדקות הקרובות צפויות להתקבל התרעות באזורך
Location: דפנה
Oref Category: 14
Status: upcoming
Threat Type: Unknown
----------------------------------------
Time: 2025-06-21 02:36:05
Title: בדקות הקרובות צפויות להתקבל התרעות באזורך
Location: הגושרים
Oref Category: 14
Status: upcoming
Threat Type: Unknown
----------------------------------------
Time: 2025-06-21 02:36:05
Title: בדקות הקרובות צפויות להתקבל התרעות באזורך
Location: זרעית
Oref Category: 14
Status: upcoming
Threat Type: Unknown
----------------------------------------
Time: 2025-06-21 02:36:05
Title: בדקות הקרובות צפויות להתקבל התרעות באזורך
Location: חולתה
Oref Category: 14
Status: upcoming
Threat Type: Unknown
----------------------------------------
Time: 2025-06-21 02:36:05
Title: בדקות הקרובות צפויות להתקבל התרעות באזורך
Location: חוף אמנון
Oref Category: 14
Status: upcoming
Threat Type: Unknown
----------------------------------------
Time: 2025-06-21 02:36:05
Title: בדקות הקרובות צפויות להתקבל התרעות באזורך
Location: חוף בצת
Oref Category: 14
Status: upcoming
Threat Type: Unknown
----------------------------------------
Time: 2025-06-21 02:36:05
Title: בדקות הקרובות צפויות להתקבל התרעות באזורך
Location: חורפיש
Oref Category: 14
Status: upcoming
Threat Type: Unknown
----------------------------------------
Time: 2025-06-21 02:36:05
Title: בדקות הקרובות צפויות להתקבל התרעות באזורך
Location: חניתה
Oref Category: 14
Status: upcoming
Threat Type: Unknown
----------------------------------------
Time: 2025-06-21 02:36:05
Title: בדקות הקרובות צפויות להתקבל התרעות באזורך
Location: טל - אל
Oref Category: 14
Status: upcoming
Threat Type: Unknown
----------------------------------------
Time: 2025-06-21 02:36:05
Title: בדקות הקרובות צפויות להתקבל התרעות באזורך
Location: יחיעם
Oref Category: 14
Status: upcoming
Threat Type: Unknown
----------------------------------------
Time: 2025-06-21 02:36:05
Title: בדקות הקרובות צפויות להתקבל התרעות באזורך
Location: ינוח ג'ת
Oref Category: 14
Status: upcoming
Threat Type: Unknown
----------------------------------------
Time: 2025-06-21 02:36:05
Title: בדקות הקרובות צפויות להתקבל התרעות באזורך
Location: יסוד המעלה
Oref Category: 14
Status: upcoming
Threat Type: Unknown
----------------------------------------
Time: 2025-06-21 02:36:05
Title: בדקות הקרובות צפויות להתקבל התרעות באזורך
Location: יערה
Oref Category: 14
Status: upcoming
Threat Type: Unknown
----------------------------------------
Time: 2025-06-21 02:36:05
Title: בדקות הקרובות צפויות להתקבל התרעות באזורך
Location: יפתח
Oref Category: 14
Status: upcoming
Threat Type: Unknown
----------------------------------------
Time: 2025-06-21 02:36:05
Title: בדקות הקרובות צפויות להתקבל התרעות באזורך
Location: יראון
Oref Category: 14
Status: upcoming
Threat Type: Unknown
----------------------------------------
Time: 2025-06-21 02:36:05
Title: בדקות הקרובות צפויות להתקבל התרעות באזורך
Location: ירכא
Oref Category: 14
Status: upcoming
Threat Type: Unknown
----------------------------------------
Time: 2025-06-21 02:36:05
Title: בדקות הקרובות צפויות להתקבל התרעות באזורך
Location: כברי
Oref Category: 14
Status: upcoming
Threat Type: Unknown
----------------------------------------
Time: 2025-06-21 02:36:05
Title: בדקות הקרובות צפויות להתקבל התרעות באזורך
Location: כישור
Oref Category: 14
Status: upcoming
Threat Type: Unknown
----------------------------------------
Time: 2025-06-21 02:36:05
Title: בדקות הקרובות צפויות להתקבל התרעות באזורך
Location: כליל
Oref Category: 14
Status: upcoming
Threat Type: Unknown
----------------------------------------
Time: 2025-06-21 02:36:05
Title: בדקות הקרובות צפויות להתקבל התרעות באזורך
Location: כסרא סמיע
Oref Category: 14
Status: upcoming
Threat Type: Unknown
----------------------------------------
Time: 2025-06-21 02:36:05
Title: בדקות הקרובות צפויות להתקבל התרעות באזורך
Location: כפר בלום
Oref Category: 14
Status: upcoming
Threat Type: Unknown
----------------------------------------
Time: 2025-06-21 02:36:05
Title: בדקות הקרובות צפויות להתקבל התרעות באזורך
Location: כפר יאסיף
Oref Category: 14
Status: upcoming
Threat Type: Unknown
----------------------------------------
Time: 2025-06-21 02:36:05
Title: בדקות הקרובות צפויות להתקבל התרעות באזורך
Location: כפר נחום
Oref Category: 14
Status: upcoming
Threat Type: Unknown
----------------------------------------
Time: 2025-06-21 02:36:05
Title: בדקות הקרובות צפויות להתקבל התרעות באזורך
Location: כפר סאלד
Oref Category: 14
Status: upcoming
Threat Type: Unknown
----------------------------------------
Time: 2025-06-21 02:36:05
Title: בדקות הקרובות צפויות להתקבל התרעות באזורך
Location: כפר שמאי
Oref Category: 14
Status: upcoming
Threat Type: Unknown
----------------------------------------
Time: 2025-06-21 02:36:05
Title: בדקות הקרובות צפויות להתקבל התרעות באזורך
Location: כרם בן זמרה
Oref Category: 14
Status: upcoming
Threat Type: Unknown
----------------------------------------
Time: 2025-06-21 02:36:05
Title: בדקות הקרובות צפויות להתקבל התרעות באזורך
Location: להבות הבשן
Oref Category: 14
Status: upcoming
Threat Type: Unknown
----------------------------------------
Time: 2025-06-21 02:36:05
Title: בדקות הקרובות צפויות להתקבל התרעות באזורך
Location: לוחמי הגטאות
Oref Category: 14
Status: upcoming
Threat Type: Unknown
----------------------------------------
Time: 2025-06-21 02:36:05
Title: בדקות הקרובות צפויות להתקבל התרעות באזורך
Location: לימן
Oref Category: 14
Status: upcoming
Threat Type: Unknown
----------------------------------------
Time: 2025-06-21 02:36:05
Title: בדקות הקרובות צפויות להתקבל התרעות באזורך
Location: לפידות
Oref Category: 14
Status: upcoming
Threat Type: Unknown
----------------------------------------
Time: 2025-06-21 02:36:05
Title: בדקות הקרובות צפויות להתקבל התרעות באזורך
Location: מגדל תפן
Oref Category: 14
Status: upcoming
Threat Type: Unknown
----------------------------------------
Time: 2025-06-21 02:36:05
Title: בדקות הקרובות צפויות להתקבל התרעות באזורך
Location: מזרעה
Oref Category: 14
Status: upcoming
Threat Type: Unknown
----------------------------------------
Time: 2025-06-21 02:36:05
Title: בדקות הקרובות צפויות להתקבל התרעות באזורך
Location: מירון
Oref Category: 14
Status: upcoming
Threat Type: Unknown
----------------------------------------
Time: 2025-06-21 02:36:05
Title: בדקות הקרובות צפויות להתקבל התרעות באזורך
Location: מלכיה
Oref Category: 14
Status: upcoming
Threat Type: Unknown
----------------------------------------
Time: 2025-06-21 02:36:05
Title: בדקות הקרובות צפויות להתקבל התרעות באזורך
Location: מנות
Oref Category: 14
Status: upcoming
Threat Type: Unknown
----------------------------------------
Time: 2025-06-21 02:36:05
Title: בדקות הקרובות צפויות להתקבל התרעות באזורך
Location: מצובה
Oref Category: 14
Status: upcoming
Threat Type: Unknown
----------------------------------------
Time: 2025-06-21 02:36:05
Title: בדקות הקרובות צפויות להתקבל התרעות באזורך
Location: מרכז אזורי מבואות חרמון
Oref Category: 14
Status: upcoming
Threat Type: Unknown
----------------------------------------
Time: 2025-06-21 02:36:05
Title: בדקות הקרובות צפויות להתקבל התרעות באזורך
Location: מרכז אזורי מרום גליל
Oref Category: 14
Status: upcoming
Threat Type: Unknown
----------------------------------------
Time: 2025-06-21 02:36:05
Title: בדקות הקרובות צפויות להתקבל התרעות באזורך
Location: משמר הירדן
Oref Category: 14
Status: upcoming
Threat Type: Unknown
----------------------------------------
Time: 2025-06-21 02:36:05
Title: בדקות הקרובות צפויות להתקבל התרעות באזורך
Location: מתת
Oref Category: 14
Status: upcoming
Threat Type: Unknown
----------------------------------------
Time: 2025-06-21 02:36:05
Title: בדקות הקרובות צפויות להתקבל התרעות באזורך
Location: נאות מרדכי
Oref Category: 14
Status: upcoming
Threat Type: Unknown
----------------------------------------
Time: 2025-06-21 02:36:05
Title: בדקות הקרובות צפויות להתקבל התרעות באזורך
Location: נווה זיו
Oref Category: 14
Status: upcoming
Threat Type: Unknown
----------------------------------------
Time: 2025-06-21 02:36:05
Title: בדקות הקרובות צפויות להתקבל התרעות באזורך
Location: נטועה
Oref Category: 14
Status: upcoming
Threat Type: Unknown
----------------------------------------
Time: 2025-06-21 02:36:05
Title: בדקות הקרובות צפויות להתקבל התרעות באזורך
Location: סאסא
Oref Category: 14
Status: upcoming
Threat Type: Unknown
----------------------------------------
Time: 2025-06-21 02:36:05
Title: בדקות הקרובות צפויות להתקבל התרעות באזורך
Location: ספסופה - כפר חושן
Oref Category: 14
Status: upcoming
Threat Type: Unknown
----------------------------------------
Time: 2025-06-21 02:36:05
Title: בדקות הקרובות צפויות להתקבל התרעות באזורך
Location: ע'ג'ר
Oref Category: 14
Status: upcoming
Threat Type: Unknown
----------------------------------------
Time: 2025-06-21 02:36:05
Title: בדקות הקרובות צפויות להתקבל התרעות באזורך
Location: עבדון
Oref Category: 14
Status: upcoming
Threat Type: Unknown
----------------------------------------
Time: 2025-06-21 02:36:05
Title: בדקות הקרובות צפויות להתקבל התרעות באזורך
Location: עין יעקב
Oref Category: 14
Status: upcoming
Threat Type: Unknown
----------------------------------------
Time: 2025-06-21 02:36:05
Title: בדקות הקרובות צפויות להתקבל התרעות באזורך
Location: עין כמונים
Oref Category: 14
Status: upcoming
Threat Type: Unknown
----------------------------------------
Time: 2025-06-21 02:36:05
Title: בדקות הקרובות צפויות להתקבל התרעות באזורך
Location: עלמה
Oref Category: 14
Status: upcoming
Threat Type: Unknown
----------------------------------------
Time: 2025-06-21 02:36:05
Title: בדקות הקרובות צפויות להתקבל התרעות באזורך
Location: עמוקה
Oref Category: 14
Status: upcoming
Threat Type: Unknown
----------------------------------------
Time: 2025-06-21 02:36:05
Title: בדקות הקרובות צפויות להתקבל התרעות באזורך
Location: עמיר
Oref Category: 14
Status: upcoming
Threat Type: Unknown
----------------------------------------
Time: 2025-06-21 02:36:05
Title: בדקות הקרובות צפויות להתקבל התרעות באזורך
Location: עמקה
Oref Category: 14
Status: upcoming
Threat Type: Unknown
----------------------------------------
Time: 2025-06-21 02:36:05
Title: בדקות הקרובות צפויות להתקבל התרעות באזורך
Location: ערב אל עראמשה
Oref Category: 14
Status: upcoming
Threat Type: Unknown
----------------------------------------
Time: 2025-06-21 02:36:05
Title: בדקות הקרובות צפויות להתקבל התרעות באזורך
Location: פלך
Oref Category: 14
Status: upcoming
Threat Type: Unknown
----------------------------------------
Time: 2025-06-21 02:36:05
Title: בדקות הקרובות צפויות להתקבל התרעות באזורך
Location: פסוטה
Oref Category: 14
Status: upcoming
Threat Type: Unknown
----------------------------------------
Time: 2025-06-21 02:36:05
Title: בדקות הקרובות צפויות להתקבל התרעות באזורך
Location: פקיעין החדשה
Oref Category: 14
Status: upcoming
Threat Type: Unknown
----------------------------------------
Time: 2025-06-21 02:36:05
Title: בדקות הקרובות צפויות להתקבל התרעות באזורך
Location: פקיעין
Oref Category: 14
Status: upcoming
Threat Type: Unknown
----------------------------------------
Time: 2025-06-21 02:36:05
Title: בדקות הקרובות צפויות להתקבל התרעות באזורך
Location: פרוד
Oref Category: 14
Status: upcoming
Threat Type: Unknown
----------------------------------------
Time: 2025-06-21 02:36:05
Title: בדקות הקרובות צפויות להתקבל התרעות באזורך
Location: צבעון
Oref Category: 14
Status: upcoming
Threat Type: Unknown
----------------------------------------
Time: 2025-06-21 02:36:05
Title: בדקות הקרובות צפויות להתקבל התרעות באזורך
Location: צוריאל
Oref Category: 14
Status: upcoming
Threat Type: Unknown
----------------------------------------
Time: 2025-06-21 02:36:05
Title: בדקות הקרובות צפויות להתקבל התרעות באזורך
Location: קדיתא
Oref Category: 14
Status: upcoming
Threat Type: Unknown
----------------------------------------
Time: 2025-06-21 02:36:05
Title: בדקות הקרובות צפויות להתקבל התרעות באזורך
Location: קיבוץ דן
Oref Category: 14
Status: upcoming
Threat Type: Unknown
----------------------------------------
Time: 2025-06-21 02:36:05
Title: בדקות הקרובות צפויות להתקבל התרעות באזורך
Location: ראש הנקרה
Oref Category: 14
Status: upcoming
Threat Type: Unknown
----------------------------------------
Time: 2025-06-21 02:36:05
Title: בדקות הקרובות צפויות להתקבל התרעות באזורך
Location: רגבה
Oref Category: 14
Status: upcoming
Threat Type: Unknown
----------------------------------------
Time: 2025-06-21 02:36:05
Title: בדקות הקרובות צפויות להתקבל התרעות באזורך
Location: ריחאנייה
Oref Category: 14
Status: upcoming
Threat Type: Unknown
----------------------------------------
Time: 2025-06-21 02:36:05
Title: בדקות הקרובות צפויות להתקבל התרעות באזורך
Location: רמות נפתלי
Oref Category: 14
Status: upcoming
Threat Type: Unknown
----------------------------------------
Time: 2025-06-21 02:36:05
Title: בדקות הקרובות צפויות להתקבל התרעות באזורך
Location: רפטינג נהר הירדן
Oref Category: 14
Status: upcoming
Threat Type: Unknown
----------------------------------------
Time: 2025-06-21 02:36:05
Title: בדקות הקרובות צפויות להתקבל התרעות באזורך
Location: שאר ישוב
Oref Category: 14
Status: upcoming
Threat Type: Unknown
----------------------------------------
Time: 2025-06-21 02:36:05
Title: בדקות הקרובות צפויות להתקבל התרעות באזורך
Location: שדה אליעזר
Oref Category: 14
Status: upcoming
Threat Type: Unknown
----------------------------------------
Time: 2025-06-21 02:36:05
Title: בדקות הקרובות צפויות להתקבל התרעות באזורך
Location: שדה נחמיה
Oref Category: 14
Status: upcoming
Threat Type: Unknown
----------------------------------------
Time: 2025-06-21 02:36:05
Title: בדקות הקרובות צפויות להתקבל התרעות באזורך
Location: שומרה
Oref Category: 14
Status: upcoming
Threat Type: Unknown
----------------------------------------
Time: 2025-06-21 02:36:05
Title: בדקות הקרובות צפויות להתקבל התרעות באזורך
Location: שלומי
Oref Category: 14
Status: upcoming
Threat Type: Unknown
----------------------------------------
Time: 2025-06-21 02:36:05
Title: בדקות הקרובות צפויות להתקבל התרעות באזורך
Location: שמיר
Oref Category: 14
Status: upcoming
Threat Type: Unknown
----------------------------------------
Time: 2025-06-21 02:36:05
Title: בדקות הקרובות צפויות להתקבל התרעות באזורך
Location: שניר
Oref Category: 14
Status: upcoming
Threat Type: Unknown
----------------------------------------
Time: 2025-06-21 02:36:05
Title: בדקות הקרובות צפויות להתקבל התרעות באזורך
Location: שפר
Oref Category: 14
Status: upcoming
Threat Type: Unknown
----------------------------------------
Time: 2025-06-21 02:36:05
Title: בדקות הקרובות צפויות להתקבל התרעות באזורך
Location: שתולה
Oref Category: 14
Status: upcoming
Threat Type: Unknown
----------------------------------------
Time: 2025-06-21 02:36:05
Title: בדקות הקרובות צפויות להתקבל התרעות באזורך
Location: תובל
Oref Category: 14
Status: upcoming
Threat Type: Unknown
----------------------------------------
Time: 2025-06-21 02:36:05
Title: בדקות הקרובות צפויות להתקבל התרעות באזורך
Location: מנחת מחניים
Oref Category: 14
Status: upcoming
Threat Type: Unknown
----------------------------------------
Time: 2025-06-21 02:32:38
Title: בדקות הקרובות צפויות להתקבל התרעות באזורך
Location: תל אביב - דרום העיר ויפו
Oref Category: 14
Status: upcoming
Threat Type: Unknown
----------------------------------------
Time: 2025-06-21 02:32:38
Title: בדקות הקרובות צפויות להתקבל התרעות באזורך
Location: תל אביב - מזרח
Oref Category: 14
Status: upcoming
Threat Type: Unknown
----------------------------------------
Time: 2025-06-21 02:32:38
Title: בדקות הקרובות צפויות להתקבל התרעות באזורך
Location: תל אביב - מרכז העיר
Oref Category: 14
Status: upcoming
Threat Type: Unknown
----------------------------------------
Time: 2025-06-21 02:32:38
Title: בדקות הקרובות צפויות להתקבל התרעות באזורך
Location: תל אביב - עבר הירקון
Oref Category: 14
Status: upcoming
Threat Type: Unknown
----------------------------------------
Time: 2025-06-21 02:32:38
Title: בדקות הקרובות צפויות להתקבל התרעות באזורך
Location: אור יהודה
Oref Category: 14
Status: upcoming
Threat Type: Unknown
----------------------------------------
Time: 2025-06-21 02:32:38
Title: בדקות הקרובות צפויות להתקבל התרעות באזורך
Location: אזור
Oref Category: 14
Status: upcoming
Threat Type: Unknown
----------------------------------------
Time: 2025-06-21 02:32:38
Title: בדקות הקרובות צפויות להתקבל התרעות באזורך
Location: בני ברק
Oref Category: 14
Status: upcoming
Threat Type: Unknown
----------------------------------------
Time: 2025-06-21 02:32:38
Title: בדקות הקרובות צפויות להתקבל התרעות באזורך
Location: בת ים
Oref Category: 14
Status: upcoming
Threat Type: Unknown
----------------------------------------
Time: 2025-06-21 02:32:38
Title: בדקות הקרובות צפויות להתקבל התרעות באזורך
Location: גבעת שמואל
Oref Category: 14
Status: upcoming
Threat Type: Unknown
----------------------------------------
Time: 2025-06-21 02:32:38
Title: בדקות הקרובות צפויות להתקבל התרעות באזורך
Location: גבעתיים
Oref Category: 14
Status: upcoming
Threat Type: Unknown
----------------------------------------
Time: 2025-06-21 02:32:38
Title: בדקות הקרובות צפויות להתקבל התרעות באזורך
Location: הרצליה - מערב
Oref Category: 14
Status: upcoming
Threat Type: Unknown
----------------------------------------
Time: 2025-06-21 02:32:38
Title: בדקות הקרובות צפויות להתקבל התרעות באזורך
Location: הרצליה - מרכז וגליל ים
Oref Category: 14
Status: upcoming
Threat Type: Unknown
----------------------------------------
Time: 2025-06-21 02:32:38
Title: בדקות הקרובות צפויות להתקבל התרעות באזורך
Location: חולון
Oref Category: 14
Status: upcoming
Threat Type: Unknown
----------------------------------------
Time: 2025-06-21 02:32:38
Title: בדקות הקרובות צפויות להתקבל התרעות באזורך
Location: יהוד מונוסון
Oref Category: 14
Status: upcoming
Threat Type: Unknown
----------------------------------------
Time: 2025-06-21 02:32:38
Title: בדקות הקרובות צפויות להתקבל התרעות באזורך
Location: כפר שמריהו
Oref Category: 14
Status: upcoming
Threat Type: Unknown
----------------------------------------
Time: 2025-06-21 02:32:38
Title: בדקות הקרובות צפויות להתקבל התרעות באזורך
Location: מקווה ישראל
Oref Category: 14
Status: upcoming
Threat Type: Unknown
----------------------------------------
Time: 2025-06-21 02:32:38
Title: בדקות הקרובות צפויות להתקבל התרעות באזורך
Location: סביון
Oref Category: 14
Status: upcoming
Threat Type: Unknown
----------------------------------------
Time: 2025-06-21 02:32:38
Title: בדקות הקרובות צפויות להתקבל התרעות באזורך
Location: קריית אונו
Oref Category: 14
Status: upcoming
Threat Type: Unknown
----------------------------------------
Time: 2025-06-21 02:32:38
Title: בדקות הקרובות צפויות להתקבל התרעות באזורך
Location: רמת גן - מזרח
Oref Category: 14
Status: upcoming
Threat Type: Unknown
----------------------------------------
Time: 2025-06-21 02:32:38
Title: בדקות הקרובות צפויות להתקבל התרעות באזורך
Location: רמת גן - מערב
Oref Category: 14
Status: upcoming
Threat Type: Unknown
----------------------------------------
Time: 2025-06-21 02:32:38
Title: בדקות הקרובות צפויות להתקבל התרעות באזורך
Location: רמת השרון
Oref Category: 14
Status: upcoming
Threat Type: Unknown
----------------------------------------
Time: 2025-06-21 02:32:38
Title: בדקות הקרובות צפויות להתקבל התרעות באזורך
Location: גני תקווה
Oref Category: 14
Status: upcoming
Threat Type: Unknown
----------------------------------------
Time: 2025-06-21 02:32:38
Title: בדקות הקרובות צפויות להתקבל התרעות באזורך
Location: בית עלמין מורשה
Oref Category: 14
Status: upcoming
Threat Type: Unknown
----------------------------------------
Time: 2025-06-21 02:32:38
Title: בדקות הקרובות צפויות להתקבל התרעות באזורך
Location: סינמה סיטי גלילות
Oref Category: 14
Status: upcoming
Threat Type: Unknown
----------------------------------------
Time: 2025-06-21 02:32:38
Title: בדקות הקרובות צפויות להתקבל התרעות באזורך
Location: מתחם פי גלילות
Oref Category: 14
Status: upcoming
Threat Type: Unknown
----------------------------------------
Time: 2025-06-21 02:32:38
Title: בדקות הקרובות צפויות להתקבל התרעות באזורך
Location: גיבתון
Oref Category: 14
Status: upcoming
Threat Type: Unknown
----------------------------------------
Time: 2025-06-21 02:32:38
Title: בדקות הקרובות צפויות להתקבל התרעות באזורך
Location: גמזו
Oref Category: 14
Status: upcoming
Threat Type: Unknown
----------------------------------------
Time: 2025-06-21 02:32:38
Title: בדקות הקרובות צפויות להתקבל התרעות באזורך
Location: גן שלמה
Oref Category: 14
Status: upcoming
Threat Type: Unknown
----------------------------------------
Time: 2025-06-21 02:32:38
Title: בדקות הקרובות צפויות להתקבל התרעות באזורך
Location: חשמונאים
Oref Category: 14
Status: upcoming
Threat Type: Unknown
----------------------------------------
Time: 2025-06-21 02:32:38
Title: בדקות הקרובות צפויות להתקבל התרעות באזורך
Location: כפר דניאל
Oref Category: 14
Status: upcoming
Threat Type: Unknown
----------------------------------------
Time: 2025-06-21 02:32:38
Title: בדקות הקרובות צפויות להתקבל התרעות באזורך
Location: כפר רות
Oref Category: 14
Status: upcoming
Threat Type: Unknown
----------------------------------------
Time: 2025-06-21 02:32:38
Title: בדקות הקרובות צפויות להתקבל התרעות באזורך
Location: לפיד
Oref Category: 14
Status: upcoming
Threat Type: Unknown
----------------------------------------
Time: 2025-06-21 02:32:38
Title: בדקות הקרובות צפויות להתקבל התרעות באזורך
Location: מבוא חורון
Oref Category: 14
Status: upcoming
Threat Type: Unknown
----------------------------------------
Time: 2025-06-21 02:32:38
Title: בדקות הקרובות צפויות להתקבל התרעות באזורך
Location: מבוא מודיעים
Oref Category: 14
Status: upcoming
Threat Type: Unknown
----------------------------------------
Time: 2025-06-21 02:32:38
Title: בדקות הקרובות צפויות להתקבל התרעות באזורך
Location: מודיעין - ליגד סנטר
Oref Category: 14
Status: upcoming
Threat Type: Unknown
----------------------------------------
Time: 2025-06-21 02:32:38
Title: בדקות הקרובות צפויות להתקבל התרעות באזורך
Location: מודיעין מכבים רעות
Oref Category: 14
Status: upcoming
Threat Type: Unknown
----------------------------------------
Time: 2025-06-21 02:32:38
Title: בדקות הקרובות צפויות להתקבל התרעות באזורך
Location: מודיעין עילית
Oref Category: 14
Status: upcoming
Threat Type: Unknown
----------------------------------------
Time: 2025-06-21 02:32:38
Title: בדקות הקרובות צפויות להתקבל התרעות באזורך
Location: מתתיהו
Oref Category: 14
Status: upcoming
Threat Type: Unknown
----------------------------------------
Time: 2025-06-21 02:32:38
Title: בדקות הקרובות צפויות להתקבל התרעות באזורך
Location: נוף איילון
Oref Category: 14
Status: upcoming
Threat Type: Unknown
----------------------------------------
Time: 2025-06-21 02:32:38
Title: בדקות הקרובות צפויות להתקבל התרעות באזורך
Location: נצר סרני
Oref Category: 14
Status: upcoming
Threat Type: Unknown
----------------------------------------
Time: 2025-06-21 02:32:38
Title: בדקות הקרובות צפויות להתקבל התרעות באזורך
Location: פארק תעשיות פלמחים
Oref Category: 14
Status: upcoming
Threat Type: Unknown
----------------------------------------
Time: 2025-06-21 02:32:38
Title: בדקות הקרובות צפויות להתקבל התרעות באזורך
Location: פלמחים
Oref Category: 14
Status: upcoming
Threat Type: Unknown
----------------------------------------
Time: 2025-06-21 02:32:38
Title: בדקות הקרובות צפויות להתקבל התרעות באזורך
Location: ראשון לציון - מזרח
Oref Category: 14
Status: upcoming
Threat Type: Unknown
----------------------------------------
Time: 2025-06-21 02:32:38
Title: בדקות הקרובות צפויות להתקבל התרעות באזורך
Location: ראשון לציון - מערב
Oref Category: 14
Status: upcoming
Threat Type: Unknown
----------------------------------------
Time: 2025-06-21 02:32:38
Title: בדקות הקרובות צפויות להתקבל התרעות באזורך
Location: רחובות
Oref Category: 14
Status: upcoming
Threat Type: Unknown
----------------------------------------
Time: 2025-06-21 02:32:38
Title: בדקות הקרובות צפויות להתקבל התרעות באזורך
Location: שילת
Oref Category: 14
Status: upcoming
Threat Type: Unknown
----------------------------------------
Time: 2025-06-21 02:32:38
Title: בדקות הקרובות צפויות להתקבל התרעות באזורך
Location: שעלבים
Oref Category: 14
Status: upcoming
Threat Type: Unknown
----------------------------------------
Time: 2025-06-21 02:32:38
Title: בדקות הקרובות צפויות להתקבל התרעות באזורך
Location: אזור תעשייה נשר - רמלה
Oref Category: 14
Status: upcoming
Threat Type: Unknown
----------------------------------------
Time: 2025-06-21 02:32:38
Title: בדקות הקרובות צפויות להתקבל התרעות באזורך
Location: אזור תעשייה רגמ
Oref Category: 14
Status: upcoming
Threat Type: Unknown
----------------------------------------
Time: 2025-06-21 02:32:38
Title: בדקות הקרובות צפויות להתקבל התרעות באזורך
Location: אחיסמך
Oref Category: 14
Status: upcoming
Threat Type: Unknown
----------------------------------------
Time: 2025-06-21 02:32:38
Title: בדקות הקרובות צפויות להתקבל התרעות באזורך
Location: אירוס
Oref Category: 14
Status: upcoming
Threat Type: Unknown
----------------------------------------
Time: 2025-06-21 02:32:38
Title: בדקות הקרובות צפויות להתקבל התרעות באזורך
Location: באר יעקב
Oref Category: 14
Status: upcoming
Threat Type: Unknown
----------------------------------------
Time: 2025-06-21 02:32:38
Title: בדקות הקרובות צפויות להתקבל התרעות באזורך
Location: בית אלעזרי
Oref Category: 14
Status: upcoming
Threat Type: Unknown
----------------------------------------
Time: 2025-06-21 02:32:38
Title: בדקות הקרובות צפויות להתקבל התרעות באזורך
Location: בית חלקיה
Oref Category: 14
Status: upcoming
Threat Type: Unknown
----------------------------------------
Time: 2025-06-21 02:32:38
Title: בדקות הקרובות צפויות להתקבל התרעות באזורך
Location: בית חנן
Oref Category: 14
Status: upcoming
Threat Type: Unknown
----------------------------------------
Time: 2025-06-21 02:32:38
Title: בדקות הקרובות צפויות להתקבל התרעות באזורך
Location: בית עובד
Oref Category: 14
Status: upcoming
Threat Type: Unknown
----------------------------------------
Time: 2025-06-21 02:32:38
Title: בדקות הקרובות צפויות להתקבל התרעות באזורך
Location: בן שמן
Oref Category: 14
Status: upcoming
Threat Type: Unknown
----------------------------------------
Time: 2025-06-21 02:32:38
Title: בדקות הקרובות צפויות להתקבל התרעות באזורך
Location: בני ראם
Oref Category: 14
Status: upcoming
Threat Type: Unknown
----------------------------------------
Time: 2025-06-21 02:32:38
Title: בדקות הקרובות צפויות להתקבל התרעות באזורך
Location: גאליה
Oref Category: 14
Status: upcoming
Threat Type: Unknown
----------------------------------------
Time: 2025-06-21 02:32:38
Title: בדקות הקרובות צפויות להתקבל התרעות באזורך
Location: גדרה
Oref Category: 14
Status: upcoming
Threat Type: Unknown
----------------------------------------
Time: 2025-06-21 02:32:38
Title: בדקות הקרובות צפויות להתקבל התרעות באזורך
Location: גינתון
Oref Category: 14
Status: upcoming
Threat Type: Unknown
----------------------------------------
Time: 2025-06-21 02:32:38
Title: בדקות הקרובות צפויות להתקבל התרעות באזורך
Location: גן שורק
Oref Category: 14
Status: upcoming
Threat Type: Unknown
----------------------------------------
Time: 2025-06-21 02:32:38
Title: בדקות הקרובות צפויות להתקבל התרעות באזורך
Location: גני טל
Oref Category: 14
Status: upcoming
Threat Type: Unknown
----------------------------------------
Time: 2025-06-21 02:32:38
Title: בדקות הקרובות צפויות להתקבל התרעות באזורך
Location: חפץ חיים
Oref Category: 14
Status: upcoming
Threat Type: Unknown
----------------------------------------
Time: 2025-06-21 02:32:38
Title: בדקות הקרובות צפויות להתקבל התרעות באזורך
Location: יבנה
Oref Category: 14
Status: upcoming
Threat Type: Unknown
----------------------------------------
Time: 2025-06-21 02:32:38
Title: בדקות הקרובות צפויות להתקבל התרעות באזורך
Location: יד בנימין
Oref Category: 14
Status: upcoming
Threat Type: Unknown
----------------------------------------
Time: 2025-06-21 02:32:38
Title: בדקות הקרובות צפויות להתקבל התרעות באזורך
Location: ישרש
Oref Category: 14
Status: upcoming
Threat Type: Unknown
----------------------------------------
Time: 2025-06-21 02:32:38
Title: בדקות הקרובות צפויות להתקבל התרעות באזורך
Location: כפר הנגיד
Oref Category: 14
Status: upcoming
Threat Type: Unknown
----------------------------------------
Time: 2025-06-21 02:32:38
Title: בדקות הקרובות צפויות להתקבל התרעות באזורך
Location: כפר נוער בן שמן
Oref Category: 14
Status: upcoming
Threat Type: Unknown
----------------------------------------
Time: 2025-06-21 02:32:38
Title: בדקות הקרובות צפויות להתקבל התרעות באזורך
Location: לוד
Oref Category: 14
Status: upcoming
Threat Type: Unknown
----------------------------------------
Time: 2025-06-21 02:32:38
Title: בדקות הקרובות צפויות להתקבל התרעות באזורך
Location: מצליח
Oref Category: 14
Status: upcoming
Threat Type: Unknown
----------------------------------------
Time: 2025-06-21 02:32:38
Title: בדקות הקרובות צפויות להתקבל התרעות באזורך
Location: נטעים
Oref Category: 14
Status: upcoming
Threat Type: Unknown
----------------------------------------
Time: 2025-06-21 02:32:38
Title: בדקות הקרובות צפויות להתקבל התרעות באזורך
Location: ניר צבי
Oref Category: 14
Status: upcoming
Threat Type: Unknown
----------------------------------------
Time: 2025-06-21 02:32:38
Title: בדקות הקרובות צפויות להתקבל התרעות באזורך
Location: נס ציונה
Oref Category: 14
Status: upcoming
Threat Type: Unknown
----------------------------------------
Time: 2025-06-21 02:32:38
Title: בדקות הקרובות צפויות להתקבל התרעות באזורך
Location: עיינות
Oref Category: 14
Status: upcoming
Threat Type: Unknown
----------------------------------------
Time: 2025-06-21 02:32:38
Title: בדקות הקרובות צפויות להתקבל התרעות באזורך
Location: קדרון
Oref Category: 14
Status: upcoming
Threat Type: Unknown
----------------------------------------
Time: 2025-06-21 02:32:38
Title: בדקות הקרובות צפויות להתקבל התרעות באזורך
Location: רבדים
Oref Category: 14
Status: upcoming
Threat Type: Unknown
----------------------------------------
Time: 2025-06-21 02:32:38
Title: בדקות הקרובות צפויות להתקבל התרעות באזורך
Location: רמלה
Oref Category: 14
Status: upcoming
Threat Type: Unknown
----------------------------------------
Time: 2025-06-21 02:32:38
Title: בדקות הקרובות צפויות להתקבל התרעות באזורך
Location: תעשיון צריפין
Oref Category: 14
Status: upcoming
Threat Type: Unknown
----------------------------------------
Time: 2025-06-21 02:32:38
Title: בדקות הקרובות צפויות להתקבל התרעות באזורך
Location: אזור תעשייה רבדים
Oref Category: 14
Status: upcoming
Threat Type: Unknown
----------------------------------------
Time: 2025-06-21 02:32:38
Title: בדקות הקרובות צפויות להתקבל התרעות באזורך
Location: אחיעזר
Oref Category: 14
Status: upcoming
Threat Type: Unknown
----------------------------------------
Time: 2025-06-21 02:32:38
Title: בדקות הקרובות צפויות להתקבל התרעות באזורך
Location: בית גמליאל
Oref Category: 14
Status: upcoming
Threat Type: Unknown
----------------------------------------
Time: 2025-06-21 02:32:38
Title: בדקות הקרובות צפויות להתקבל התרעות באזורך
Location: בית דגן
Oref Category: 14
Status: upcoming
Threat Type: Unknown
----------------------------------------
Time: 2025-06-21 02:32:38
Title: בדקות הקרובות צפויות להתקבל התרעות באזורך
Location: בית חשמונאי
Oref Category: 14
Status: upcoming
Threat Type: Unknown
----------------------------------------
Time: 2025-06-21 02:32:38
Title: בדקות הקרובות צפויות להתקבל התרעות באזורך
Location: בית עוזיאל
Oref Category: 14
Status: upcoming
Threat Type: Unknown
----------------------------------------
Time: 2025-06-21 02:32:38
Title: בדקות הקרובות צפויות להתקבל התרעות באזורך
Location: בן זכאי
Oref Category: 14
Status: upcoming
Threat Type: Unknown
----------------------------------------
Time: 2025-06-21 02:32:38
Title: בדקות הקרובות צפויות להתקבל התרעות באזורך
Location: בניה
Oref Category: 14
Status: upcoming
Threat Type: Unknown
----------------------------------------
Time: 2025-06-21 02:32:38
Title: בדקות הקרובות צפויות להתקבל התרעות באזורך
Location: גבעת ברנר
Oref Category: 14
Status: upcoming
Threat Type: Unknown
----------------------------------------
Time: 2025-06-21 02:32:38
Title: בדקות הקרובות צפויות להתקבל התרעות באזורך
Location: גבעת וושינגטון
Oref Category: 14
Status: upcoming
Threat Type: Unknown
----------------------------------------
Time: 2025-06-21 02:32:38
Title: בדקות הקרובות צפויות להתקבל התרעות באזורך
Location: גזר
Oref Category: 14
Status: upcoming
Threat Type: Unknown
----------------------------------------
Time: 2025-06-21 02:32:38
Title: בדקות הקרובות צפויות להתקבל התרעות באזורך
Location: גני הדר
Oref Category: 14
Status: upcoming
Threat Type: Unknown
----------------------------------------
Time: 2025-06-21 02:32:38
Title: בדקות הקרובות צפויות להתקבל התרעות באזורך
Location: גני יוחנן
Oref Category: 14
Status: upcoming
Threat Type: Unknown
----------------------------------------
Time: 2025-06-21 02:32:38
Title: בדקות הקרובות צפויות להתקבל התרעות באזורך
Location: זיתן
Oref Category: 14
Status: upcoming
Threat Type: Unknown
----------------------------------------
Time: 2025-06-21 02:32:38
Title: בדקות הקרובות צפויות להתקבל התרעות באזורך
Location: חולדה
Oref Category: 14
Status: upcoming
Threat Type: Unknown
----------------------------------------
Time: 2025-06-21 02:32:38
Title: בדקות הקרובות צפויות להתקבל התרעות באזורך
Location: חמד
Oref Category: 14
Status: upcoming
Threat Type: Unknown
----------------------------------------
Time: 2025-06-21 02:32:38
Title: בדקות הקרובות צפויות להתקבל התרעות באזורך
Location: חניון הנתיב מהיר
Oref Category: 14
Status: upcoming
Threat Type: Unknown
----------------------------------------
Time: 2025-06-21 02:32:38
Title: בדקות הקרובות צפויות להתקבל התרעות באזורך
Location: יגל
Oref Category: 14
Status: upcoming
Threat Type: Unknown
----------------------------------------
Time: 2025-06-21 02:32:38
Title: בדקות הקרובות צפויות להתקבל התרעות באזורך
Location: יד רמב''ם
Oref Category: 14
Status: upcoming
Threat Type: Unknown
----------------------------------------
Time: 2025-06-21 02:32:38
Title: בדקות הקרובות צפויות להתקבל התרעות באזורך
Location: יסודות
Oref Category: 14
Status: upcoming
Threat Type: Unknown
----------------------------------------
Time: 2025-06-21 02:32:38
Title: בדקות הקרובות צפויות להתקבל התרעות באזורך
Location: יציץ
Oref Category: 14
Status: upcoming
Threat Type: Unknown
----------------------------------------
Time: 2025-06-21 02:32:38
Title: בדקות הקרובות צפויות להתקבל התרעות באזורך
Location: כפר אביב
Oref Category: 14
Status: upcoming
Threat Type: Unknown
----------------------------------------
Time: 2025-06-21 02:32:38
Title: בדקות הקרובות צפויות להתקבל התרעות באזורך
Location: כפר ביל''ו
Oref Category: 14
Status: upcoming
Threat Type: Unknown
----------------------------------------
Time: 2025-06-21 02:32:38
Title: בדקות הקרובות צפויות להתקבל התרעות באזורך
Location: כפר בן נון
Oref Category: 14
Status: upcoming
Threat Type: Unknown
----------------------------------------
Time: 2025-06-21 02:32:38
Title: בדקות הקרובות צפויות להתקבל התרעות באזורך
Location: כפר חב''ד
Oref Category: 14
Status: upcoming
Threat Type: Unknown
----------------------------------------
Time: 2025-06-21 02:32:38
Title: בדקות הקרובות צפויות להתקבל התרעות באזורך
Location: כפר מרדכי
Oref Category: 14
Status: upcoming
Threat Type: Unknown
----------------------------------------
Time: 2025-06-21 02:32:38
Title: בדקות הקרובות צפויות להתקבל התרעות באזורך
Location: כפר שמואל
Oref Category: 14
Status: upcoming
Threat Type: Unknown
----------------------------------------
Time: 2025-06-21 02:32:38
Title: בדקות הקרובות צפויות להתקבל התרעות באזורך
Location: כרם ביבנה
Oref Category: 14
Status: upcoming
Threat Type: Unknown
----------------------------------------
Time: 2025-06-21 02:32:38
Title: בדקות הקרובות צפויות להתקבל התרעות באזורך
Location: כרמי יוסף
Oref Category: 14
Status: upcoming
Threat Type: Unknown
----------------------------------------
Time: 2025-06-21 02:32:38
Title: בדקות הקרובות צפויות להתקבל התרעות באזורך
Location: מזכרת בתיה
Oref Category: 14
Status: upcoming
Threat Type: Unknown
----------------------------------------
Time: 2025-06-21 02:32:38
Title: בדקות הקרובות צפויות להתקבל התרעות באזורך
Location: מישר
Oref Category: 14
Status: upcoming
Threat Type: Unknown
----------------------------------------
Time: 2025-06-21 02:32:38
Title: בדקות הקרובות צפויות להתקבל התרעות באזורך
Location: מפעל אגריגדה
Oref Category: 14
Status: upcoming
Threat Type: Unknown
----------------------------------------
Time: 2025-06-21 02:32:38
Title: בדקות הקרובות צפויות להתקבל התרעות באזורך
Location: משגב דב
Oref Category: 14
Status: upcoming
Threat Type: Unknown
----------------------------------------
Time: 2025-06-21 02:32:38
Title: בדקות הקרובות צפויות להתקבל התרעות באזורך
Location: משמר איילון
Oref Category: 14
Status: upcoming
Threat Type: Unknown
----------------------------------------
Time: 2025-06-21 02:32:38
Title: בדקות הקרובות צפויות להתקבל התרעות באזורך
Location: משמר דוד
Oref Category: 14
Status: upcoming
Threat Type: Unknown
----------------------------------------
Time: 2025-06-21 02:32:38
Title: בדקות הקרובות צפויות להתקבל התרעות באזורך
Location: משמר השבעה
Oref Category: 14
Status: upcoming
Threat Type: Unknown
----------------------------------------
Time: 2025-06-21 02:32:38
Title: בדקות הקרובות צפויות להתקבל התרעות באזורך
Location: מתחם בני דרום
Oref Category: 14
Status: upcoming
Threat Type: Unknown
----------------------------------------
Time: 2025-06-21 02:32:38
Title: בדקות הקרובות צפויות להתקבל התרעות באזורך
Location: נאות קדומים
Oref Category: 14
Status: upcoming
Threat Type: Unknown
----------------------------------------
Time: 2025-06-21 02:32:38
Title: בדקות הקרובות צפויות להתקבל התרעות באזורך
Location: נען
Oref Category: 14
Status: upcoming
Threat Type: Unknown
----------------------------------------
Time: 2025-06-21 02:32:38
Title: בדקות הקרובות צפויות להתקבל התרעות באזורך
Location: נצר חזני
Oref Category: 14
Status: upcoming
Threat Type: Unknown
----------------------------------------
Time: 2025-06-21 02:32:38
Title: בדקות הקרובות צפויות להתקבל התרעות באזורך
Location: סתריה
Oref Category: 14
Status: upcoming
Threat Type: Unknown
----------------------------------------
Time: 2025-06-21 02:32:38
Title: בדקות הקרובות צפויות להתקבל התרעות באזורך
Location: עזריה
Oref Category: 14
Status: upcoming
Threat Type: Unknown
----------------------------------------
Time: 2025-06-21 02:32:38
Title: בדקות הקרובות צפויות להתקבל התרעות באזורך
Location: עשרת
Oref Category: 14
Status: upcoming
Threat Type: Unknown
----------------------------------------
Time: 2025-06-21 02:32:38
Title: בדקות הקרובות צפויות להתקבל התרעות באזורך
Location: פדיה
Oref Category: 14
Status: upcoming
Threat Type: Unknown
----------------------------------------
Time: 2025-06-21 02:32:38
Title: בדקות הקרובות צפויות להתקבל התרעות באזורך
Location: פתחיה
Oref Category: 14
Status: upcoming
Threat Type: Unknown
----------------------------------------
Time: 2025-06-21 02:32:38
Title: בדקות הקרובות צפויות להתקבל התרעות באזורך
Location: צפריה
Oref Category: 14
Status: upcoming
Threat Type: Unknown
----------------------------------------
Time: 2025-06-21 02:32:38
Title: בדקות הקרובות צפויות להתקבל התרעות באזורך
Location: קבוצת יבנה
Oref Category: 14
Status: upcoming
Threat Type: Unknown
----------------------------------------
Time: 2025-06-21 02:32:38
Title: בדקות הקרובות צפויות להתקבל התרעות באזורך
Location: קריית עקרון
Oref Category: 14
Status: upcoming
Threat Type: Unknown
----------------------------------------
Time: 2025-06-21 02:32:38
Title: בדקות הקרובות צפויות להתקבל התרעות באזורך
Location: רמות מאיר
Oref Category: 14
Status: upcoming
Threat Type: Unknown
----------------------------------------
Time: 2025-06-21 02:32:38
Title: בדקות הקרובות צפויות להתקבל התרעות באזורך
Location: שדמה
Oref Category: 14
Status: upcoming
Threat Type: Unknown
----------------------------------------
Time: 2025-06-21 02:32:38
Title: בדקות הקרובות צפויות להתקבל התרעות באזורך
Location: אזור תעשייה גדרה
Oref Category: 14
Status: upcoming
Threat Type: Unknown
----------------------------------------
Time: 2025-06-21 02:32:38
Title: בדקות הקרובות צפויות להתקבל התרעות באזורך
Location: מעון צופיה
Oref Category: 14
Status: upcoming
Threat Type: Unknown
----------------------------------------
Time: 2025-06-21 02:32:38
Title: בדקות הקרובות צפויות להתקבל התרעות באזורך
Location: גנות
Oref Category: 14
Status: upcoming
Threat Type: Unknown
----------------------------------------
Time: 2025-06-21 02:32:38
Title: בדקות הקרובות צפויות להתקבל התרעות באזורך
Location: כפר האורנים
Oref Category: 14
Status: upcoming
Threat Type: Unknown
----------------------------------------
Time: 2025-06-21 02:32:38
Title: בדקות הקרובות צפויות להתקבל התרעות באזורך
Location: מודיעין - ישפרו סנטר
Oref Category: 14
Status: upcoming
Threat Type: Unknown
----------------------------------------
Time: 2025-06-21 02:32:38
Title: בדקות הקרובות צפויות להתקבל התרעות באזורך
Location: שדה דוד
Oref Category: 14
Status: upcoming
Threat Type: Unknown
----------------------------------------
Time: 2025-06-21 02:32:38
Title: בדקות הקרובות צפויות להתקבל התרעות באזורך
Location: תלמים
Oref Category: 14
Status: upcoming
Threat Type: Unknown
----------------------------------------
Time: 2025-06-21 02:32:38
Title: בדקות הקרובות צפויות להתקבל התרעות באזורך
Location: אלפי מנשה
Oref Category: 14
Status: upcoming
Threat Type: Unknown
----------------------------------------
Time: 2025-06-21 02:32:38
Title: בדקות הקרובות צפויות להתקבל התרעות באזורך
Location: אלקנה
Oref Category: 14
Status: upcoming
Threat Type: Unknown
----------------------------------------
Time: 2025-06-21 02:32:38
Title: בדקות הקרובות צפויות להתקבל התרעות באזורך
Location: עץ אפרים
Oref Category: 14
Status: upcoming
Threat Type: Unknown
----------------------------------------
Time: 2025-06-21 02:32:38
Title: בדקות הקרובות צפויות להתקבל התרעות באזורך
Location: צופים
Oref Category: 14
Status: upcoming
Threat Type: Unknown
----------------------------------------
Time: 2025-06-21 02:32:38
Title: בדקות הקרובות צפויות להתקבל התרעות באזורך
Location: שערי תקווה
Oref Category: 14
Status: upcoming
Threat Type: Unknown
----------------------------------------
Time: 2025-06-21 02:32:38
Title: בדקות הקרובות צפויות להתקבל התרעות באזורך
Location: סלעית
Oref Category: 14
Status: upcoming
Threat Type: Unknown
----------------------------------------
Time: 2025-06-21 02:32:38
Title: בדקות הקרובות צפויות להתקבל התרעות באזורך
Location: אביחיל
Oref Category: 14
Status: upcoming
Threat Type: Unknown
----------------------------------------
Time: 2025-06-21 02:32:38
Title: בדקות הקרובות צפויות להתקבל התרעות באזורך
Location: גבעת חן
Oref Category: 14
Status: upcoming
Threat Type: Unknown
----------------------------------------
Time: 2025-06-21 02:32:38
Title: בדקות הקרובות צפויות להתקבל התרעות באזורך
Location: נתניה - מזרח
Oref Category: 14
Status: upcoming
Threat Type: Unknown
----------------------------------------
Time: 2025-06-21 02:32:38
Title: בדקות הקרובות צפויות להתקבל התרעות באזורך
Location: נתניה - מערב
Oref Category: 14
Status: upcoming
Threat Type: Unknown
----------------------------------------
Time: 2025-06-21 02:32:38
Title: בדקות הקרובות צפויות להתקבל התרעות באזורך
Location: רעננה
Oref Category: 14
Status: upcoming
Threat Type: Unknown
----------------------------------------
Time: 2025-06-21 02:32:38
Title: בדקות הקרובות צפויות להתקבל התרעות באזורך
Location: שושנת העמקים
Oref Category: 14
Status: upcoming
Threat Type: Unknown
----------------------------------------
Time: 2025-06-21 02:32:38
Title: בדקות הקרובות צפויות להתקבל התרעות באזורך
Location: אורנית
Oref Category: 14
Status: upcoming
Threat Type: Unknown
----------------------------------------
Time: 2025-06-21 02:32:38
Title: בדקות הקרובות צפויות להתקבל התרעות באזורך
Location: אייל
Oref Category: 14
Status: upcoming
Threat Type: Unknown
----------------------------------------
Time: 2025-06-21 02:32:38
Title: בדקות הקרובות צפויות להתקבל התרעות באזורך
Location: אלישמע
Oref Category: 14
Status: upcoming
Threat Type: Unknown
----------------------------------------
Time: 2025-06-21 02:32:38
Title: בדקות הקרובות צפויות להתקבל התרעות באזורך
Location: בית ברל
Oref Category: 14
Status: upcoming
Threat Type: Unknown
----------------------------------------
Time: 2025-06-21 02:32:38
Title: בדקות הקרובות צפויות להתקבל התרעות באזורך
Location: בני דרור
Oref Category: 14
Status: upcoming
Threat Type: Unknown
----------------------------------------
Time: 2025-06-21 02:32:38
Title: בדקות הקרובות צפויות להתקבל התרעות באזורך
Location: ג'לג'וליה
Oref Category: 14
Status: upcoming
Threat Type: Unknown
----------------------------------------
Time: 2025-06-21 02:32:38
Title: בדקות הקרובות צפויות להתקבל התרעות באזורך
Location: גאולים
Oref Category: 14
Status: upcoming
Threat Type: Unknown
----------------------------------------
Time: 2025-06-21 02:32:38
Title: בדקות הקרובות צפויות להתקבל התרעות באזורך
Location: גן חיים
Oref Category: 14
Status: upcoming
Threat Type: Unknown
----------------------------------------
Time: 2025-06-21 02:32:38
Title: בדקות הקרובות צפויות להתקבל התרעות באזורך
Location: גני עם
Oref Category: 14
Status: upcoming
Threat Type: Unknown
----------------------------------------
Time: 2025-06-21 02:32:38
Title: בדקות הקרובות צפויות להתקבל התרעות באזורך
Location: הוד השרון
Oref Category: 14
Status: upcoming
Threat Type: Unknown
----------------------------------------
Time: 2025-06-21 02:32:38
Title: בדקות הקרובות צפויות להתקבל התרעות באזורך
Location: חגור
Oref Category: 14
Status: upcoming
Threat Type: Unknown
----------------------------------------
Time: 2025-06-21 02:32:38
Title: בדקות הקרובות צפויות להתקבל התרעות באזורך
Location: חורשים
Oref Category: 14
Status: upcoming
Threat Type: Unknown
----------------------------------------
Time: 2025-06-21 02:32:38
Title: בדקות הקרובות צפויות להתקבל התרעות באזורך
Location: חרות
Oref Category: 14
Status: upcoming
Threat Type: Unknown
----------------------------------------
Time: 2025-06-21 02:32:38
Title: בדקות הקרובות צפויות להתקבל התרעות באזורך
Location: טייבה
Oref Category: 14
Status: upcoming
Threat Type: Unknown
----------------------------------------
Time: 2025-06-21 02:32:38
Title: בדקות הקרובות צפויות להתקבל התרעות באזורך
Location: טירה
Oref Category: 14
Status: upcoming
Threat Type: Unknown
----------------------------------------
Time: 2025-06-21 02:32:38
Title: בדקות הקרובות צפויות להתקבל התרעות באזורך
Location: יעף
Oref Category: 14
Status: upcoming
Threat Type: Unknown
----------------------------------------
Time: 2025-06-21 02:32:38
Title: בדקות הקרובות צפויות להתקבל התרעות באזורך
Location: ירחיב
Oref Category: 14
Status: upcoming
Threat Type: Unknown
----------------------------------------
Time: 2025-06-21 02:32:38
Title: בדקות הקרובות צפויות להתקבל התרעות באזורך
Location: ירקונה
Oref Category: 14
Status: upcoming
Threat Type: Unknown
----------------------------------------
Time: 2025-06-21 02:32:38
Title: בדקות הקרובות צפויות להתקבל התרעות באזורך
Location: כוכב יאיר - צור יגאל
Oref Category: 14
Status: upcoming
Threat Type: Unknown
----------------------------------------
Time: 2025-06-21 02:32:38
Title: בדקות הקרובות צפויות להתקבל התרעות באזורך
Location: כפר ברא
Oref Category: 14
Status: upcoming
Threat Type: Unknown
----------------------------------------
Time: 2025-06-21 02:32:38
Title: בדקות הקרובות צפויות להתקבל התרעות באזורך
Location: כפר הס
Oref Category: 14
Status: upcoming
Threat Type: Unknown
----------------------------------------
Time: 2025-06-21 02:32:38
Title: בדקות הקרובות צפויות להתקבל התרעות באזורך
Location: כפר יעבץ
Oref Category: 14
Status: upcoming
Threat Type: Unknown
----------------------------------------
Time: 2025-06-21 02:32:38
Title: בדקות הקרובות צפויות להתקבל התרעות באזורך
Location: כפר מל''ל
Oref Category: 14
Status: upcoming
Threat Type: Unknown
----------------------------------------
Time: 2025-06-21 02:32:38
Title: בדקות הקרובות צפויות להתקבל התרעות באזורך
Location: כפר סבא
Oref Category: 14
Status: upcoming
Threat Type: Unknown
----------------------------------------
Time: 2025-06-21 02:32:38
Title: בדקות הקרובות צפויות להתקבל התרעות באזורך
Location: כפר עבודה
Oref Category: 14
Status: upcoming
Threat Type: Unknown
----------------------------------------
Time: 2025-06-21 02:32:38
Title: בדקות הקרובות צפויות להתקבל התרעות באזורך
Location: כפר קאסם
Oref Category: 14
Status: upcoming
Threat Type: Unknown
----------------------------------------
Time: 2025-06-21 02:32:38
Title: בדקות הקרובות צפויות להתקבל התרעות באזורך
Location: משמרת
Oref Category: 14
Status: upcoming
Threat Type: Unknown
----------------------------------------
Time: 2025-06-21 02:32:38
Title: בדקות הקרובות צפויות להתקבל התרעות באזורך
Location: מתן
Oref Category: 14
Status: upcoming
Threat Type: Unknown
----------------------------------------
Time: 2025-06-21 02:32:38
Title: בדקות הקרובות צפויות להתקבל התרעות באזורך
Location: נווה ימין
Oref Category: 14
Status: upcoming
Threat Type: Unknown
----------------------------------------
Time: 2025-06-21 02:32:38
Title: בדקות הקרובות צפויות להתקבל התרעות באזורך
Location: נווה ירק
Oref Category: 14
Status: upcoming
Threat Type: Unknown
----------------------------------------
Time: 2025-06-21 02:32:38
Title: בדקות הקרובות צפויות להתקבל התרעות באזורך
Location: ניר אליהו
Oref Category: 14
Status: upcoming
Threat Type: Unknown
----------------------------------------
Time: 2025-06-21 02:32:38
Title: בדקות הקרובות צפויות להתקבל התרעות באזורך
Location: נירית
Oref Category: 14
Status: upcoming
Threat Type: Unknown
----------------------------------------
Time: 2025-06-21 02:32:38
Title: בדקות הקרובות צפויות להתקבל התרעות באזורך
Location: עדנים
Oref Category: 14
Status: upcoming
Threat Type: Unknown
----------------------------------------
Time: 2025-06-21 02:32:38
Title: בדקות הקרובות צפויות להתקבל התרעות באזורך
Location: עזריאל
Oref Category: 14
Status: upcoming
Threat Type: Unknown
----------------------------------------
Time: 2025-06-21 02:32:38
Title: בדקות הקרובות צפויות להתקבל התרעות באזורך
Location: עין ורד
Oref Category: 14
Status: upcoming
Threat Type: Unknown
----------------------------------------
Time: 2025-06-21 02:32:38
Title: בדקות הקרובות צפויות להתקבל התרעות באזורך
Location: עין שריד
Oref Category: 14
Status: upcoming
Threat Type: Unknown
----------------------------------------
Time: 2025-06-21 02:32:38
Title: בדקות הקרובות צפויות להתקבל התרעות באזורך
Location: פורת
Oref Category: 14
Status: upcoming
Threat Type: Unknown
----------------------------------------
Time: 2025-06-21 02:32:38
Title: בדקות הקרובות צפויות להתקבל התרעות באזורך
Location: פרדסיה
Oref Category: 14
Status: upcoming
Threat Type: Unknown
----------------------------------------
Time: 2025-06-21 02:32:38
Title: בדקות הקרובות צפויות להתקבל התרעות באזורך
Location: צופית
Oref Category: 14
Status: upcoming
Threat Type: Unknown
----------------------------------------
Time: 2025-06-21 02:32:38
Title: בדקות הקרובות צפויות להתקבל התרעות באזורך
Location: צור יצחק
Oref Category: 14
Status: upcoming
Threat Type: Unknown
----------------------------------------
Time: 2025-06-21 02:32:38
Title: בדקות הקרובות צפויות להתקבל התרעות באזורך
Location: צור משה
Oref Category: 14
Status: upcoming
Threat Type: Unknown
----------------------------------------
Time: 2025-06-21 02:32:38
Title: בדקות הקרובות צפויות להתקבל התרעות באזורך
Location: צור נתן
Oref Category: 14
Status: upcoming
Threat Type: Unknown
----------------------------------------
Time: 2025-06-21 02:32:38
Title: בדקות הקרובות צפויות להתקבל התרעות באזורך
Location: קדימה צורן
Oref Category: 14
Status: upcoming
Threat Type: Unknown
----------------------------------------
Time: 2025-06-21 02:32:38
Title: בדקות הקרובות צפויות להתקבל התרעות באזורך
Location: קלנסווה
Oref Category: 14
Status: upcoming
Threat Type: Unknown
----------------------------------------
Time: 2025-06-21 02:32:38
Title: בדקות הקרובות צפויות להתקבל התרעות באזורך
Location: רמות השבים
Oref Category: 14
Status: upcoming
Threat Type: Unknown
----------------------------------------
Time: 2025-06-21 02:32:38
Title: בדקות הקרובות צפויות להתקבל התרעות באזורך
Location: רמת הכובש
Oref Category: 14
Status: upcoming
Threat Type: Unknown
----------------------------------------
Time: 2025-06-21 02:32:38
Title: בדקות הקרובות צפויות להתקבל התרעות באזורך
Location: שדה ורבורג
Oref Category: 14
Status: upcoming
Threat Type: Unknown
----------------------------------------
Time: 2025-06-21 02:32:38
Title: בדקות הקרובות צפויות להתקבל התרעות באזורך
Location: שדי חמד
Oref Category: 14
Status: upcoming
Threat Type: Unknown
----------------------------------------
Time: 2025-06-21 02:32:38
Title: בדקות הקרובות צפויות להתקבל התרעות באזורך
Location: שער אפרים
Oref Category: 14
Status: upcoming
Threat Type: Unknown
----------------------------------------
Time: 2025-06-21 02:32:38
Title: בדקות הקרובות צפויות להתקבל התרעות באזורך
Location: תחנת רכבת ראש העין
Oref Category: 14
Status: upcoming
Threat Type: Unknown
----------------------------------------
Time: 2025-06-21 02:32:38
Title: בדקות הקרובות צפויות להתקבל התרעות באזורך
Location: תל מונד
Oref Category: 14
Status: upcoming
Threat Type: Unknown
----------------------------------------
Time: 2025-06-21 02:32:38
Title: בדקות הקרובות צפויות להתקבל התרעות באזורך
Location: אבן יהודה
Oref Category: 14
Status: upcoming
Threat Type: Unknown
----------------------------------------
Time: 2025-06-21 02:32:38
Title: בדקות הקרובות צפויות להתקבל התרעות באזורך
Location: אודים
Oref Category: 14
Status: upcoming
Threat Type: Unknown
----------------------------------------
Time: 2025-06-21 02:32:38
Title: בדקות הקרובות צפויות להתקבל התרעות באזורך
Location: ארסוף
Oref Category: 14
Status: upcoming
Threat Type: Unknown
----------------------------------------
Time: 2025-06-21 02:32:38
Title: בדקות הקרובות צפויות להתקבל התרעות באזורך
Location: בית יהושע
Oref Category: 14
Status: upcoming
Threat Type: Unknown
----------------------------------------
Time: 2025-06-21 02:32:38
Title: בדקות הקרובות צפויות להתקבל התרעות באזורך
Location: בני ציון
Oref Category: 14
Status: upcoming
Threat Type: Unknown
----------------------------------------
Time: 2025-06-21 02:32:38
Title: בדקות הקרובות צפויות להתקבל התרעות באזורך
Location: בצרה
Oref Category: 14
Status: upcoming
Threat Type: Unknown
----------------------------------------
Time: 2025-06-21 02:32:38
Title: בדקות הקרובות צפויות להתקבל התרעות באזורך
Location: געש
Oref Category: 14
Status: upcoming
Threat Type: Unknown
----------------------------------------
Time: 2025-06-21 02:32:38
Title: בדקות הקרובות צפויות להתקבל התרעות באזורך
Location: חרוצים
Oref Category: 14
Status: upcoming
Threat Type: Unknown
----------------------------------------
Time: 2025-06-21 02:32:38
Title: בדקות הקרובות צפויות להתקבל התרעות באזורך
Location: יקום
Oref Category: 14
Status: upcoming
Threat Type: Unknown
----------------------------------------
Time: 2025-06-21 02:32:38
Title: בדקות הקרובות צפויות להתקבל התרעות באזורך
Location: כפר נטר
Oref Category: 14
Status: upcoming
Threat Type: Unknown
----------------------------------------
Time: 2025-06-21 02:32:38
Title: בדקות הקרובות צפויות להתקבל התרעות באזורך
Location: מכון וינגייט
Oref Category: 14
Status: upcoming
Threat Type: Unknown
----------------------------------------
Time: 2025-06-21 02:32:38
Title: בדקות הקרובות צפויות להתקבל התרעות באזורך
Location: רשפון
Oref Category: 14
Status: upcoming
Threat Type: Unknown
----------------------------------------
Time: 2025-06-21 02:32:38
Title: בדקות הקרובות צפויות להתקבל התרעות באזורך
Location: שפיים
Oref Category: 14
Status: upcoming
Threat Type: Unknown
----------------------------------------
Time: 2025-06-21 02:32:38
Title: בדקות הקרובות צפויות להתקבל התרעות באזורך
Location: תל יצחק
Oref Category: 14
Status: upcoming
Threat Type: Unknown
----------------------------------------
Time: 2025-06-21 02:32:38
Title: בדקות הקרובות צפויות להתקבל התרעות באזורך
Location: אזור תעשייה טירה
Oref Category: 14
Status: upcoming
Threat Type: Unknown
----------------------------------------
Time: 2025-06-21 02:32:38
Title: בדקות הקרובות צפויות להתקבל התרעות באזורך
Location: אזור תעשייה כפר יונה
Oref Category: 14
Status: upcoming
Threat Type: Unknown
----------------------------------------
Time: 2025-06-21 02:32:38
Title: בדקות הקרובות צפויות להתקבל התרעות באזורך
Location: אזור תעשייה עמק חפר
Oref Category: 14
Status: upcoming
Threat Type: Unknown
----------------------------------------
Time: 2025-06-21 02:32:38
Title: בדקות הקרובות צפויות להתקבל התרעות באזורך
Location: אחיטוב
Oref Category: 14
Status: upcoming
Threat Type: Unknown
----------------------------------------
Time: 2025-06-21 02:32:38
Title: בדקות הקרובות צפויות להתקבל התרעות באזורך
Location: אליכין
Oref Category: 14
Status: upcoming
Threat Type: Unknown
----------------------------------------
Time: 2025-06-21 02:32:38
Title: בדקות הקרובות צפויות להתקבל התרעות באזורך
Location: אלישיב
Oref Category: 14
Status: upcoming
Threat Type: Unknown
----------------------------------------
Time: 2025-06-21 02:32:38
Title: בדקות הקרובות צפויות להתקבל התרעות באזורך
Location: אמץ
Oref Category: 14
Status: upcoming
Threat Type: Unknown
----------------------------------------
Time: 2025-06-21 02:32:38
Title: בדקות הקרובות צפויות להתקבל התרעות באזורך
Location: בארותיים
Oref Category: 14
Status: upcoming
Threat Type: Unknown
----------------------------------------
Time: 2025-06-21 02:32:38
Title: בדקות הקרובות צפויות להתקבל התרעות באזורך
Location: בורגתה
Oref Category: 14
Status: upcoming
Threat Type: Unknown
----------------------------------------
Time: 2025-06-21 02:32:38
Title: בדקות הקרובות צפויות להתקבל התרעות באזורך
Location: בחן
Oref Category: 14
Status: upcoming
Threat Type: Unknown
----------------------------------------
Time: 2025-06-21 02:32:38
Title: בדקות הקרובות צפויות להתקבל התרעות באזורך
Location: בית הלוי
Oref Category: 14
Status: upcoming
Threat Type: Unknown
----------------------------------------
Time: 2025-06-21 02:32:38
Title: בדקות הקרובות צפויות להתקבל התרעות באזורך
Location: בית חזון
Oref Category: 14
Status: upcoming
Threat Type: Unknown
----------------------------------------
Time: 2025-06-21 02:32:38
Title: בדקות הקרובות צפויות להתקבל התרעות באזורך
Location: בית חרות
Oref Category: 14
Status: upcoming
Threat Type: Unknown
----------------------------------------
Time: 2025-06-21 02:32:38
Title: בדקות הקרובות צפויות להתקבל התרעות באזורך
Location: בית ינאי
Oref Category: 14
Status: upcoming
Threat Type: Unknown
----------------------------------------
Time: 2025-06-21 02:32:38
Title: בדקות הקרובות צפויות להתקבל התרעות באזורך
Location: בית יצחק - שער חפר
Oref Category: 14
Status: upcoming
Threat Type: Unknown
----------------------------------------
Time: 2025-06-21 02:32:38
Title: בדקות הקרובות צפויות להתקבל התרעות באזורך
Location: ביתן אהרן
Oref Category: 14
Status: upcoming
Threat Type: Unknown
----------------------------------------
Time: 2025-06-21 02:32:38
Title: בדקות הקרובות צפויות להתקבל התרעות באזורך
Location: בת חן
Oref Category: 14
Status: upcoming
Threat Type: Unknown
----------------------------------------
Time: 2025-06-21 02:32:38
Title: בדקות הקרובות צפויות להתקבל התרעות באזורך
Location: בת חפר
Oref Category: 14
Status: upcoming
Threat Type: Unknown
----------------------------------------
Time: 2025-06-21 02:32:38
Title: בדקות הקרובות צפויות להתקבל התרעות באזורך
Location: גאולי תימן
Oref Category: 14
Status: upcoming
Threat Type: Unknown
----------------------------------------
Time: 2025-06-21 02:32:38
Title: בדקות הקרובות צפויות להתקבל התרעות באזורך
Location: גבעת חיים איחוד
Oref Category: 14
Status: upcoming
Threat Type: Unknown
----------------------------------------
Time: 2025-06-21 02:32:38
Title: בדקות הקרובות צפויות להתקבל התרעות באזורך
Location: גבעת חיים מאוחד
Oref Category: 14
Status: upcoming
Threat Type: Unknown
----------------------------------------
Time: 2025-06-21 02:32:38
Title: בדקות הקרובות צפויות להתקבל התרעות באזורך
Location: גבעת שפירא
Oref Category: 14
Status: upcoming
Threat Type: Unknown
----------------------------------------
Time: 2025-06-21 02:32:38
Title: בדקות הקרובות צפויות להתקבל התרעות באזורך
Location: גן יאשיה
Oref Category: 14
Status: upcoming
Threat Type: Unknown
----------------------------------------
Time: 2025-06-21 02:32:38
Title: בדקות הקרובות צפויות להתקבל התרעות באזורך
Location: גנות הדר
Oref Category: 14
Status: upcoming
Threat Type: Unknown
----------------------------------------
Time: 2025-06-21 02:32:38
Title: בדקות הקרובות צפויות להתקבל התרעות באזורך
Location: הדר עם
Oref Category: 14
Status: upcoming
Threat Type: Unknown
----------------------------------------
Time: 2025-06-21 02:32:38
Title: בדקות הקרובות צפויות להתקבל התרעות באזורך
Location: המעפיל
Oref Category: 14
Status: upcoming
Threat Type: Unknown
----------------------------------------
Time: 2025-06-21 02:32:38
Title: בדקות הקרובות צפויות להתקבל התרעות באזורך
Location: המרכז האקדמי רופין
Oref Category: 14
Status: upcoming
Threat Type: Unknown
----------------------------------------
Time: 2025-06-21 02:32:38
Title: בדקות הקרובות צפויות להתקבל התרעות באזורך
Location: העוגן
Oref Category: 14
Status: upcoming
Threat Type: Unknown
----------------------------------------
Time: 2025-06-21 02:32:38
Title: בדקות הקרובות צפויות להתקבל התרעות באזורך
Location: זמר
Oref Category: 14
Status: upcoming
Threat Type: Unknown
----------------------------------------
Time: 2025-06-21 02:32:38
Title: בדקות הקרובות צפויות להתקבל התרעות באזורך
Location: חבצלת השרון וצוקי ים
Oref Category: 14
Status: upcoming
Threat Type: Unknown
----------------------------------------
Time: 2025-06-21 02:32:38
Title: בדקות הקרובות צפויות להתקבל התרעות באזורך
Location: חגלה
Oref Category: 14
Status: upcoming
Threat Type: Unknown
----------------------------------------
Time: 2025-06-21 02:32:38
Title: בדקות הקרובות צפויות להתקבל התרעות באזורך
Location: חופית
Oref Category: 14
Status: upcoming
Threat Type: Unknown
----------------------------------------
Time: 2025-06-21 02:32:38
Title: בדקות הקרובות צפויות להתקבל התרעות באזורך
Location: חיבת ציון
Oref Category: 14
Status: upcoming
Threat Type: Unknown
----------------------------------------
Time: 2025-06-21 02:32:38
Title: בדקות הקרובות צפויות להתקבל התרעות באזורך
Location: חניאל
Oref Category: 14
Status: upcoming
Threat Type: Unknown
----------------------------------------
Time: 2025-06-21 02:32:38
Title: בדקות הקרובות צפויות להתקבל התרעות באזורך
Location: חרב לאת
Oref Category: 14
Status: upcoming
Threat Type: Unknown
----------------------------------------
Time: 2025-06-21 02:32:38
Title: בדקות הקרובות צפויות להתקבל התרעות באזורך
Location: יד חנה
Oref Category: 14
Status: upcoming
Threat Type: Unknown
----------------------------------------
Time: 2025-06-21 02:32:38
Title: בדקות הקרובות צפויות להתקבל התרעות באזורך
Location: ינוב
Oref Category: 14
Status: upcoming
Threat Type: Unknown
----------------------------------------
Time: 2025-06-21 02:32:38
Title: בדקות הקרובות צפויות להתקבל התרעות באזורך
Location: כפר הרא''ה
Oref Category: 14
Status: upcoming
Threat Type: Unknown
----------------------------------------
Time: 2025-06-21 02:32:38
Title: בדקות הקרובות צפויות להתקבל התרעות באזורך
Location: כפר ויתקין
Oref Category: 14
Status: upcoming
Threat Type: Unknown
----------------------------------------
Time: 2025-06-21 02:32:38
Title: בדקות הקרובות צפויות להתקבל התרעות באזורך
Location: כפר חיים
Oref Category: 14
Status: upcoming
Threat Type: Unknown
----------------------------------------
Time: 2025-06-21 02:32:38
Title: בדקות הקרובות צפויות להתקבל התרעות באזורך
Location: כפר ידידיה
Oref Category: 14
Status: upcoming
Threat Type: Unknown
----------------------------------------
Time: 2025-06-21 02:32:38
Title: בדקות הקרובות צפויות להתקבל התרעות באזורך
Location: כפר יונה
Oref Category: 14
Status: upcoming
Threat Type: Unknown
----------------------------------------
Time: 2025-06-21 02:32:38
Title: בדקות הקרובות צפויות להתקבל התרעות באזורך
Location: כפר מונש
Oref Category: 14
Status: upcoming
Threat Type: Unknown
----------------------------------------
Time: 2025-06-21 02:32:38
Title: בדקות הקרובות צפויות להתקבל התרעות באזורך
Location: מכמורת
Oref Category: 14
Status: upcoming
Threat Type: Unknown
----------------------------------------
Time: 2025-06-21 02:32:38
Title: בדקות הקרובות צפויות להתקבל התרעות באזורך
Location: מעברות
Oref Category: 14
Status: upcoming
Threat Type: Unknown
----------------------------------------
Time: 2025-06-21 02:32:38
Title: בדקות הקרובות צפויות להתקבל התרעות באזורך
Location: משמר השרון
Oref Category: 14
Status: upcoming
Threat Type: Unknown
----------------------------------------
Time: 2025-06-21 02:32:38
Title: בדקות הקרובות צפויות להתקבל התרעות באזורך
Location: מתחם "חנה וסע" שפיים
Oref Category: 14
Status: upcoming
Threat Type: Unknown
----------------------------------------
Time: 2025-06-21 02:32:38
Title: בדקות הקרובות צפויות להתקבל התרעות באזורך
Location: נורדיה
Oref Category: 14
Status: upcoming
Threat Type: Unknown
----------------------------------------
Time: 2025-06-21 02:32:38
Title: בדקות הקרובות צפויות להתקבל התרעות באזורך
Location: ניצני עוז
Oref Category: 14
Status: upcoming
Threat Type: Unknown
----------------------------------------
Time: 2025-06-21 02:32:38
Title: בדקות הקרובות צפויות להתקבל התרעות באזורך
Location: נעורים
Oref Category: 14
Status: upcoming
Threat Type: Unknown
----------------------------------------
Time: 2025-06-21 02:32:38
Title: בדקות הקרובות צפויות להתקבל התרעות באזורך
Location: עולש
Oref Category: 14
Status: upcoming
Threat Type: Unknown
----------------------------------------
Time: 2025-06-21 02:32:38
Title: בדקות הקרובות צפויות להתקבל התרעות באזורך
Location: עין החורש
Oref Category: 14
Status: upcoming
Threat Type: Unknown
----------------------------------------
Time: 2025-06-21 02:32:38
Title: בדקות הקרובות צפויות להתקבל התרעות באזורך
Location: תנובות
Oref Category: 14
Status: upcoming
Threat Type: Unknown
----------------------------------------
Time: 2025-06-21 02:32:38
Title: בדקות הקרובות צפויות להתקבל התרעות באזורך
Location: בית סוהר השרון
Oref Category: 14
Status: upcoming
Threat Type: Unknown
----------------------------------------
Time: 2025-06-21 02:32:38
Title: בדקות הקרובות צפויות להתקבל התרעות באזורך
Location: מרכז אזורי דרום השרון
Oref Category: 14
Status: upcoming
Threat Type: Unknown
----------------------------------------
Time: 2025-06-21 02:32:38
Title: בדקות הקרובות צפויות להתקבל התרעות באזורך
Location: גבעת השלושה
Oref Category: 14
Status: upcoming
Threat Type: Unknown
----------------------------------------
Time: 2025-06-21 02:32:38
Title: בדקות הקרובות צפויות להתקבל התרעות באזורך
Location: גת רימון
Oref Category: 14
Status: upcoming
Threat Type: Unknown
----------------------------------------
Time: 2025-06-21 02:32:38
Title: בדקות הקרובות צפויות להתקבל התרעות באזורך
Location: כפר סירקין
Oref Category: 14
Status: upcoming
Threat Type: Unknown
----------------------------------------
Time: 2025-06-21 02:32:38
Title: בדקות הקרובות צפויות להתקבל התרעות באזורך
Location: מעש
Oref Category: 14
Status: upcoming
Threat Type: Unknown
----------------------------------------
Time: 2025-06-21 02:32:38
Title: בדקות הקרובות צפויות להתקבל התרעות באזורך
Location: פתח תקווה
Oref Category: 14
Status: upcoming
Threat Type: Unknown
----------------------------------------
Time: 2025-06-21 02:32:38
Title: בדקות הקרובות צפויות להתקבל התרעות באזורך
Location: אלעד
Oref Category: 14
Status: upcoming
Threat Type: Unknown
----------------------------------------
Time: 2025-06-21 02:32:38
Title: בדקות הקרובות צפויות להתקבל התרעות באזורך
Location: בארות יצחק
Oref Category: 14
Status: upcoming
Threat Type: Unknown
----------------------------------------
Time: 2025-06-21 02:32:38
Title: בדקות הקרובות צפויות להתקבל התרעות באזורך
Location: בני עטרות
Oref Category: 14
Status: upcoming
Threat Type: Unknown
----------------------------------------
Time: 2025-06-21 02:32:38
Title: בדקות הקרובות צפויות להתקבל התרעות באזורך
Location: גבעת כ''ח
Oref Category: 14
Status: upcoming
Threat Type: Unknown
----------------------------------------
Time: 2025-06-21 02:32:38
Title: בדקות הקרובות צפויות להתקבל התרעות באזורך
Location: מגשימים
Oref Category: 14
Status: upcoming
Threat Type: Unknown
----------------------------------------
Time: 2025-06-21 02:32:38
Title: בדקות הקרובות צפויות להתקבל התרעות באזורך
Location: מזור
Oref Category: 14
Status: upcoming
Threat Type: Unknown
----------------------------------------
Time: 2025-06-21 02:32:38
Title: בדקות הקרובות צפויות להתקבל התרעות באזורך
Location: נופך
Oref Category: 14
Status: upcoming
Threat Type: Unknown
----------------------------------------
Time: 2025-06-21 02:32:38
Title: בדקות הקרובות צפויות להתקבל התרעות באזורך
Location: נחלים
Oref Category: 14
Status: upcoming
Threat Type: Unknown
----------------------------------------
Time: 2025-06-21 02:32:38
Title: בדקות הקרובות צפויות להתקבל התרעות באזורך
Location: נחשונים
Oref Category: 14
Status: upcoming
Threat Type: Unknown
----------------------------------------
Time: 2025-06-21 02:32:38
Title: בדקות הקרובות צפויות להתקבל התרעות באזורך
Location: עינת
Oref Category: 14
Status: upcoming
Threat Type: Unknown
----------------------------------------
Time: 2025-06-21 02:32:38
Title: בדקות הקרובות צפויות להתקבל התרעות באזורך
Location: ראש העין
Oref Category: 14
Status: upcoming
Threat Type: Unknown
----------------------------------------
Time: 2025-06-21 02:32:38
Title: בדקות הקרובות צפויות להתקבל התרעות באזורך
Location: רינתיה
Oref Category: 14
Status: upcoming
Threat Type: Unknown
----------------------------------------
Time: 2025-06-21 02:32:38
Title: בדקות הקרובות צפויות להתקבל התרעות באזורך
Location: תעשיון חצב
Oref Category: 14
Status: upcoming
Threat Type: Unknown
----------------------------------------
Time: 2025-06-21 02:32:38
Title: בדקות הקרובות צפויות להתקבל התרעות באזורך
Location: אזור תעשייה חבל מודיעין
Oref Category: 14
Status: upcoming
Threat Type: Unknown
----------------------------------------
Time: 2025-06-21 02:32:38
Title: בדקות הקרובות צפויות להתקבל התרעות באזורך
Location: בית נחמיה
Oref Category: 14
Status: upcoming
Threat Type: Unknown
----------------------------------------
Time: 2025-06-21 02:32:38
Title: בדקות הקרובות צפויות להתקבל התרעות באזורך
Location: בית עריף
Oref Category: 14
Status: upcoming
Threat Type: Unknown
----------------------------------------
Time: 2025-06-21 02:32:38
Title: בדקות הקרובות צפויות להתקבל התרעות באזורך
Location: ברקת
Oref Category: 14
Status: upcoming
Threat Type: Unknown
----------------------------------------
Time: 2025-06-21 02:32:38
Title: בדקות הקרובות צפויות להתקבל התרעות באזורך
Location: חדיד
Oref Category: 14
Status: upcoming
Threat Type: Unknown
----------------------------------------
Time: 2025-06-21 02:32:38
Title: בדקות הקרובות צפויות להתקבל התרעות באזורך
Location: טירת יהודה
Oref Category: 14
Status: upcoming
Threat Type: Unknown
----------------------------------------
Time: 2025-06-21 02:32:38
Title: בדקות הקרובות צפויות להתקבל התרעות באזורך
Location: כפר טרומן
Oref Category: 14
Status: upcoming
Threat Type: Unknown
----------------------------------------
Time: 2025-06-21 02:32:38
Title: בדקות הקרובות צפויות להתקבל התרעות באזורך
Location: שוהם
Oref Category: 14
Status: upcoming
Threat Type: Unknown
----------------------------------------
Time: 2025-06-21 02:32:38
Title: בדקות הקרובות צפויות להתקבל התרעות באזורך
Location: אזור תעשייה אפק ולב הארץ
Oref Category: 14
Status: upcoming
Threat Type: Unknown
----------------------------------------
Time: 2025-06-21 02:32:38
Title: בדקות הקרובות צפויות להתקבל התרעות באזורך
Location: איירפורט סיטי
Oref Category: 14
Status: upcoming
Threat Type: Unknown
----------------------------------------
Time: 2025-06-21 02:32:37
Title: בדקות הקרובות צפויות להתקבל התרעות באזורך
Location: ירושלים - אזור תעשייה עטרות
Oref Category: 14
Status: upcoming
Threat Type: Unknown
----------------------------------------
Time: 2025-06-21 02:32:37
Title: בדקות הקרובות צפויות להתקבל התרעות באזורך
Location: ירושלים - דרום
Oref Category: 14
Status: upcoming
Threat Type: Unknown
----------------------------------------
Time: 2025-06-21 02:32:37
Title: בדקות הקרובות צפויות להתקבל התרעות באזורך
Location: ירושלים - כפר עקב
Oref Category: 14
Status: upcoming
Threat Type: Unknown
----------------------------------------
Time: 2025-06-21 02:32:37
Title: בדקות הקרובות צפויות להתקבל התרעות באזורך
Location: ירושלים - מזרח
Oref Category: 14
Status: upcoming
Threat Type: Unknown
----------------------------------------
Time: 2025-06-21 02:32:37
Title: בדקות הקרובות צפויות להתקבל התרעות באזורך
Location: ירושלים - מערב
Oref Category: 14
Status: upcoming
Threat Type: Unknown
----------------------------------------
Time: 2025-06-21 02:32:37
Title: בדקות הקרובות צפויות להתקבל התרעות באזורך
Location: ירושלים - מרכז
Oref Category: 14
Status: upcoming
Threat Type: Unknown
----------------------------------------
Time: 2025-06-21 02:32:37
Title: בדקות הקרובות צפויות להתקבל התרעות באזורך
Location: ירושלים - צפון
Oref Category: 14
Status: upcoming
Threat Type: Unknown
----------------------------------------
Time: 2025-06-21 02:32:37
Title: בדקות הקרובות צפויות להתקבל התרעות באזורך
Location: בית זית
Oref Category: 14
Status: upcoming
Threat Type: Unknown
----------------------------------------
Time: 2025-06-21 02:32:37
Title: בדקות הקרובות צפויות להתקבל התרעות באזורך
Location: בית נקופה
Oref Category: 14
Status: upcoming
Threat Type: Unknown
----------------------------------------
Time: 2025-06-21 02:32:37
Title: בדקות הקרובות צפויות להתקבל התרעות באזורך
Location: הר אדר
Oref Category: 14
Status: upcoming
Threat Type: Unknown
----------------------------------------
Time: 2025-06-21 02:32:37
Title: בדקות הקרובות צפויות להתקבל התרעות באזורך
Location: מבשרת ציון
Oref Category: 14
Status: upcoming
Threat Type: Unknown
----------------------------------------
Time: 2025-06-21 02:32:37
Title: בדקות הקרובות צפויות להתקבל התרעות באזורך
Location: מוצא עילית
Oref Category: 14
Status: upcoming
Threat Type: Unknown
----------------------------------------
Time: 2025-06-21 02:32:37
Title: בדקות הקרובות צפויות להתקבל התרעות באזורך
Location: מעלה החמישה
Oref Category: 14
Status: upcoming
Threat Type: Unknown
----------------------------------------
Time: 2025-06-21 02:32:37
Title: בדקות הקרובות צפויות להתקבל התרעות באזורך
Location: פנימיית עין כרם
Oref Category: 14
Status: upcoming
Threat Type: Unknown
----------------------------------------
Time: 2025-06-21 02:32:37
Title: בדקות הקרובות צפויות להתקבל התרעות באזורך
Location: צובה
Oref Category: 14
Status: upcoming
Threat Type: Unknown
----------------------------------------
Time: 2025-06-21 02:32:37
Title: בדקות הקרובות צפויות להתקבל התרעות באזורך
Location: קריית ענבים
Oref Category: 14
Status: upcoming
Threat Type: Unknown
----------------------------------------
Time: 2025-06-21 02:32:37
Title: בדקות הקרובות צפויות להתקבל התרעות באזורך
Location: אבן ספיר
Oref Category: 14
Status: upcoming
Threat Type: Unknown
----------------------------------------
Time: 2025-06-21 02:32:37
Title: בדקות הקרובות צפויות להתקבל התרעות באזורך
Location: אורה
Oref Category: 14
Status: upcoming
Threat Type: Unknown
----------------------------------------
Time: 2025-06-21 02:32:37
Title: בדקות הקרובות צפויות להתקבל התרעות באזורך
Location: מבוא ביתר
Oref Category: 14
Status: upcoming
Threat Type: Unknown
----------------------------------------
Time: 2025-06-21 02:32:37
Title: בדקות הקרובות צפויות להתקבל התרעות באזורך
Location: עמינדב
Oref Category: 14
Status: upcoming
Threat Type: Unknown
----------------------------------------
Time: 2025-06-21 02:32:37
Title: בדקות הקרובות צפויות להתקבל התרעות באזורך
Location: צור הדסה
Oref Category: 14
Status: upcoming
Threat Type: Unknown
----------------------------------------
Time: 2025-06-21 02:32:37
Title: בדקות הקרובות צפויות להתקבל התרעות באזורך
Location: אביעזר
Oref Category: 14
Status: upcoming
Threat Type: Unknown
----------------------------------------
Time: 2025-06-21 02:32:37
Title: בדקות הקרובות צפויות להתקבל התרעות באזורך
Location: אדרת
Oref Category: 14
Status: upcoming
Threat Type: Unknown
----------------------------------------
Time: 2025-06-21 02:32:37
Title: בדקות הקרובות צפויות להתקבל התרעות באזורך
Location: אזור תעשייה הר טוב - צרעה
Oref Category: 14
Status: upcoming
Threat Type: Unknown
----------------------------------------
Time: 2025-06-21 02:32:37
Title: בדקות הקרובות צפויות להתקבל התרעות באזורך
Location: אלון שבות
Oref Category: 14
Status: upcoming
Threat Type: Unknown
----------------------------------------
Time: 2025-06-21 02:32:37
Title: בדקות הקרובות צפויות להתקבל התרעות באזורך
Location: אלעזר
Oref Category: 14
Status: upcoming
Threat Type: Unknown
----------------------------------------
Time: 2025-06-21 02:32:37
Title: בדקות הקרובות צפויות להתקבל התרעות באזורך
Location: אפרת
Oref Category: 14
Status: upcoming
Threat Type: Unknown
----------------------------------------
Time: 2025-06-21 02:32:37
Title: בדקות הקרובות צפויות להתקבל התרעות באזורך
Location: אשתאול
Oref Category: 14
Status: upcoming
Threat Type: Unknown
----------------------------------------
Time: 2025-06-21 02:32:37
Title: בדקות הקרובות צפויות להתקבל התרעות באזורך
Location: בית שמש
Oref Category: 14
Status: upcoming
Threat Type: Unknown
----------------------------------------
Time: 2025-06-21 02:32:37
Title: בדקות הקרובות צפויות להתקבל התרעות באזורך
Location: ביתר עילית
Oref Category: 14
Status: upcoming
Threat Type: Unknown
----------------------------------------
Time: 2025-06-21 02:32:37
Title: בדקות הקרובות צפויות להתקבל התרעות באזורך
Location: בקוע
Oref Category: 14
Status: upcoming
Threat Type: Unknown
----------------------------------------
Time: 2025-06-21 02:32:37
Title: בדקות הקרובות צפויות להתקבל התרעות באזורך
Location: בת עין
Oref Category: 14
Status: upcoming
Threat Type: Unknown
----------------------------------------
Time: 2025-06-21 02:32:37
Title: בדקות הקרובות צפויות להתקבל התרעות באזורך
Location: גבעות עדן
Oref Category: 14
Status: upcoming
Threat Type: Unknown
----------------------------------------
Time: 2025-06-21 02:32:37
Title: בדקות הקרובות צפויות להתקבל התרעות באזורך
Location: גיזו
Oref Category: 14
Status: upcoming
Threat Type: Unknown
----------------------------------------
Time: 2025-06-21 02:32:37
Title: בדקות הקרובות צפויות להתקבל התרעות באזורך
Location: הר גילה
Oref Category: 14
Status: upcoming
Threat Type: Unknown
----------------------------------------
Time: 2025-06-21 02:32:37
Title: בדקות הקרובות צפויות להתקבל התרעות באזורך
Location: הראל
Oref Category: 14
Status: upcoming
Threat Type: Unknown
----------------------------------------
Time: 2025-06-21 02:32:37
Title: בדקות הקרובות צפויות להתקבל התרעות באזורך
Location: זנוח
Oref Category: 14
Status: upcoming
Threat Type: Unknown
----------------------------------------
Time: 2025-06-21 02:32:37
Title: בדקות הקרובות צפויות להתקבל התרעות באזורך
Location: טל שחר
Oref Category: 14
Status: upcoming
Threat Type: Unknown
----------------------------------------
Time: 2025-06-21 02:32:37
Title: בדקות הקרובות צפויות להתקבל התרעות באזורך
Location: ישעי
Oref Category: 14
Status: upcoming
Threat Type: Unknown
----------------------------------------
Time: 2025-06-21 02:32:37
Title: בדקות הקרובות צפויות להתקבל התרעות באזורך
Location: כפר אוריה
Oref Category: 14
Status: upcoming
Threat Type: Unknown
----------------------------------------
Time: 2025-06-21 02:32:37
Title: בדקות הקרובות צפויות להתקבל התרעות באזורך
Location: כפר אלדד
Oref Category: 14
Status: upcoming
Threat Type: Unknown
----------------------------------------
Time: 2025-06-21 02:32:37
Title: בדקות הקרובות צפויות להתקבל התרעות באזורך
Location: כפר עציון
Oref Category: 14
Status: upcoming
Threat Type: Unknown
----------------------------------------
Time: 2025-06-21 02:32:37
Title: בדקות הקרובות צפויות להתקבל התרעות באזורך
Location: כרמי צור
Oref Category: 14
Status: upcoming
Threat Type: Unknown
----------------------------------------
Time: 2025-06-21 02:32:37
Title: בדקות הקרובות צפויות להתקבל התרעות באזורך
Location: לטרון
Oref Category: 14
Status: upcoming
Threat Type: Unknown
----------------------------------------
Time: 2025-06-21 02:32:37
Title: בדקות הקרובות צפויות להתקבל התרעות באזורך
Location: מגדל עוז
Oref Category: 14
Status: upcoming
Threat Type: Unknown
----------------------------------------
Time: 2025-06-21 02:32:37
Title: בדקות הקרובות צפויות להתקבל התרעות באזורך
Location: מחסיה
Oref Category: 14
Status: upcoming
Threat Type: Unknown
----------------------------------------
Time: 2025-06-21 02:32:37
Title: בדקות הקרובות צפויות להתקבל התרעות באזורך
Location: מיני ישראל - נחשון
Oref Category: 14
Status: upcoming
Threat Type: Unknown
----------------------------------------
Time: 2025-06-21 02:32:37
Title: בדקות הקרובות צפויות להתקבל התרעות באזורך
Location: מיצד
Oref Category: 14
Status: upcoming
Threat Type: Unknown
----------------------------------------
Time: 2025-06-21 02:32:37
Title: בדקות הקרובות צפויות להתקבל התרעות באזורך
Location: מסילת ציון
Oref Category: 14
Status: upcoming
Threat Type: Unknown
----------------------------------------
Time: 2025-06-21 02:32:37
Title: בדקות הקרובות צפויות להתקבל התרעות באזורך
Location: מעלה עמוס
Oref Category: 14
Status: upcoming
Threat Type: Unknown
----------------------------------------
Time: 2025-06-21 02:32:37
Title: בדקות הקרובות צפויות להתקבל התרעות באזורך
Location: מעלה רחבעם
Oref Category: 14
Status: upcoming
Threat Type: Unknown
----------------------------------------
Time: 2025-06-21 02:32:37
Title: בדקות הקרובות צפויות להתקבל התרעות באזורך
Location: נווה דניאל
Oref Category: 14
Status: upcoming
Threat Type: Unknown
----------------------------------------
Time: 2025-06-21 02:32:37
Title: בדקות הקרובות צפויות להתקבל התרעות באזורך
Location: נווה מיכאל - רוגלית
Oref Category: 14
Status: upcoming
Threat Type: Unknown
----------------------------------------
Time: 2025-06-21 02:32:37
Title: בדקות הקרובות צפויות להתקבל התרעות באזורך
Location: נווה שלום
Oref Category: 14
Status: upcoming
Threat Type: Unknown
----------------------------------------
Time: 2025-06-21 02:32:37
Title: בדקות הקרובות צפויות להתקבל התרעות באזורך
Location: נוקדים
Oref Category: 14
Status: upcoming
Threat Type: Unknown
----------------------------------------
Time: 2025-06-21 02:32:37
Title: בדקות הקרובות צפויות להתקבל התרעות באזורך
Location: נחם
Oref Category: 14
Status: upcoming
Threat Type: Unknown
----------------------------------------
Time: 2025-06-21 02:32:37
Title: בדקות הקרובות צפויות להתקבל התרעות באזורך
Location: נחשון
Oref Category: 14
Status: upcoming
Threat Type: Unknown
----------------------------------------
Time: 2025-06-21 02:32:37
Title: בדקות הקרובות צפויות להתקבל התרעות באזורך
Location: נתיב הל''ה
Oref Category: 14
Status: upcoming
Threat Type: Unknown
----------------------------------------
Time: 2025-06-21 02:32:37
Title: בדקות הקרובות צפויות להתקבל התרעות באזורך
Location: פארק תעשיות מגדל עוז
Oref Category: 14
Status: upcoming
Threat Type: Unknown
----------------------------------------
Time: 2025-06-21 02:32:37
Title: בדקות הקרובות צפויות להתקבל התרעות באזורך
Location: פני קדם
Oref Category: 14
Status: upcoming
Threat Type: Unknown
----------------------------------------
Time: 2025-06-21 02:32:37
Title: בדקות הקרובות צפויות להתקבל התרעות באזורך
Location: צלפון
Oref Category: 14
Status: upcoming
Threat Type: Unknown
----------------------------------------
Time: 2025-06-21 02:32:37
Title: בדקות הקרובות צפויות להתקבל התרעות באזורך
Location: צרעה
Oref Category: 14
Status: upcoming
Threat Type: Unknown
----------------------------------------
Time: 2025-06-21 02:32:37
Title: בדקות הקרובות צפויות להתקבל התרעות באזורך
Location: ראש צורים
Oref Category: 14
Status: upcoming
Threat Type: Unknown
----------------------------------------
Time: 2025-06-21 02:32:37
Title: בדקות הקרובות צפויות להתקבל התרעות באזורך
Location: רטורנו - גבעת שמש
Oref Category: 14
Status: upcoming
Threat Type: Unknown
----------------------------------------
Time: 2025-06-21 02:32:37
Title: בדקות הקרובות צפויות להתקבל התרעות באזורך
Location: שדה בר
Oref Category: 14
Status: upcoming
Threat Type: Unknown
----------------------------------------
Time: 2025-06-21 02:32:37
Title: בדקות הקרובות צפויות להתקבל התרעות באזורך
Location: שער הגיא
Oref Category: 14
Status: upcoming
Threat Type: Unknown
----------------------------------------
Time: 2025-06-21 02:32:37
Title: בדקות הקרובות צפויות להתקבל התרעות באזורך
Location: תלם
Oref Category: 14
Status: upcoming
Threat Type: Unknown
----------------------------------------
Time: 2025-06-21 02:32:37
Title: בדקות הקרובות צפויות להתקבל התרעות באזורך
Location: תעוז
Oref Category: 14
Status: upcoming
Threat Type: Unknown
----------------------------------------
Time: 2025-06-21 02:32:37
Title: בדקות הקרובות צפויות להתקבל התרעות באזורך
Location: תקוע
Oref Category: 14
Status: upcoming
Threat Type: Unknown
----------------------------------------
Time: 2025-06-21 02:32:37
Title: בדקות הקרובות צפויות להתקבל התרעות באזורך
Location: תרום
Oref Category: 14
Status: upcoming
Threat Type: Unknown
----------------------------------------
Time: 2025-06-21 02:32:37
Title: בדקות הקרובות צפויות להתקבל התרעות באזורך
Location: אבו גוש
Oref Category: 14
Status: upcoming
Threat Type: Unknown
----------------------------------------
Time: 2025-06-21 02:32:37
Title: בדקות הקרובות צפויות להתקבל התרעות באזורך
Location: אדורה
Oref Category: 14
Status: upcoming
Threat Type: Unknown
----------------------------------------
Time: 2025-06-21 02:32:37
Title: בדקות הקרובות צפויות להתקבל התרעות באזורך
Location: אדוריים
Oref Category: 14
Status: upcoming
Threat Type: Unknown
----------------------------------------
Time: 2025-06-21 02:32:37
Title: בדקות הקרובות צפויות להתקבל התרעות באזורך
Location: אזור תעשייה מיתרים
Oref Category: 14
Status: upcoming
Threat Type: Unknown
----------------------------------------
Time: 2025-06-21 02:32:37
Title: בדקות הקרובות צפויות להתקבל התרעות באזורך
Location: בית חג"י
Oref Category: 14
Status: upcoming
Threat Type: Unknown
----------------------------------------
Time: 2025-06-21 02:32:37
Title: בדקות הקרובות צפויות להתקבל התרעות באזורך
Location: בית יתיר
Oref Category: 14
Status: upcoming
Threat Type: Unknown
----------------------------------------
Time: 2025-06-21 02:32:37
Title: בדקות הקרובות צפויות להתקבל התרעות באזורך
Location: בית מאיר
Oref Category: 14
Status: upcoming
Threat Type: Unknown
----------------------------------------
Time: 2025-06-21 02:32:37
Title: בדקות הקרובות צפויות להתקבל התרעות באזורך
Location: בר גיורא
Oref Category: 14
Status: upcoming
Threat Type: Unknown
----------------------------------------
Time: 2025-06-21 02:32:37
Title: בדקות הקרובות צפויות להתקבל התרעות באזורך
Location: גבעת יערים
Oref Category: 14
Status: upcoming
Threat Type: Unknown
----------------------------------------
Time: 2025-06-21 02:32:37
Title: בדקות הקרובות צפויות להתקבל התרעות באזורך
Location: הר עמשא
Oref Category: 14
Status: upcoming
Threat Type: Unknown
----------------------------------------
Time: 2025-06-21 02:32:37
Title: בדקות הקרובות צפויות להתקבל התרעות באזורך
Location: טנא עומרים
Oref Category: 14
Status: upcoming
Threat Type: Unknown
----------------------------------------
Time: 2025-06-21 02:32:37
Title: בדקות הקרובות צפויות להתקבל התרעות באזורך
Location: יד השמונה
Oref Category: 14
Status: upcoming
Threat Type: Unknown
----------------------------------------
Time: 2025-06-21 02:32:37
Title: בדקות הקרובות צפויות להתקבל התרעות באזורך
Location: כסלון
Oref Category: 14
Status: upcoming
Threat Type: Unknown
----------------------------------------
Time: 2025-06-21 02:32:37
Title: בדקות הקרובות צפויות להתקבל התרעות באזורך
Location: כפר הנוער קריית יערים
Oref Category: 14
Status: upcoming
Threat Type: Unknown
----------------------------------------
Time: 2025-06-21 02:32:37
Title: בדקות הקרובות צפויות להתקבל התרעות באזורך
Location: כרמל
Oref Category: 14
Status: upcoming
Threat Type: Unknown
----------------------------------------
Time: 2025-06-21 02:32:37
Title: בדקות הקרובות צפויות להתקבל התרעות באזורך
Location: מטע
Oref Category: 14
Status: upcoming
Threat Type: Unknown
----------------------------------------
Time: 2025-06-21 02:32:37
Title: בדקות הקרובות צפויות להתקבל התרעות באזורך
Location: מעון
Oref Category: 14
Status: upcoming
Threat Type: Unknown
----------------------------------------
Time: 2025-06-21 02:32:37
Title: בדקות הקרובות צפויות להתקבל התרעות באזורך
Location: מעלה חבר
Oref Category: 14
Status: upcoming
Threat Type: Unknown
----------------------------------------
Time: 2025-06-21 02:32:37
Title: בדקות הקרובות צפויות להתקבל התרעות באזורך
Location: נגוהות
Oref Category: 14
Status: upcoming
Threat Type: Unknown
----------------------------------------
Time: 2025-06-21 02:32:37
Title: בדקות הקרובות צפויות להתקבל התרעות באזורך
Location: נווה אילן
Oref Category: 14
Status: upcoming
Threat Type: Unknown
----------------------------------------
Time: 2025-06-21 02:32:37
Title: בדקות הקרובות צפויות להתקבל התרעות באזורך
Location: נטף
Oref Category: 14
Status: upcoming
Threat Type: Unknown
----------------------------------------
Time: 2025-06-21 02:32:37
Title: בדקות הקרובות צפויות להתקבל התרעות באזורך
Location: נס הרים
Oref Category: 14
Status: upcoming
Threat Type: Unknown
----------------------------------------
Time: 2025-06-21 02:32:37
Title: בדקות הקרובות צפויות להתקבל התרעות באזורך
Location: סוסיא
Oref Category: 14
Status: upcoming
Threat Type: Unknown
----------------------------------------
Time: 2025-06-21 02:32:37
Title: בדקות הקרובות צפויות להתקבל התרעות באזורך
Location: עין נקובא
Oref Category: 14
Status: upcoming
Threat Type: Unknown
----------------------------------------
Time: 2025-06-21 02:32:37
Title: בדקות הקרובות צפויות להתקבל התרעות באזורך
Location: עין ראפה
Oref Category: 14
Status: upcoming
Threat Type: Unknown
----------------------------------------
Time: 2025-06-21 02:32:37
Title: בדקות הקרובות צפויות להתקבל התרעות באזורך
Location: עשהאל
Oref Category: 14
Status: upcoming
Threat Type: Unknown
----------------------------------------
Time: 2025-06-21 02:32:37
Title: בדקות הקרובות צפויות להתקבל התרעות באזורך
Location: עתניאל
Oref Category: 14
Status: upcoming
Threat Type: Unknown
----------------------------------------
Time: 2025-06-21 02:32:37
Title: בדקות הקרובות צפויות להתקבל התרעות באזורך
Location: צומת הגוש
Oref Category: 14
Status: upcoming
Threat Type: Unknown
----------------------------------------
Time: 2025-06-21 02:32:37
Title: בדקות הקרובות צפויות להתקבל התרעות באזורך
Location: קריית ארבע
Oref Category: 14
Status: upcoming
Threat Type: Unknown
----------------------------------------
Time: 2025-06-21 02:32:37
Title: בדקות הקרובות צפויות להתקבל התרעות באזורך
Location: קריית יערים
Oref Category: 14
Status: upcoming
Threat Type: Unknown
----------------------------------------
Time: 2025-06-21 02:32:37
Title: בדקות הקרובות צפויות להתקבל התרעות באזורך
Location: רמת רזיאל
Oref Category: 14
Status: upcoming
Threat Type: Unknown
----------------------------------------
Time: 2025-06-21 02:32:37
Title: בדקות הקרובות צפויות להתקבל התרעות באזורך
Location: שואבה
Oref Category: 14
Status: upcoming
Threat Type: Unknown
----------------------------------------
Time: 2025-06-21 02:32:37
Title: בדקות הקרובות צפויות להתקבל התרעות באזורך
Location: שורש
Oref Category: 14
Status: upcoming
Threat Type: Unknown
----------------------------------------
Time: 2025-06-21 02:32:37
Title: בדקות הקרובות צפויות להתקבל התרעות באזורך
Location: שמעה
Oref Category: 14
Status: upcoming
Threat Type: Unknown
----------------------------------------
Time: 2025-06-21 02:32:37
Title: בדקות הקרובות צפויות להתקבל התרעות באזורך
Location: שני ליבנה
Oref Category: 14
Status: upcoming
Threat Type: Unknown
----------------------------------------
Time: 2025-06-21 02:32:37
Title: בדקות הקרובות צפויות להתקבל התרעות באזורך
Location: אזור תעשייה ברוש
Oref Category: 14
Status: upcoming
Threat Type: Unknown
----------------------------------------
Time: 2025-06-21 02:32:37
Title: בדקות הקרובות צפויות להתקבל התרעות באזורך
Location: גבעות
Oref Category: 14
Status: upcoming
Threat Type: Unknown
----------------------------------------
Time: 2025-06-21 02:32:37
Title: בדקות הקרובות צפויות להתקבל התרעות באזורך
Location: היישוב היהודי חברון
Oref Category: 14
Status: upcoming
Threat Type: Unknown
----------------------------------------
Time: 2025-06-21 02:32:37
Title: בדקות הקרובות צפויות להתקבל התרעות באזורך
Location: אבו נוור
Oref Category: 14
Status: upcoming
Threat Type: Unknown
----------------------------------------
Time: 2025-06-21 02:32:37
Title: בדקות הקרובות צפויות להתקבל התרעות באזורך
Location: אזור תעשייה מישור אדומים
Oref Category: 14
Status: upcoming
Threat Type: Unknown
----------------------------------------
Time: 2025-06-21 02:32:37
Title: בדקות הקרובות צפויות להתקבל התרעות באזורך
Location: ברקן
Oref Category: 14
Status: upcoming
Threat Type: Unknown
----------------------------------------
Time: 2025-06-21 02:32:37
Title: בדקות הקרובות צפויות להתקבל התרעות באזורך
Location: גבעון החדשה
Oref Category: 14
Status: upcoming
Threat Type: Unknown
----------------------------------------
Time: 2025-06-21 02:32:37
Title: בדקות הקרובות צפויות להתקבל התרעות באזורך
Location: גבעת זאב
Oref Category: 14
Status: upcoming
Threat Type: Unknown
----------------------------------------
Time: 2025-06-21 02:32:37
Title: בדקות הקרובות צפויות להתקבל התרעות באזורך
Location: חוות יאיר
Oref Category: 14
Status: upcoming
Threat Type: Unknown
----------------------------------------
Time: 2025-06-21 02:32:37
Title: בדקות הקרובות צפויות להתקבל התרעות באזורך
Location: יקיר
Oref Category: 14
Status: upcoming
Threat Type: Unknown
----------------------------------------
Time: 2025-06-21 02:32:37
Title: בדקות הקרובות צפויות להתקבל התרעות באזורך
Location: מעלה אדומים
Oref Category: 14
Status: upcoming
Threat Type: Unknown
----------------------------------------
Time: 2025-06-21 02:32:37
Title: בדקות הקרובות צפויות להתקבל התרעות באזורך
Location: נבי סמואל
Oref Category: 14
Status: upcoming
Threat Type: Unknown
----------------------------------------
Time: 2025-06-21 02:32:37
Title: בדקות הקרובות צפויות להתקבל התרעות באזורך
Location: נופים
Oref Category: 14
Status: upcoming
Threat Type: Unknown
----------------------------------------
Time: 2025-06-21 02:32:37
Title: בדקות הקרובות צפויות להתקבל התרעות באזורך
Location: עמנואל
Oref Category: 14
Status: upcoming
Threat Type: Unknown
----------------------------------------
Time: 2025-06-21 02:32:37
Title: בדקות הקרובות צפויות להתקבל התרעות באזורך
Location: קידר
Oref Category: 14
Status: upcoming
Threat Type: Unknown
----------------------------------------
Time: 2025-06-21 02:32:37
Title: בדקות הקרובות צפויות להתקבל התרעות באזורך
Location: קריית נטפים
Oref Category: 14
Status: upcoming
Threat Type: Unknown
----------------------------------------
Time: 2025-06-21 02:32:37
Title: בדקות הקרובות צפויות להתקבל התרעות באזורך
Location: קרני שומרון
Oref Category: 14
Status: upcoming
Threat Type: Unknown
----------------------------------------
Time: 2025-06-21 02:32:37
Title: בדקות הקרובות צפויות להתקבל התרעות באזורך
Location: רבבה
Oref Category: 14
Status: upcoming
Threat Type: Unknown
----------------------------------------
Time: 2025-06-21 02:32:37
Title: בדקות הקרובות צפויות להתקבל התרעות באזורך
Location: אבני חפץ
Oref Category: 14
Status: upcoming
Threat Type: Unknown
----------------------------------------
Time: 2025-06-21 02:32:37
Title: בדקות הקרובות צפויות להתקבל התרעות באזורך
Location: אזור תעשייה אריאל
Oref Category: 14
Status: upcoming
Threat Type: Unknown
----------------------------------------
Time: 2025-06-21 02:32:37
Title: בדקות הקרובות צפויות להתקבל התרעות באזורך
Location: אזור תעשייה בראון
Oref Category: 14
Status: upcoming
Threat Type: Unknown
----------------------------------------
Time: 2025-06-21 02:32:37
Title: בדקות הקרובות צפויות להתקבל התרעות באזורך
Location: אזור תעשייה ברקן
Oref Category: 14
Status: upcoming
Threat Type: Unknown
----------------------------------------
Time: 2025-06-21 02:32:37
Title: בדקות הקרובות צפויות להתקבל התרעות באזורך
Location: אזור תעשייה שחק
Oref Category: 14
Status: upcoming
Threat Type: Unknown
----------------------------------------
Time: 2025-06-21 02:32:37
Title: בדקות הקרובות צפויות להתקבל התרעות באזורך
Location: אזור תעשייה שער בנימין
Oref Category: 14
Status: upcoming
Threat Type: Unknown
----------------------------------------
Time: 2025-06-21 02:32:37
Title: בדקות הקרובות צפויות להתקבל התרעות באזורך
Location: איתמר
Oref Category: 14
Status: upcoming
Threat Type: Unknown
----------------------------------------
Time: 2025-06-21 02:32:37
Title: בדקות הקרובות צפויות להתקבל התרעות באזורך
Location: אלון מורה
Oref Category: 14
Status: upcoming
Threat Type: Unknown
----------------------------------------
Time: 2025-06-21 02:32:37
Title: בדקות הקרובות צפויות להתקבל התרעות באזורך
Location: בית אל
Oref Category: 14
Status: upcoming
Threat Type: Unknown
----------------------------------------
Time: 2025-06-21 02:32:37
Title: בדקות הקרובות צפויות להתקבל התרעות באזורך
Location: בית אריה
Oref Category: 14
Status: upcoming
Threat Type: Unknown
----------------------------------------
Time: 2025-06-21 02:32:37
Title: בדקות הקרובות צפויות להתקבל התרעות באזורך
Location: בית חורון
Oref Category: 14
Status: upcoming
Threat Type: Unknown
----------------------------------------
Time: 2025-06-21 02:32:37
Title: בדקות הקרובות צפויות להתקבל התרעות באזורך
Location: ברוכין
Oref Category: 14
Status: upcoming
Threat Type: Unknown
----------------------------------------
Time: 2025-06-21 02:32:37
Title: בדקות הקרובות צפויות להתקבל התרעות באזורך
Location: גבעת אסף
Oref Category: 14
Status: upcoming
Threat Type: Unknown
----------------------------------------
Time: 2025-06-21 02:32:37
Title: בדקות הקרובות צפויות להתקבל התרעות באזורך
Location: גבעת הראל וגבעת הרואה
Oref Category: 14
Status: upcoming
Threat Type: Unknown
----------------------------------------
Time: 2025-06-21 02:32:37
Title: בדקות הקרובות צפויות להתקבל התרעות באזורך
Location: דולב
Oref Category: 14
Status: upcoming
Threat Type: Unknown
----------------------------------------
Time: 2025-06-21 02:32:37
Title: בדקות הקרובות צפויות להתקבל התרעות באזורך
Location: הר ברכה
Oref Category: 14
Status: upcoming
Threat Type: Unknown
----------------------------------------
Time: 2025-06-21 02:32:37
Title: בדקות הקרובות צפויות להתקבל התרעות באזורך
Location: חוות גלעד
Oref Category: 14
Status: upcoming
Threat Type: Unknown
----------------------------------------
Time: 2025-06-21 02:32:37
Title: בדקות הקרובות צפויות להתקבל התרעות באזורך
Location: חיננית
Oref Category: 14
Status: upcoming
Threat Type: Unknown
----------------------------------------
Time: 2025-06-21 02:32:37
Title: בדקות הקרובות צפויות להתקבל התרעות באזורך
Location: חלמיש
Oref Category: 14
Status: upcoming
Threat Type: Unknown
----------------------------------------
Time: 2025-06-21 02:32:37
Title: בדקות הקרובות צפויות להתקבל התרעות באזורך
Location: חרמש
Oref Category: 14
Status: upcoming
Threat Type: Unknown
----------------------------------------
Time: 2025-06-21 02:32:37
Title: בדקות הקרובות צפויות להתקבל התרעות באזורך
Location: טלמון
Oref Category: 14
Status: upcoming
Threat Type: Unknown
----------------------------------------
Time: 2025-06-21 02:32:37
Title: בדקות הקרובות צפויות להתקבל התרעות באזורך
Location: יצהר
Oref Category: 14
Status: upcoming
Threat Type: Unknown
----------------------------------------
Time: 2025-06-21 02:32:37
Title: בדקות הקרובות צפויות להתקבל התרעות באזורך
Location: כוכב יעקב
Oref Category: 14
Status: upcoming
Threat Type: Unknown
----------------------------------------
Time: 2025-06-21 02:32:37
Title: בדקות הקרובות צפויות להתקבל התרעות באזורך
Location: כפר תפוח
Oref Category: 14
Status: upcoming
Threat Type: Unknown
----------------------------------------
Time: 2025-06-21 02:32:37
Title: בדקות הקרובות צפויות להתקבל התרעות באזורך
Location: מבוא דותן
Oref Category: 14
Status: upcoming
Threat Type: Unknown
----------------------------------------
Time: 2025-06-21 02:32:37
Title: בדקות הקרובות צפויות להתקבל התרעות באזורך
Location: מגדלים
Oref Category: 14
Status: upcoming
Threat Type: Unknown
----------------------------------------
Time: 2025-06-21 02:32:37
Title: בדקות הקרובות צפויות להתקבל התרעות באזורך
Location: מעלה לבונה
Oref Category: 14
Status: upcoming
Threat Type: Unknown
----------------------------------------
Time: 2025-06-21 02:32:37
Title: בדקות הקרובות צפויות להתקבל התרעות באזורך
Location: נחליאל
Oref Category: 14
Status: upcoming
Threat Type: Unknown
----------------------------------------
Time: 2025-06-21 02:32:37
Title: בדקות הקרובות צפויות להתקבל התרעות באזורך
Location: נילי
Oref Category: 14
Status: upcoming
Threat Type: Unknown
----------------------------------------
Time: 2025-06-21 02:32:37
Title: בדקות הקרובות צפויות להתקבל התרעות באזורך
Location: נעלה
Oref Category: 14
Status: upcoming
Threat Type: Unknown
----------------------------------------
Time: 2025-06-21 02:32:37
Title: בדקות הקרובות צפויות להתקבל התרעות באזורך
Location: עטרת
Oref Category: 14
Status: upcoming
Threat Type: Unknown
----------------------------------------
Time: 2025-06-21 02:32:37
Title: בדקות הקרובות צפויות להתקבל התרעות באזורך
Location: עלי זהב
Oref Category: 14
Status: upcoming
Threat Type: Unknown
----------------------------------------
Time: 2025-06-21 02:32:37
Title: בדקות הקרובות צפויות להתקבל התרעות באזורך
Location: עלי
Oref Category: 14
Status: upcoming
Threat Type: Unknown
----------------------------------------
Time: 2025-06-21 02:32:37
Title: בדקות הקרובות צפויות להתקבל התרעות באזורך
Location: עמיחי
Oref Category: 14
Status: upcoming
Threat Type: Unknown
----------------------------------------
Time: 2025-06-21 02:32:37
Title: בדקות הקרובות צפויות להתקבל התרעות באזורך
Location: ענב
Oref Category: 14
Status: upcoming
Threat Type: Unknown
----------------------------------------
Time: 2025-06-21 02:32:37
Title: בדקות הקרובות צפויות להתקבל התרעות באזורך
Location: עפרה
Oref Category: 14
Status: upcoming
Threat Type: Unknown
----------------------------------------
Time: 2025-06-21 02:32:37
Title: בדקות הקרובות צפויות להתקבל התרעות באזורך
Location: פדואל
Oref Category: 14
Status: upcoming
Threat Type: Unknown
----------------------------------------
Time: 2025-06-21 02:32:37
Title: בדקות הקרובות צפויות להתקבל התרעות באזורך
Location: פסגות
Oref Category: 14
Status: upcoming
Threat Type: Unknown
----------------------------------------
Time: 2025-06-21 02:32:37
Title: בדקות הקרובות צפויות להתקבל התרעות באזורך
Location: קדומים
Oref Category: 14
Status: upcoming
Threat Type: Unknown
----------------------------------------
Time: 2025-06-21 02:32:37
Title: בדקות הקרובות צפויות להתקבל התרעות באזורך
Location: רחלים
Oref Category: 14
Status: upcoming
Threat Type: Unknown
----------------------------------------
Time: 2025-06-21 02:32:37
Title: בדקות הקרובות צפויות להתקבל התרעות באזורך
Location: ריחן
Oref Category: 14
Status: upcoming
Threat Type: Unknown
----------------------------------------
Time: 2025-06-21 02:32:37
Title: בדקות הקרובות צפויות להתקבל התרעות באזורך
Location: שבות רחל
Oref Category: 14
Status: upcoming
Threat Type: Unknown
----------------------------------------
Time: 2025-06-21 02:32:37
Title: בדקות הקרובות צפויות להתקבל התרעות באזורך
Location: שבי שומרון
Oref Category: 14
Status: upcoming
Threat Type: Unknown
----------------------------------------
Time: 2025-06-21 02:32:37
Title: בדקות הקרובות צפויות להתקבל התרעות באזורך
Location: שילה
Oref Category: 14
Status: upcoming
Threat Type: Unknown
----------------------------------------
Time: 2025-06-21 02:32:37
Title: בדקות הקרובות צפויות להתקבל התרעות באזורך
Location: שקד
Oref Category: 14
Status: upcoming
Threat Type: Unknown
----------------------------------------
Time: 2025-06-21 02:32:37
Title: בדקות הקרובות צפויות להתקבל התרעות באזורך
Location: תל ציון
Oref Category: 14
Status: upcoming
Threat Type: Unknown
----------------------------------------
Time: 2025-06-21 02:32:37
Title: בדקות הקרובות צפויות להתקבל התרעות באזורך
Location: אחיה
Oref Category: 14
Status: upcoming
Threat Type: Unknown
----------------------------------------
Time: 2025-06-21 02:32:37
Title: בדקות הקרובות צפויות להתקבל התרעות באזורך
Location: אריאל
Oref Category: 14
Status: upcoming
Threat Type: Unknown
----------------------------------------
Time: 2025-06-21 02:32:37
Title: בדקות הקרובות צפויות להתקבל התרעות באזורך
Location: חרשה
Oref Category: 14
Status: upcoming
Threat Type: Unknown
----------------------------------------
Time: 2025-06-21 02:32:37
Title: בדקות הקרובות צפויות להתקבל התרעות באזורך
Location: טל מנשה
Oref Category: 14
Status: upcoming
Threat Type: Unknown
----------------------------------------
Time: 2025-06-21 02:32:37
Title: בדקות הקרובות צפויות להתקבל התרעות באזורך
Location: כרם רעים
Oref Category: 14
Status: upcoming
Threat Type: Unknown
----------------------------------------
Time: 2025-06-21 02:32:37
Title: בדקות הקרובות צפויות להתקבל התרעות באזורך
Location: מגרון
Oref Category: 14
Status: upcoming
Threat Type: Unknown
----------------------------------------
Time: 2025-06-21 02:32:37
Title: בדקות הקרובות צפויות להתקבל התרעות באזורך
Location: נופי נחמיה
Oref Category: 14
Status: upcoming
Threat Type: Unknown
----------------------------------------
Time: 2025-06-21 02:32:37
Title: בדקות הקרובות צפויות להתקבל התרעות באזורך
Location: נריה
Oref Category: 14
Status: upcoming
Threat Type: Unknown
----------------------------------------
Time: 2025-06-21 02:32:37
Title: בדקות הקרובות צפויות להתקבל התרעות באזורך
Location: עופרים
Oref Category: 14
Status: upcoming
Threat Type: Unknown
----------------------------------------
Time: 2025-06-21 02:32:37
Title: בדקות הקרובות צפויות להתקבל התרעות באזורך
Location: אזור תעשייה צבאים
Oref Category: 14
Status: upcoming
Threat Type: Unknown
----------------------------------------
Time: 2025-06-21 02:32:37
Title: בדקות הקרובות צפויות להתקבל התרעות באזורך
Location: בית אלפא וחפציבה
Oref Category: 14
Status: upcoming
Threat Type: Unknown
----------------------------------------
Time: 2025-06-21 02:32:37
Title: בדקות הקרובות צפויות להתקבל התרעות באזורך
Location: בית השיטה
Oref Category: 14
Status: upcoming
Threat Type: Unknown
----------------------------------------
Time: 2025-06-21 02:32:37
Title: בדקות הקרובות צפויות להתקבל התרעות באזורך
Location: בית יוסף
Oref Category: 14
Status: upcoming
Threat Type: Unknown
----------------------------------------
Time: 2025-06-21 02:32:37
Title: בדקות הקרובות צפויות להתקבל התרעות באזורך
Location: בית שאן
Oref Category: 14
Status: upcoming
Threat Type: Unknown
----------------------------------------
Time: 2025-06-21 02:32:37
Title: בדקות הקרובות צפויות להתקבל התרעות באזורך
Location: גשר
Oref Category: 14
Status: upcoming
Threat Type: Unknown
----------------------------------------
Time: 2025-06-21 02:32:37
Title: בדקות הקרובות צפויות להתקבל התרעות באזורך
Location: חוות עדן
Oref Category: 14
Status: upcoming
Threat Type: Unknown
----------------------------------------
Time: 2025-06-21 02:32:37
Title: בדקות הקרובות צפויות להתקבל התרעות באזורך
Location: חמדיה
Oref Category: 14
Status: upcoming
Threat Type: Unknown
----------------------------------------
Time: 2025-06-21 02:32:37
Title: בדקות הקרובות צפויות להתקבל התרעות באזורך
Location: טירת צבי
Oref Category: 14
Status: upcoming
Threat Type: Unknown
----------------------------------------
Time: 2025-06-21 02:32:37
Title: בדקות הקרובות צפויות להתקבל התרעות באזורך
Location: ירדנה
Oref Category: 14
Status: upcoming
Threat Type: Unknown
----------------------------------------
Time: 2025-06-21 02:32:37
Title: בדקות הקרובות צפויות להתקבל התרעות באזורך
Location: כפר גמילה מלכישוע
Oref Category: 14
Status: upcoming
Threat Type: Unknown
----------------------------------------
Time: 2025-06-21 02:32:37
Title: בדקות הקרובות צפויות להתקבל התרעות באזורך
Location: כפר רופין
Oref Category: 14
Status: upcoming
Threat Type: Unknown
----------------------------------------
Time: 2025-06-21 02:32:37
Title: בדקות הקרובות צפויות להתקבל התרעות באזורך
Location: מולדת
Oref Category: 14
Status: upcoming
Threat Type: Unknown
----------------------------------------
Time: 2025-06-21 02:32:37
Title: בדקות הקרובות צפויות להתקבל התרעות באזורך
Location: מירב
Oref Category: 14
Status: upcoming
Threat Type: Unknown
----------------------------------------
Time: 2025-06-21 02:32:37
Title: בדקות הקרובות צפויות להתקבל התרעות באזורך
Location: מסילות
Oref Category: 14
Status: upcoming
Threat Type: Unknown
----------------------------------------
Time: 2025-06-21 02:32:37
Title: בדקות הקרובות צפויות להתקבל התרעות באזורך
Location: מעוז חיים
Oref Category: 14
Status: upcoming
Threat Type: Unknown
----------------------------------------
Time: 2025-06-21 02:32:37
Title: בדקות הקרובות צפויות להתקבל התרעות באזורך
Location: מעלה גלבוע
Oref Category: 14
Status: upcoming
Threat Type: Unknown
----------------------------------------
Time: 2025-06-21 02:32:37
Title: בדקות הקרובות צפויות להתקבל התרעות באזורך
Location: נוה איתן
Oref Category: 14
Status: upcoming
Threat Type: Unknown
----------------------------------------
Time: 2025-06-21 02:32:37
Title: בדקות הקרובות צפויות להתקבל התרעות באזורך
Location: נווה אור
Oref Category: 14
Status: upcoming
Threat Type: Unknown
----------------------------------------
Time: 2025-06-21 02:32:37
Title: בדקות הקרובות צפויות להתקבל התרעות באזורך
Location: ניר דוד
Oref Category: 14
Status: upcoming
Threat Type: Unknown
----------------------------------------
Time: 2025-06-21 02:32:37
Title: בדקות הקרובות צפויות להתקבל התרעות באזורך
Location: עין הנצי''ב
Oref Category: 14
Status: upcoming
Threat Type: Unknown
----------------------------------------
Time: 2025-06-21 02:32:37
Title: בדקות הקרובות צפויות להתקבל התרעות באזורך
Location: רחוב
Oref Category: 14
Status: upcoming
Threat Type: Unknown
----------------------------------------
Time: 2025-06-21 02:32:37
Title: בדקות הקרובות צפויות להתקבל התרעות באזורך
Location: רשפים
Oref Category: 14
Status: upcoming
Threat Type: Unknown
----------------------------------------
Time: 2025-06-21 02:32:37
Title: בדקות הקרובות צפויות להתקבל התרעות באזורך
Location: שדה אליהו
Oref Category: 14
Status: upcoming
Threat Type: Unknown
----------------------------------------
Time: 2025-06-21 02:32:37
Title: בדקות הקרובות צפויות להתקבל התרעות באזורך
Location: שדה נחום
Oref Category: 14
Status: upcoming
Threat Type: Unknown
----------------------------------------
Time: 2025-06-21 02:32:37
Title: בדקות הקרובות צפויות להתקבל התרעות באזורך
Location: שדי תרומות
Oref Category: 14
Status: upcoming
Threat Type: Unknown
----------------------------------------
Time: 2025-06-21 02:32:37
Title: בדקות הקרובות צפויות להתקבל התרעות באזורך
Location: שלוחות
Oref Category: 14
Status: upcoming
Threat Type: Unknown
----------------------------------------
Time: 2025-06-21 02:32:37
Title: בדקות הקרובות צפויות להתקבל התרעות באזורך
Location: תל תאומים
Oref Category: 14
Status: upcoming
Threat Type: Unknown
----------------------------------------
Time: 2025-06-21 02:32:37
Title: בדקות הקרובות צפויות להתקבל התרעות באזורך
Location: אלון
Oref Category: 14
Status: upcoming
Threat Type: Unknown
----------------------------------------
Time: 2025-06-21 02:32:37
Title: בדקות הקרובות צפויות להתקבל התרעות באזורך
Location: ארגמן
Oref Category: 14
Status: upcoming
Threat Type: Unknown
----------------------------------------
Time: 2025-06-21 02:32:37
Title: בדקות הקרובות צפויות להתקבל התרעות באזורך
Location: בקעות
Oref Category: 14
Status: upcoming
Threat Type: Unknown
----------------------------------------
Time: 2025-06-21 02:32:37
Title: בדקות הקרובות צפויות להתקבל התרעות באזורך
Location: גבע בנימין
Oref Category: 14
Status: upcoming
Threat Type: Unknown
----------------------------------------
Time: 2025-06-21 02:32:37
Title: בדקות הקרובות צפויות להתקבל התרעות באזורך
Location: גיתית
Oref Category: 14
Status: upcoming
Threat Type: Unknown
----------------------------------------
Time: 2025-06-21 02:32:37
Title: בדקות הקרובות צפויות להתקבל התרעות באזורך
Location: גלגל
Oref Category: 14
Status: upcoming
Threat Type: Unknown
----------------------------------------
Time: 2025-06-21 02:32:37
Title: בדקות הקרובות צפויות להתקבל התרעות באזורך
Location: גני חוגה
Oref Category: 14
Status: upcoming
Threat Type: Unknown
----------------------------------------
Time: 2025-06-21 02:32:37
Title: בדקות הקרובות צפויות להתקבל התרעות באזורך
Location: חמדת
Oref Category: 14
Status: upcoming
Threat Type: Unknown
----------------------------------------
Time: 2025-06-21 02:32:37
Title: בדקות הקרובות צפויות להתקבל התרעות באזורך
Location: חמרה
Oref Category: 14
Status: upcoming
Threat Type: Unknown
----------------------------------------
Time: 2025-06-21 02:32:37
Title: בדקות הקרובות צפויות להתקבל התרעות באזורך
Location: ייט''ב
Oref Category: 14
Status: upcoming
Threat Type: Unknown
----------------------------------------
Time: 2025-06-21 02:32:37
Title: בדקות הקרובות צפויות להתקבל התרעות באזורך
Location: יפית
Oref Category: 14
Status: upcoming
Threat Type: Unknown
----------------------------------------
Time: 2025-06-21 02:32:37
Title: בדקות הקרובות צפויות להתקבל התרעות באזורך
Location: כוכב השחר
Oref Category: 14
Status: upcoming
Threat Type: Unknown
----------------------------------------
Time: 2025-06-21 02:32:37
Title: בדקות הקרובות צפויות להתקבל התרעות באזורך
Location: כפר אדומים
Oref Category: 14
Status: upcoming
Threat Type: Unknown
----------------------------------------
Time: 2025-06-21 02:32:37
Title: בדקות הקרובות צפויות להתקבל התרעות באזורך
Location: מבואות יריחו
Oref Category: 14
Status: upcoming
Threat Type: Unknown
----------------------------------------
Time: 2025-06-21 02:32:37
Title: בדקות הקרובות צפויות להתקבל התרעות באזורך
Location: מחולה
Oref Category: 14
Status: upcoming
Threat Type: Unknown
----------------------------------------
Time: 2025-06-21 02:32:37
Title: בדקות הקרובות צפויות להתקבל התרעות באזורך
Location: מכורה
Oref Category: 14
Status: upcoming
Threat Type: Unknown
----------------------------------------
Time: 2025-06-21 02:32:37
Title: בדקות הקרובות צפויות להתקבל התרעות באזורך
Location: מעלה אפרים
Oref Category: 14
Status: upcoming
Threat Type: Unknown
----------------------------------------
Time: 2025-06-21 02:32:37
Title: בדקות הקרובות צפויות להתקבל התרעות באזורך
Location: מעלה מכמש
Oref Category: 14
Status: upcoming
Threat Type: Unknown
----------------------------------------
Time: 2025-06-21 02:32:37
Title: בדקות הקרובות צפויות להתקבל התרעות באזורך
Location: מצפה יריחו
Oref Category: 14
Status: upcoming
Threat Type: Unknown
----------------------------------------
Time: 2025-06-21 02:32:37
Title: בדקות הקרובות צפויות להתקבל התרעות באזורך
Location: משואה
Oref Category: 14
Status: upcoming
Threat Type: Unknown
----------------------------------------
Time: 2025-06-21 02:32:37
Title: בדקות הקרובות צפויות להתקבל התרעות באזורך
Location: משכיות
Oref Category: 14
Status: upcoming
Threat Type: Unknown
----------------------------------------
Time: 2025-06-21 02:32:37
Title: בדקות הקרובות צפויות להתקבל התרעות באזורך
Location: נעמה
Oref Category: 14
Status: upcoming
Threat Type: Unknown
----------------------------------------
Time: 2025-06-21 02:32:37
Title: בדקות הקרובות צפויות להתקבל התרעות באזורך
Location: נערן
Oref Category: 14
Status: upcoming
Threat Type: Unknown
----------------------------------------
Time: 2025-06-21 02:32:37
Title: בדקות הקרובות צפויות להתקבל התרעות באזורך
Location: נתיב הגדוד
Oref Category: 14
Status: upcoming
Threat Type: Unknown
----------------------------------------
Time: 2025-06-21 02:32:37
Title: בדקות הקרובות צפויות להתקבל התרעות באזורך
Location: עדי עד
Oref Category: 14
Status: upcoming
Threat Type: Unknown
----------------------------------------
Time: 2025-06-21 02:32:37
Title: בדקות הקרובות צפויות להתקבל התרעות באזורך
Location: עלמון
Oref Category: 14
Status: upcoming
Threat Type: Unknown
----------------------------------------
Time: 2025-06-21 02:32:37
Title: בדקות הקרובות צפויות להתקבל התרעות באזורך
Location: פצאל
Oref Category: 14
Status: upcoming
Threat Type: Unknown
----------------------------------------
Time: 2025-06-21 02:32:37
Title: בדקות הקרובות צפויות להתקבל התרעות באזורך
Location: קידה
Oref Category: 14
Status: upcoming
Threat Type: Unknown
----------------------------------------
Time: 2025-06-21 02:32:37
Title: בדקות הקרובות צפויות להתקבל התרעות באזורך
Location: רועי
Oref Category: 14
Status: upcoming
Threat Type: Unknown
----------------------------------------
Time: 2025-06-21 02:32:37
Title: בדקות הקרובות צפויות להתקבל התרעות באזורך
Location: רותם
Oref Category: 14
Status: upcoming
Threat Type: Unknown
----------------------------------------
Time: 2025-06-21 02:32:37
Title: בדקות הקרובות צפויות להתקבל התרעות באזורך
Location: רימונים
Oref Category: 14
Status: upcoming
Threat Type: Unknown
----------------------------------------
Time: 2025-06-21 02:32:37
Title: בדקות הקרובות צפויות להתקבל התרעות באזורך
Location: שדמות מחולה
Oref Category: 14
Status: upcoming
Threat Type: Unknown
----------------------------------------
Time: 2025-06-21 02:32:37
Title: בדקות הקרובות צפויות להתקבל התרעות באזורך
Location: שלפים
Oref Category: 14
Status: upcoming
Threat Type: Unknown
----------------------------------------
Time: 2025-06-21 02:32:37
Title: בדקות הקרובות צפויות להתקבל התרעות באזורך
Location: תומר
Oref Category: 14
Status: upcoming
Threat Type: Unknown
----------------------------------------
Time: 2025-06-21 02:32:37
Title: בדקות הקרובות צפויות להתקבל התרעות באזורך
Location: נופי פרת
Oref Category: 14
Status: upcoming
Threat Type: Unknown
----------------------------------------
Time: 2025-06-21 02:32:37
Title: בדקות הקרובות צפויות להתקבל התרעות באזורך
Location: רוויה
Oref Category: 14
Status: upcoming
Threat Type: Unknown
----------------------------------------
Time: 2025-06-21 02:32:37
Title: בדקות הקרובות צפויות להתקבל התרעות באזורך
Location: כפר מנחם
Oref Category: 14
Status: upcoming
Threat Type: Unknown
----------------------------------------
Time: 2025-06-21 02:32:37
Title: בדקות הקרובות צפויות להתקבל התרעות באזורך
Location: אמציה
Oref Category: 14
Status: upcoming
Threat Type: Unknown
----------------------------------------
Time: 2025-06-21 02:32:37
Title: בדקות הקרובות צפויות להתקבל התרעות באזורך
Location: בית גוברין
Oref Category: 14
Status: upcoming
Threat Type: Unknown
----------------------------------------
Time: 2025-06-21 02:32:37
Title: בדקות הקרובות צפויות להתקבל התרעות באזורך
Location: בית ניר
Oref Category: 14
Status: upcoming
Threat Type: Unknown
----------------------------------------
Time: 2025-06-21 02:32:37
Title: בדקות הקרובות צפויות להתקבל התרעות באזורך
Location: בני דקלים
Oref Category: 14
Status: upcoming
Threat Type: Unknown
----------------------------------------
Time: 2025-06-21 02:32:37
Title: בדקות הקרובות צפויות להתקבל התרעות באזורך
Location: גלאון
Oref Category: 14
Status: upcoming
Threat Type: Unknown
----------------------------------------
Time: 2025-06-21 02:32:37
Title: בדקות הקרובות צפויות להתקבל התרעות באזורך
Location: גפן
Oref Category: 14
Status: upcoming
Threat Type: Unknown
----------------------------------------
Time: 2025-06-21 02:32:37
Title: בדקות הקרובות צפויות להתקבל התרעות באזורך
Location: זכריה
Oref Category: 14
Status: upcoming
Threat Type: Unknown
----------------------------------------
Time: 2025-06-21 02:32:37
Title: בדקות הקרובות צפויות להתקבל התרעות באזורך
Location: כפר זוהרים
Oref Category: 14
Status: upcoming
Threat Type: Unknown
----------------------------------------
Time: 2025-06-21 02:32:37
Title: בדקות הקרובות צפויות להתקבל התרעות באזורך
Location: כרמי קטיף
Oref Category: 14
Status: upcoming
Threat Type: Unknown
----------------------------------------
Time: 2025-06-21 02:32:37
Title: בדקות הקרובות צפויות להתקבל התרעות באזורך
Location: לוזית
Oref Category: 14
Status: upcoming
Threat Type: Unknown
----------------------------------------
Time: 2025-06-21 02:32:37
Title: בדקות הקרובות צפויות להתקבל התרעות באזורך
Location: נחושה
Oref Category: 14
Status: upcoming
Threat Type: Unknown
----------------------------------------
Time: 2025-06-21 02:32:37
Title: בדקות הקרובות צפויות להתקבל התרעות באזורך
Location: נטע
Oref Category: 14
Status: upcoming
Threat Type: Unknown
----------------------------------------
Time: 2025-06-21 02:32:37
Title: בדקות הקרובות צפויות להתקבל התרעות באזורך
Location: עגור
Oref Category: 14
Status: upcoming
Threat Type: Unknown
----------------------------------------
Time: 2025-06-21 02:32:37
Title: בדקות הקרובות צפויות להתקבל התרעות באזורך
Location: צפרירים
Oref Category: 14
Status: upcoming
Threat Type: Unknown
----------------------------------------
Time: 2025-06-21 02:32:37
Title: בדקות הקרובות צפויות להתקבל התרעות באזורך
Location: שדות מיכה
Oref Category: 14
Status: upcoming
Threat Type: Unknown
----------------------------------------
Time: 2025-06-21 02:32:37
Title: בדקות הקרובות צפויות להתקבל התרעות באזורך
Location: שומריה
Oref Category: 14
Status: upcoming
Threat Type: Unknown
----------------------------------------
Time: 2025-06-21 02:32:37
Title: בדקות הקרובות צפויות להתקבל התרעות באזורך
Location: שקף
Oref Category: 14
Status: upcoming
Threat Type: Unknown
----------------------------------------
Time: 2025-06-21 02:32:37
Title: בדקות הקרובות צפויות להתקבל התרעות באזורך
Location: שריגים - לי-און
Oref Category: 14
Status: upcoming
Threat Type: Unknown
----------------------------------------
Time: 2025-06-21 02:32:37
Title: בדקות הקרובות צפויות להתקבל התרעות באזורך
Location: תירוש
Oref Category: 14
Status: upcoming
Threat Type: Unknown
----------------------------------------
Time: 2025-06-21 02:32:37
Title: בדקות הקרובות צפויות להתקבל התרעות באזורך
Location: אליאב
Oref Category: 14
Status: upcoming
Threat Type: Unknown
----------------------------------------
Time: 2025-06-21 02:32:37
Title: בדקות הקרובות צפויות להתקבל התרעות באזורך
Location: גבעת ישעיהו
Oref Category: 14
Status: upcoming
Threat Type: Unknown
----------------------------------------
Time: 2025-06-21 02:32:37
Title: בדקות הקרובות צפויות להתקבל התרעות באזורך
Location: צומת האלה
Oref Category: 14
Status: upcoming
Threat Type: Unknown
----------------------------------------
Time: 2025-06-21 02:32:37
Title: בדקות הקרובות צפויות להתקבל התרעות באזורך
Location: טייבה בגלבוע
Oref Category: 14
Status: upcoming
Threat Type: Unknown
----------------------------------------
Time: 2025-06-21 02:32:37
Title: בדקות הקרובות צפויות להתקבל התרעות באזורך
Location: מנחמיה
Oref Category: 14
Status: upcoming
Threat Type: Unknown
----------------------------------------

--- Ended Alerts ---
Time: 2025-06-21 11:32:23
Title: חדירת כלי טיס עוין - האירוע הסתיים
Location: אילות
Oref Category: 13
Status: ended
Threat Type: aircraft intrusion
----------------------------------------
Time: 2025-06-21 11:32:23
Title: חדירת כלי טיס עוין - האירוע הסתיים
Location: אילת
Oref Category: 13
Status: ended
Threat Type: aircraft intrusion
----------------------------------------
Time: 2025-06-21 11:32:23
Title: חדירת כלי טיס עוין - האירוע הסתיים
Location: אזור תעשייה שחורת
Oref Category: 13
Status: ended
Threat Type: aircraft intrusion
----------------------------------------
Time: 2025-06-21 11:32:23
Title: חדירת כלי טיס עוין - האירוע הסתיים
Location: רמת מגשימים
Oref Category: 13
Status: ended
Threat Type: aircraft intrusion
----------------------------------------
Time: 2025-06-21 11:32:23
Title: חדירת כלי טיס עוין - האירוע הסתיים
Location: אזור תעשייה רותם
Oref Category: 13
Status: ended
Threat Type: aircraft intrusion
----------------------------------------
Time: 2025-06-21 11:32:23
Title: חדירת כלי טיס עוין - האירוע הסתיים
Location: אליפז ומכרות תמנע
Oref Category: 13
Status: ended
Threat Type: aircraft intrusion
----------------------------------------
Time: 2025-06-21 11:32:23
Title: חדירת כלי טיס עוין - האירוע הסתיים
Location: גרופית
Oref Category: 13
Status: ended
Threat Type: aircraft intrusion
----------------------------------------
Time: 2025-06-21 11:32:23
Title: חדירת כלי טיס עוין - האירוע הסתיים
Location: יטבתה
Oref Category: 13
Status: ended
Threat Type: aircraft intrusion
----------------------------------------
Time: 2025-06-21 11:32:23
Title: חדירת כלי טיס עוין - האירוע הסתיים
Location: לוטן
Oref Category: 13
Status: ended
Threat Type: aircraft intrusion
----------------------------------------
Time: 2025-06-21 11:32:23
Title: חדירת כלי טיס עוין - האירוע הסתיים
Location: סמר
Oref Category: 13
Status: ended
Threat Type: aircraft intrusion
----------------------------------------
Time: 2025-06-21 11:32:23
Title: חדירת כלי טיס עוין - האירוע הסתיים
Location: קטורה
Oref Category: 13
Status: ended
Threat Type: aircraft intrusion
----------------------------------------
Time: 2025-06-21 11:32:23
Title: חדירת כלי טיס עוין - האירוע הסתיים
Location: חי-בר יטבתה
Oref Category: 13
Status: ended
Threat Type: aircraft intrusion
----------------------------------------
Time: 2025-06-21 11:21:59
Title: חדירת כלי טיס עוין - האירוע הסתיים
Location: אזור תעשייה צבאים
Oref Category: 13
Status: ended
Threat Type: aircraft intrusion
----------------------------------------
Time: 2025-06-21 11:21:59
Title: חדירת כלי טיס עוין - האירוע הסתיים
Location: בית אלפא וחפציבה
Oref Category: 13
Status: ended
Threat Type: aircraft intrusion
----------------------------------------
Time: 2025-06-21 11:21:59
Title: חדירת כלי טיס עוין - האירוע הסתיים
Location: בית השיטה
Oref Category: 13
Status: ended
Threat Type: aircraft intrusion
----------------------------------------
Time: 2025-06-21 11:21:59
Title: חדירת כלי טיס עוין - האירוע הסתיים
Location: בית שאן
Oref Category: 13
Status: ended
Threat Type: aircraft intrusion
----------------------------------------
Time: 2025-06-21 11:21:59
Title: חדירת כלי טיס עוין - האירוע הסתיים
Location: חוות עדן
Oref Category: 13
Status: ended
Threat Type: aircraft intrusion
----------------------------------------
Time: 2025-06-21 11:21:59
Title: חדירת כלי טיס עוין - האירוע הסתיים
Location: חמדיה
Oref Category: 13
Status: ended
Threat Type: aircraft intrusion
----------------------------------------
Time: 2025-06-21 11:21:59
Title: חדירת כלי טיס עוין - האירוע הסתיים
Location: כפר רופין
Oref Category: 13
Status: ended
Threat Type: aircraft intrusion
----------------------------------------
Time: 2025-06-21 11:21:59
Title: חדירת כלי טיס עוין - האירוע הסתיים
Location: מסילות
Oref Category: 13
Status: ended
Threat Type: aircraft intrusion
----------------------------------------
Time: 2025-06-21 11:21:59
Title: חדירת כלי טיס עוין - האירוע הסתיים
Location: מעוז חיים
Oref Category: 13
Status: ended
Threat Type: aircraft intrusion
----------------------------------------
Time: 2025-06-21 11:21:59
Title: חדירת כלי טיס עוין - האירוע הסתיים
Location: מעלה גלבוע
Oref Category: 13
Status: ended
Threat Type: aircraft intrusion
----------------------------------------
Time: 2025-06-21 11:21:59
Title: חדירת כלי טיס עוין - האירוע הסתיים
Location: נוה איתן
Oref Category: 13
Status: ended
Threat Type: aircraft intrusion
----------------------------------------
Time: 2025-06-21 11:21:59
Title: חדירת כלי טיס עוין - האירוע הסתיים
Location: ניר דוד
Oref Category: 13
Status: ended
Threat Type: aircraft intrusion
----------------------------------------
Time: 2025-06-21 11:21:59
Title: חדירת כלי טיס עוין - האירוע הסתיים
Location: עין הנצי''ב
Oref Category: 13
Status: ended
Threat Type: aircraft intrusion
----------------------------------------
Time: 2025-06-21 11:21:59
Title: חדירת כלי טיס עוין - האירוע הסתיים
Location: רחוב
Oref Category: 13
Status: ended
Threat Type: aircraft intrusion
----------------------------------------
Time: 2025-06-21 11:21:59
Title: חדירת כלי טיס עוין - האירוע הסתיים
Location: רשפים
Oref Category: 13
Status: ended
Threat Type: aircraft intrusion
----------------------------------------
Time: 2025-06-21 11:21:59
Title: חדירת כלי טיס עוין - האירוע הסתיים
Location: שדה נחום
Oref Category: 13
Status: ended
Threat Type: aircraft intrusion
----------------------------------------
Time: 2025-06-21 11:21:59
Title: חדירת כלי טיס עוין - האירוע הסתיים
Location: שדי תרומות
Oref Category: 13
Status: ended
Threat Type: aircraft intrusion
----------------------------------------
Time: 2025-06-21 11:21:59
Title: חדירת כלי טיס עוין - האירוע הסתיים
Location: שלוחות
Oref Category: 13
Status: ended
Threat Type: aircraft intrusion
----------------------------------------
Time: 2025-06-21 11:21:59
Title: חדירת כלי טיס עוין - האירוע הסתיים
Location: תל תאומים
Oref Category: 13
Status: ended
Threat Type: aircraft intrusion
----------------------------------------
Time: 2025-06-21 11:21:59
Title: חדירת כלי טיס עוין - האירוע הסתיים
Location: גני חוגה
Oref Category: 13
Status: ended
Threat Type: aircraft intrusion
----------------------------------------
Time: 2025-06-21 11:21:59
Title: חדירת כלי טיס עוין - האירוע הסתיים
Location: שלפים
Oref Category: 13
Status: ended
Threat Type: aircraft intrusion
----------------------------------------
Time: 2025-06-21 11:21:59
Title: חדירת כלי טיס עוין - האירוע הסתיים
Location: רוויה
Oref Category: 13
Status: ended
Threat Type: aircraft intrusion
----------------------------------------
Time: 2025-06-21 11:21:59
Title: חדירת כלי טיס עוין - האירוע הסתיים
Location: מירון
Oref Category: 13
Status: ended
Threat Type: aircraft intrusion
----------------------------------------
Time: 2025-06-21 11:21:59
Title: חדירת כלי טיס עוין - האירוע הסתיים
Location: מרכז אזורי מרום גליל
Oref Category: 13
Status: ended
Threat Type: aircraft intrusion
----------------------------------------
Time: 2025-06-21 10:32:49
Title: חדירת כלי טיס עוין - האירוע הסתיים
Location: גרופית
Oref Category: 13
Status: ended
Threat Type: aircraft intrusion
----------------------------------------
Time: 2025-06-21 10:32:49
Title: חדירת כלי טיס עוין - האירוע הסתיים
Location: לוטן
Oref Category: 13
Status: ended
Threat Type: aircraft intrusion
----------------------------------------
Time: 2025-06-21 10:25:31
Title: חדירת כלי טיס עוין - האירוע הסתיים
Location: צוקים
Oref Category: 13
Status: ended
Threat Type: aircraft intrusion
----------------------------------------
Time: 2025-06-21 09:01:46
Title: חדירת כלי טיס עוין - האירוע הסתיים
Location: אזור תעשייה שחק
Oref Category: 13
Status: ended
Threat Type: aircraft intrusion
----------------------------------------
Time: 2025-06-21 09:01:46
Title: חדירת כלי טיס עוין - האירוע הסתיים
Location: חיננית
Oref Category: 13
Status: ended
Threat Type: aircraft intrusion
----------------------------------------
Time: 2025-06-21 09:01:46
Title: חדירת כלי טיס עוין - האירוע הסתיים
Location: חרמש
Oref Category: 13
Status: ended
Threat Type: aircraft intrusion
----------------------------------------
Time: 2025-06-21 09:01:46
Title: חדירת כלי טיס עוין - האירוע הסתיים
Location: מבוא דותן
Oref Category: 13
Status: ended
Threat Type: aircraft intrusion
----------------------------------------
Time: 2025-06-21 09:01:46
Title: חדירת כלי טיס עוין - האירוע הסתיים
Location: ריחן
Oref Category: 13
Status: ended
Threat Type: aircraft intrusion
----------------------------------------
Time: 2025-06-21 09:01:46
Title: חדירת כלי טיס עוין - האירוע הסתיים
Location: שקד
Oref Category: 13
Status: ended
Threat Type: aircraft intrusion
----------------------------------------
Time: 2025-06-21 09:01:46
Title: חדירת כלי טיס עוין - האירוע הסתיים
Location: טל מנשה
Oref Category: 13
Status: ended
Threat Type: aircraft intrusion
----------------------------------------
Time: 2025-06-21 09:01:46
Title: חדירת כלי טיס עוין - האירוע הסתיים
Location: בית שאן
Oref Category: 13
Status: ended
Threat Type: aircraft intrusion
----------------------------------------
Time: 2025-06-21 09:01:46
Title: חדירת כלי טיס עוין - האירוע הסתיים
Location: חוות עדן
Oref Category: 13
Status: ended
Threat Type: aircraft intrusion
----------------------------------------
Time: 2025-06-21 09:01:46
Title: חדירת כלי טיס עוין - האירוע הסתיים
Location: טירת צבי
Oref Category: 13
Status: ended
Threat Type: aircraft intrusion
----------------------------------------
Time: 2025-06-21 09:01:46
Title: חדירת כלי טיס עוין - האירוע הסתיים
Location: כפר גמילה מלכישוע
Oref Category: 13
Status: ended
Threat Type: aircraft intrusion
----------------------------------------
Time: 2025-06-21 09:01:46
Title: חדירת כלי טיס עוין - האירוע הסתיים
Location: כפר רופין
Oref Category: 13
Status: ended
Threat Type: aircraft intrusion
----------------------------------------
Time: 2025-06-21 09:01:46
Title: חדירת כלי טיס עוין - האירוע הסתיים
Location: מירב
Oref Category: 13
Status: ended
Threat Type: aircraft intrusion
----------------------------------------
Time: 2025-06-21 09:01:46
Title: חדירת כלי טיס עוין - האירוע הסתיים
Location: מסילות
Oref Category: 13
Status: ended
Threat Type: aircraft intrusion
----------------------------------------
Time: 2025-06-21 09:01:46
Title: חדירת כלי טיס עוין - האירוע הסתיים
Location: מעוז חיים
Oref Category: 13
Status: ended
Threat Type: aircraft intrusion
----------------------------------------
Time: 2025-06-21 09:01:46
Title: חדירת כלי טיס עוין - האירוע הסתיים
Location: מעלה גלבוע
Oref Category: 13
Status: ended
Threat Type: aircraft intrusion
----------------------------------------
Time: 2025-06-21 09:01:46
Title: חדירת כלי טיס עוין - האירוע הסתיים
Location: נוה איתן
Oref Category: 13
Status: ended
Threat Type: aircraft intrusion
----------------------------------------
Time: 2025-06-21 09:01:46
Title: חדירת כלי טיס עוין - האירוע הסתיים
Location: ניר דוד
Oref Category: 13
Status: ended
Threat Type: aircraft intrusion
----------------------------------------
Time: 2025-06-21 09:01:46
Title: חדירת כלי טיס עוין - האירוע הסתיים
Location: עין הנצי''ב
Oref Category: 13
Status: ended
Threat Type: aircraft intrusion
----------------------------------------
Time: 2025-06-21 09:01:46
Title: חדירת כלי טיס עוין - האירוע הסתיים
Location: רחוב
Oref Category: 13
Status: ended
Threat Type: aircraft intrusion
----------------------------------------
Time: 2025-06-21 09:01:46
Title: חדירת כלי טיס עוין - האירוע הסתיים
Location: רשפים
Oref Category: 13
Status: ended
Threat Type: aircraft intrusion
----------------------------------------
Time: 2025-06-21 09:01:46
Title: חדירת כלי טיס עוין - האירוע הסתיים
Location: שדה אליהו
Oref Category: 13
Status: ended
Threat Type: aircraft intrusion
----------------------------------------
Time: 2025-06-21 09:01:46
Title: חדירת כלי טיס עוין - האירוע הסתיים
Location: שדי תרומות
Oref Category: 13
Status: ended
Threat Type: aircraft intrusion
----------------------------------------
Time: 2025-06-21 09:01:46
Title: חדירת כלי טיס עוין - האירוע הסתיים
Location: שלוחות
Oref Category: 13
Status: ended
Threat Type: aircraft intrusion
----------------------------------------
Time: 2025-06-21 09:01:46
Title: חדירת כלי טיס עוין - האירוע הסתיים
Location: תל תאומים
Oref Category: 13
Status: ended
Threat Type: aircraft intrusion
----------------------------------------
Time: 2025-06-21 09:01:46
Title: חדירת כלי טיס עוין - האירוע הסתיים
Location: מחולה
Oref Category: 13
Status: ended
Threat Type: aircraft intrusion
----------------------------------------
Time: 2025-06-21 09:01:46
Title: חדירת כלי טיס עוין - האירוע הסתיים
Location: משכיות
Oref Category: 13
Status: ended
Threat Type: aircraft intrusion
----------------------------------------
Time: 2025-06-21 09:01:46
Title: חדירת כלי טיס עוין - האירוע הסתיים
Location: רותם
Oref Category: 13
Status: ended
Threat Type: aircraft intrusion
----------------------------------------
Time: 2025-06-21 09:01:46
Title: חדירת כלי טיס עוין - האירוע הסתיים
Location: שדמות מחולה
Oref Category: 13
Status: ended
Threat Type: aircraft intrusion
----------------------------------------
Time: 2025-06-21 09:01:46
Title: חדירת כלי טיס עוין - האירוע הסתיים
Location: שלפים
Oref Category: 13
Status: ended
Threat Type: aircraft intrusion
----------------------------------------
Time: 2025-06-21 09:01:46
Title: חדירת כלי טיס עוין - האירוע הסתיים
Location: רוויה
Oref Category: 13
Status: ended
Threat Type: aircraft intrusion
----------------------------------------
Time: 2025-06-21 09:01:46
Title: חדירת כלי טיס עוין - האירוע הסתיים
Location: אום אל פחם
Oref Category: 13
Status: ended
Threat Type: aircraft intrusion
----------------------------------------
Time: 2025-06-21 09:01:46
Title: חדירת כלי טיס עוין - האירוע הסתיים
Location: אל עריאן
Oref Category: 13
Status: ended
Threat Type: aircraft intrusion
----------------------------------------
Time: 2025-06-21 09:01:46
Title: חדירת כלי טיס עוין - האירוע הסתיים
Location: ברטעה
Oref Category: 13
Status: ended
Threat Type: aircraft intrusion
----------------------------------------
Time: 2025-06-21 09:01:46
Title: חדירת כלי טיס עוין - האירוע הסתיים
Location: גבעת עוז
Oref Category: 13
Status: ended
Threat Type: aircraft intrusion
----------------------------------------
Time: 2025-06-21 09:01:46
Title: חדירת כלי טיס עוין - האירוע הסתיים
Location: מי עמי
Oref Category: 13
Status: ended
Threat Type: aircraft intrusion
----------------------------------------
Time: 2025-06-21 09:01:46
Title: חדירת כלי טיס עוין - האירוע הסתיים
Location: מעלה עירון
Oref Category: 13
Status: ended
Threat Type: aircraft intrusion
----------------------------------------
Time: 2025-06-21 09:01:46
Title: חדירת כלי טיס עוין - האירוע הסתיים
Location: עין אל סהלה
Oref Category: 13
Status: ended
Threat Type: aircraft intrusion
----------------------------------------
Time: 2025-06-21 09:01:46
Title: חדירת כלי טיס עוין - האירוע הסתיים
Location: ערערה
Oref Category: 13
Status: ended
Threat Type: aircraft intrusion
----------------------------------------
Time: 2025-06-21 09:01:46
Title: חדירת כלי טיס עוין - האירוע הסתיים
Location: קציר
Oref Category: 13
Status: ended
Threat Type: aircraft intrusion
----------------------------------------
Time: 2025-06-21 08:15:00
Title: חדירת כלי טיס עוין - האירוע הסתיים
Location: רמת מגשימים
Oref Category: 13
Status: ended
Threat Type: aircraft intrusion
----------------------------------------
Time: 2025-06-21 07:06:04
Title: חדירת כלי טיס עוין - האירוע הסתיים
Location: אורטל
Oref Category: 13
Status: ended
Threat Type: aircraft intrusion
----------------------------------------
Time: 2025-06-21 07:06:04
Title: חדירת כלי טיס עוין - האירוע הסתיים
Location: אלוני הבשן
Oref Category: 13
Status: ended
Threat Type: aircraft intrusion
----------------------------------------
Time: 2025-06-21 07:06:04
Title: חדירת כלי טיס עוין - האירוע הסתיים
Location: עין זיוון
Oref Category: 13
Status: ended
Threat Type: aircraft intrusion
----------------------------------------
Time: 2025-06-21 05:01:17
Title: חדירת כלי טיס עוין - האירוע הסתיים
Location: ע'ג'ר
Oref Category: 13
Status: ended
Threat Type: aircraft intrusion
----------------------------------------
Time: 2025-06-21 02:53:00
Title: ירי רקטות וטילים -  האירוע הסתיים
Location: אביחיל
Oref Category: 13
Status: ended
Threat Type: rocket
----------------------------------------
Time: 2025-06-21 02:53:00
Title: ירי רקטות וטילים -  האירוע הסתיים
Location: גבעת חן
Oref Category: 13
Status: ended
Threat Type: rocket
----------------------------------------
Time: 2025-06-21 02:53:00
Title: ירי רקטות וטילים -  האירוע הסתיים
Location: נתניה - מזרח
Oref Category: 13
Status: ended
Threat Type: rocket
----------------------------------------
Time: 2025-06-21 02:53:00
Title: ירי רקטות וטילים -  האירוע הסתיים
Location: נתניה - מערב
Oref Category: 13
Status: ended
Threat Type: rocket
----------------------------------------
Time: 2025-06-21 02:53:00
Title: ירי רקטות וטילים -  האירוע הסתיים
Location: רעננה
Oref Category: 13
Status: ended
Threat Type: rocket
----------------------------------------
Time: 2025-06-21 02:53:00
Title: ירי רקטות וטילים -  האירוע הסתיים
Location: שושנת העמקים
Oref Category: 13
Status: ended
Threat Type: rocket
----------------------------------------
Time: 2025-06-21 02:53:00
Title: ירי רקטות וטילים -  האירוע הסתיים
Location: אורנית
Oref Category: 13
Status: ended
Threat Type: rocket
----------------------------------------
Time: 2025-06-21 02:53:00
Title: ירי רקטות וטילים -  האירוע הסתיים
Location: אייל
Oref Category: 13
Status: ended
Threat Type: rocket
----------------------------------------
Time: 2025-06-21 02:53:00
Title: ירי רקטות וטילים -  האירוע הסתיים
Location: אלישמע
Oref Category: 13
Status: ended
Threat Type: rocket
----------------------------------------
Time: 2025-06-21 02:53:00
Title: ירי רקטות וטילים -  האירוע הסתיים
Location: בית ברל
Oref Category: 13
Status: ended
Threat Type: rocket
----------------------------------------
Time: 2025-06-21 02:53:00
Title: ירי רקטות וטילים -  האירוע הסתיים
Location: בני דרור
Oref Category: 13
Status: ended
Threat Type: rocket
----------------------------------------
Time: 2025-06-21 02:53:00
Title: ירי רקטות וטילים -  האירוע הסתיים
Location: ג'לג'וליה
Oref Category: 13
Status: ended
Threat Type: rocket
----------------------------------------
Time: 2025-06-21 02:53:00
Title: ירי רקטות וטילים -  האירוע הסתיים
Location: גאולים
Oref Category: 13
Status: ended
Threat Type: rocket
----------------------------------------
Time: 2025-06-21 02:53:00
Title: ירי רקטות וטילים -  האירוע הסתיים
Location: גן חיים
Oref Category: 13
Status: ended
Threat Type: rocket
----------------------------------------
Time: 2025-06-21 02:53:00
Title: ירי רקטות וטילים -  האירוע הסתיים
Location: גני עם
Oref Category: 13
Status: ended
Threat Type: rocket
----------------------------------------
Time: 2025-06-21 02:53:00
Title: ירי רקטות וטילים -  האירוע הסתיים
Location: הוד השרון
Oref Category: 13
Status: ended
Threat Type: rocket
----------------------------------------
Time: 2025-06-21 02:53:00
Title: ירי רקטות וטילים -  האירוע הסתיים
Location: חגור
Oref Category: 13
Status: ended
Threat Type: rocket
----------------------------------------
Time: 2025-06-21 02:53:00
Title: ירי רקטות וטילים -  האירוע הסתיים
Location: חורשים
Oref Category: 13
Status: ended
Threat Type: rocket
----------------------------------------
Time: 2025-06-21 02:53:00
Title: ירי רקטות וטילים -  האירוע הסתיים
Location: חרות
Oref Category: 13
Status: ended
Threat Type: rocket
----------------------------------------
Time: 2025-06-21 02:53:00
Title: ירי רקטות וטילים -  האירוע הסתיים
Location: טייבה
Oref Category: 13
Status: ended
Threat Type: rocket
----------------------------------------
Time: 2025-06-21 02:53:00
Title: ירי רקטות וטילים -  האירוע הסתיים
Location: טירה
Oref Category: 13
Status: ended
Threat Type: rocket
----------------------------------------
Time: 2025-06-21 02:53:00
Title: ירי רקטות וטילים -  האירוע הסתיים
Location: יעף
Oref Category: 13
Status: ended
Threat Type: rocket
----------------------------------------
Time: 2025-06-21 02:53:00
Title: ירי רקטות וטילים -  האירוע הסתיים
Location: ירחיב
Oref Category: 13
Status: ended
Threat Type: rocket
----------------------------------------
Time: 2025-06-21 02:53:00
Title: ירי רקטות וטילים -  האירוע הסתיים
Location: ירקונה
Oref Category: 13
Status: ended
Threat Type: rocket
----------------------------------------
Time: 2025-06-21 02:53:00
Title: ירי רקטות וטילים -  האירוע הסתיים
Location: כוכב יאיר - צור יגאל
Oref Category: 13
Status: ended
Threat Type: rocket
----------------------------------------
Time: 2025-06-21 02:53:00
Title: ירי רקטות וטילים -  האירוע הסתיים
Location: כפר ברא
Oref Category: 13
Status: ended
Threat Type: rocket
----------------------------------------
Time: 2025-06-21 02:53:00
Title: ירי רקטות וטילים -  האירוע הסתיים
Location: כפר הס
Oref Category: 13
Status: ended
Threat Type: rocket
----------------------------------------
Time: 2025-06-21 02:53:00
Title: ירי רקטות וטילים -  האירוע הסתיים
Location: כפר יעבץ
Oref Category: 13
Status: ended
Threat Type: rocket
----------------------------------------
Time: 2025-06-21 02:53:00
Title: ירי רקטות וטילים -  האירוע הסתיים
Location: כפר מל''ל
Oref Category: 13
Status: ended
Threat Type: rocket
----------------------------------------
Time: 2025-06-21 02:53:00
Title: ירי רקטות וטילים -  האירוע הסתיים
Location: כפר סבא
Oref Category: 13
Status: ended
Threat Type: rocket
----------------------------------------
Time: 2025-06-21 02:53:00
Title: ירי רקטות וטילים -  האירוע הסתיים
Location: כפר עבודה
Oref Category: 13
Status: ended
Threat Type: rocket
----------------------------------------
Time: 2025-06-21 02:53:00
Title: ירי רקטות וטילים -  האירוע הסתיים
Location: כפר קאסם
Oref Category: 13
Status: ended
Threat Type: rocket
----------------------------------------
Time: 2025-06-21 02:53:00
Title: ירי רקטות וטילים -  האירוע הסתיים
Location: משמרת
Oref Category: 13
Status: ended
Threat Type: rocket
----------------------------------------
Time: 2025-06-21 02:53:00
Title: ירי רקטות וטילים -  האירוע הסתיים
Location: מתן
Oref Category: 13
Status: ended
Threat Type: rocket
----------------------------------------
Time: 2025-06-21 02:53:00
Title: ירי רקטות וטילים -  האירוע הסתיים
Location: נווה ימין
Oref Category: 13
Status: ended
Threat Type: rocket
----------------------------------------
Time: 2025-06-21 02:53:00
Title: ירי רקטות וטילים -  האירוע הסתיים
Location: נווה ירק
Oref Category: 13
Status: ended
Threat Type: rocket
----------------------------------------
Time: 2025-06-21 02:53:00
Title: ירי רקטות וטילים -  האירוע הסתיים
Location: ניר אליהו
Oref Category: 13
Status: ended
Threat Type: rocket
----------------------------------------
Time: 2025-06-21 02:53:00
Title: ירי רקטות וטילים -  האירוע הסתיים
Location: נירית
Oref Category: 13
Status: ended
Threat Type: rocket
----------------------------------------
Time: 2025-06-21 02:53:00
Title: ירי רקטות וטילים -  האירוע הסתיים
Location: עדנים
Oref Category: 13
Status: ended
Threat Type: rocket
----------------------------------------
Time: 2025-06-21 02:53:00
Title: ירי רקטות וטילים -  האירוע הסתיים
Location: עזריאל
Oref Category: 13
Status: ended
Threat Type: rocket
----------------------------------------
Time: 2025-06-21 02:53:00
Title: ירי רקטות וטילים -  האירוע הסתיים
Location: עין ורד
Oref Category: 13
Status: ended
Threat Type: rocket
----------------------------------------
Time: 2025-06-21 02:53:00
Title: ירי רקטות וטילים -  האירוע הסתיים
Location: עין שריד
Oref Category: 13
Status: ended
Threat Type: rocket
----------------------------------------
Time: 2025-06-21 02:53:00
Title: ירי רקטות וטילים -  האירוע הסתיים
Location: פורת
Oref Category: 13
Status: ended
Threat Type: rocket
----------------------------------------
Time: 2025-06-21 02:53:00
Title: ירי רקטות וטילים -  האירוע הסתיים
Location: פרדסיה
Oref Category: 13
Status: ended
Threat Type: rocket
----------------------------------------
Time: 2025-06-21 02:53:00
Title: ירי רקטות וטילים -  האירוע הסתיים
Location: צופית
Oref Category: 13
Status: ended
Threat Type: rocket
----------------------------------------
Time: 2025-06-21 02:53:00
Title: ירי רקטות וטילים -  האירוע הסתיים
Location: צור יצחק
Oref Category: 13
Status: ended
Threat Type: rocket
----------------------------------------
Time: 2025-06-21 02:53:00
Title: ירי רקטות וטילים -  האירוע הסתיים
Location: צור משה
Oref Category: 13
Status: ended
Threat Type: rocket
----------------------------------------
Time: 2025-06-21 02:53:00
Title: ירי רקטות וטילים -  האירוע הסתיים
Location: צור נתן
Oref Category: 13
Status: ended
Threat Type: rocket
----------------------------------------
Time: 2025-06-21 02:53:00
Title: ירי רקטות וטילים -  האירוע הסתיים
Location: קדימה צורן
Oref Category: 13
Status: ended
Threat Type: rocket
----------------------------------------
Time: 2025-06-21 02:53:00
Title: ירי רקטות וטילים -  האירוע הסתיים
Location: קלנסווה
Oref Category: 13
Status: ended
Threat Type: rocket
----------------------------------------
Time: 2025-06-21 02:53:00
Title: ירי רקטות וטילים -  האירוע הסתיים
Location: רמות השבים
Oref Category: 13
Status: ended
Threat Type: rocket
----------------------------------------
Time: 2025-06-21 02:53:00
Title: ירי רקטות וטילים -  האירוע הסתיים
Location: רמת הכובש
Oref Category: 13
Status: ended
Threat Type: rocket
----------------------------------------
Time: 2025-06-21 02:53:00
Title: ירי רקטות וטילים -  האירוע הסתיים
Location: שדה ורבורג
Oref Category: 13
Status: ended
Threat Type: rocket
----------------------------------------
Time: 2025-06-21 02:53:00
Title: ירי רקטות וטילים -  האירוע הסתיים
Location: שדי חמד
Oref Category: 13
Status: ended
Threat Type: rocket
----------------------------------------
Time: 2025-06-21 02:53:00
Title: ירי רקטות וטילים -  האירוע הסתיים
Location: שער אפרים
Oref Category: 13
Status: ended
Threat Type: rocket
----------------------------------------
Time: 2025-06-21 02:53:00
Title: ירי רקטות וטילים -  האירוע הסתיים
Location: תחנת רכבת ראש העין
Oref Category: 13
Status: ended
Threat Type: rocket
----------------------------------------
Time: 2025-06-21 02:53:00
Title: ירי רקטות וטילים -  האירוע הסתיים
Location: תל מונד
Oref Category: 13
Status: ended
Threat Type: rocket
----------------------------------------
Time: 2025-06-21 02:53:00
Title: ירי רקטות וטילים -  האירוע הסתיים
Location: אבן יהודה
Oref Category: 13
Status: ended
Threat Type: rocket
----------------------------------------
Time: 2025-06-21 02:53:00
Title: ירי רקטות וטילים -  האירוע הסתיים
Location: אודים
Oref Category: 13
Status: ended
Threat Type: rocket
----------------------------------------
Time: 2025-06-21 02:53:00
Title: ירי רקטות וטילים -  האירוע הסתיים
Location: ארסוף
Oref Category: 13
Status: ended
Threat Type: rocket
----------------------------------------
Time: 2025-06-21 02:53:00
Title: ירי רקטות וטילים -  האירוע הסתיים
Location: בית יהושע
Oref Category: 13
Status: ended
Threat Type: rocket
----------------------------------------
Time: 2025-06-21 02:53:00
Title: ירי רקטות וטילים -  האירוע הסתיים
Location: בני ציון
Oref Category: 13
Status: ended
Threat Type: rocket
----------------------------------------
Time: 2025-06-21 02:53:00
Title: ירי רקטות וטילים -  האירוע הסתיים
Location: בצרה
Oref Category: 13
Status: ended
Threat Type: rocket
----------------------------------------
Time: 2025-06-21 02:53:00
Title: ירי רקטות וטילים -  האירוע הסתיים
Location: געש
Oref Category: 13
Status: ended
Threat Type: rocket
----------------------------------------
Time: 2025-06-21 02:53:00
Title: ירי רקטות וטילים -  האירוע הסתיים
Location: חרוצים
Oref Category: 13
Status: ended
Threat Type: rocket
----------------------------------------
Time: 2025-06-21 02:53:00
Title: ירי רקטות וטילים -  האירוע הסתיים
Location: יקום
Oref Category: 13
Status: ended
Threat Type: rocket
----------------------------------------
Time: 2025-06-21 02:53:00
Title: ירי רקטות וטילים -  האירוע הסתיים
Location: כפר נטר
Oref Category: 13
Status: ended
Threat Type: rocket
----------------------------------------
Time: 2025-06-21 02:53:00
Title: ירי רקטות וטילים -  האירוע הסתיים
Location: מכון וינגייט
Oref Category: 13
Status: ended
Threat Type: rocket
----------------------------------------
Time: 2025-06-21 02:53:00
Title: ירי רקטות וטילים -  האירוע הסתיים
Location: רשפון
Oref Category: 13
Status: ended
Threat Type: rocket
----------------------------------------
Time: 2025-06-21 02:53:00
Title: ירי רקטות וטילים -  האירוע הסתיים
Location: שפיים
Oref Category: 13
Status: ended
Threat Type: rocket
----------------------------------------
Time: 2025-06-21 02:53:00
Title: ירי רקטות וטילים -  האירוע הסתיים
Location: תל יצחק
Oref Category: 13
Status: ended
Threat Type: rocket
----------------------------------------
Time: 2025-06-21 02:53:00
Title: ירי רקטות וטילים -  האירוע הסתיים
Location: אזור תעשייה טירה
Oref Category: 13
Status: ended
Threat Type: rocket
----------------------------------------
Time: 2025-06-21 02:53:00
Title: ירי רקטות וטילים -  האירוע הסתיים
Location: אזור תעשייה כפר יונה
Oref Category: 13
Status: ended
Threat Type: rocket
----------------------------------------
Time: 2025-06-21 02:53:00
Title: ירי רקטות וטילים -  האירוע הסתיים
Location: אזור תעשייה עמק חפר
Oref Category: 13
Status: ended
Threat Type: rocket
----------------------------------------
Time: 2025-06-21 02:53:00
Title: ירי רקטות וטילים -  האירוע הסתיים
Location: אחיטוב
Oref Category: 13
Status: ended
Threat Type: rocket
----------------------------------------
Time: 2025-06-21 02:53:00
Title: ירי רקטות וטילים -  האירוע הסתיים
Location: אליכין
Oref Category: 13
Status: ended
Threat Type: rocket
----------------------------------------
Time: 2025-06-21 02:53:00
Title: ירי רקטות וטילים -  האירוע הסתיים
Location: אלישיב
Oref Category: 13
Status: ended
Threat Type: rocket
----------------------------------------
Time: 2025-06-21 02:53:00
Title: ירי רקטות וטילים -  האירוע הסתיים
Location: אמץ
Oref Category: 13
Status: ended
Threat Type: rocket
----------------------------------------
Time: 2025-06-21 02:53:00
Title: ירי רקטות וטילים -  האירוע הסתיים
Location: בארותיים
Oref Category: 13
Status: ended
Threat Type: rocket
----------------------------------------
Time: 2025-06-21 02:53:00
Title: ירי רקטות וטילים -  האירוע הסתיים
Location: בורגתה
Oref Category: 13
Status: ended
Threat Type: rocket
----------------------------------------
Time: 2025-06-21 02:53:00
Title: ירי רקטות וטילים -  האירוע הסתיים
Location: בחן
Oref Category: 13
Status: ended
Threat Type: rocket
----------------------------------------
Time: 2025-06-21 02:53:00
Title: ירי רקטות וטילים -  האירוע הסתיים
Location: בית הלוי
Oref Category: 13
Status: ended
Threat Type: rocket
----------------------------------------
Time: 2025-06-21 02:53:00
Title: ירי רקטות וטילים -  האירוע הסתיים
Location: בית חזון
Oref Category: 13
Status: ended
Threat Type: rocket
----------------------------------------
Time: 2025-06-21 02:53:00
Title: ירי רקטות וטילים -  האירוע הסתיים
Location: בית חרות
Oref Category: 13
Status: ended
Threat Type: rocket
----------------------------------------
Time: 2025-06-21 02:53:00
Title: ירי רקטות וטילים -  האירוע הסתיים
Location: בית ינאי
Oref Category: 13
Status: ended
Threat Type: rocket
----------------------------------------
Time: 2025-06-21 02:53:00
Title: ירי רקטות וטילים -  האירוע הסתיים
Location: בית יצחק - שער חפר
Oref Category: 13
Status: ended
Threat Type: rocket
----------------------------------------
Time: 2025-06-21 02:53:00
Title: ירי רקטות וטילים -  האירוע הסתיים
Location: ביתן אהרן
Oref Category: 13
Status: ended
Threat Type: rocket
----------------------------------------
Time: 2025-06-21 02:53:00
Title: ירי רקטות וטילים -  האירוע הסתיים
Location: בת חן
Oref Category: 13
Status: ended
Threat Type: rocket
----------------------------------------
Time: 2025-06-21 02:53:00
Title: ירי רקטות וטילים -  האירוע הסתיים
Location: בת חפר
Oref Category: 13
Status: ended
Threat Type: rocket
----------------------------------------
Time: 2025-06-21 02:53:00
Title: ירי רקטות וטילים -  האירוע הסתיים
Location: גאולי תימן
Oref Category: 13
Status: ended
Threat Type: rocket
----------------------------------------
Time: 2025-06-21 02:53:00
Title: ירי רקטות וטילים -  האירוע הסתיים
Location: גבעת חיים איחוד
Oref Category: 13
Status: ended
Threat Type: rocket
----------------------------------------
Time: 2025-06-21 02:53:00
Title: ירי רקטות וטילים -  האירוע הסתיים
Location: גבעת חיים מאוחד
Oref Category: 13
Status: ended
Threat Type: rocket
----------------------------------------
Time: 2025-06-21 02:53:00
Title: ירי רקטות וטילים -  האירוע הסתיים
Location: גבעת שפירא
Oref Category: 13
Status: ended
Threat Type: rocket
----------------------------------------
Time: 2025-06-21 02:53:00
Title: ירי רקטות וטילים -  האירוע הסתיים
Location: גן יאשיה
Oref Category: 13
Status: ended
Threat Type: rocket
----------------------------------------
Time: 2025-06-21 02:53:00
Title: ירי רקטות וטילים -  האירוע הסתיים
Location: גנות הדר
Oref Category: 13
Status: ended
Threat Type: rocket
----------------------------------------
Time: 2025-06-21 02:53:00
Title: ירי רקטות וטילים -  האירוע הסתיים
Location: הדר עם
Oref Category: 13
Status: ended
Threat Type: rocket
----------------------------------------
Time: 2025-06-21 02:53:00
Title: ירי רקטות וטילים -  האירוע הסתיים
Location: המעפיל
Oref Category: 13
Status: ended
Threat Type: rocket
----------------------------------------
Time: 2025-06-21 02:53:00
Title: ירי רקטות וטילים -  האירוע הסתיים
Location: המרכז האקדמי רופין
Oref Category: 13
Status: ended
Threat Type: rocket
----------------------------------------
Time: 2025-06-21 02:53:00
Title: ירי רקטות וטילים -  האירוע הסתיים
Location: העוגן
Oref Category: 13
Status: ended
Threat Type: rocket
----------------------------------------
Time: 2025-06-21 02:53:00
Title: ירי רקטות וטילים -  האירוע הסתיים
Location: זמר
Oref Category: 13
Status: ended
Threat Type: rocket
----------------------------------------
Time: 2025-06-21 02:53:00
Title: ירי רקטות וטילים -  האירוע הסתיים
Location: חבצלת השרון וצוקי ים
Oref Category: 13
Status: ended
Threat Type: rocket
----------------------------------------
Time: 2025-06-21 02:53:00
Title: ירי רקטות וטילים -  האירוע הסתיים
Location: חגלה
Oref Category: 13
Status: ended
Threat Type: rocket
----------------------------------------
Time: 2025-06-21 02:53:00
Title: ירי רקטות וטילים -  האירוע הסתיים
Location: חופית
Oref Category: 13
Status: ended
Threat Type: rocket
----------------------------------------
Time: 2025-06-21 02:53:00
Title: ירי רקטות וטילים -  האירוע הסתיים
Location: חיבת ציון
Oref Category: 13
Status: ended
Threat Type: rocket
----------------------------------------
Time: 2025-06-21 02:53:00
Title: ירי רקטות וטילים -  האירוע הסתיים
Location: חניאל
Oref Category: 13
Status: ended
Threat Type: rocket
----------------------------------------
Time: 2025-06-21 02:53:00
Title: ירי רקטות וטילים -  האירוע הסתיים
Location: חרב לאת
Oref Category: 13
Status: ended
Threat Type: rocket
----------------------------------------
Time: 2025-06-21 02:53:00
Title: ירי רקטות וטילים -  האירוע הסתיים
Location: יד חנה
Oref Category: 13
Status: ended
Threat Type: rocket
----------------------------------------
Time: 2025-06-21 02:53:00
Title: ירי רקטות וטילים -  האירוע הסתיים
Location: ינוב
Oref Category: 13
Status: ended
Threat Type: rocket
----------------------------------------
Time: 2025-06-21 02:53:00
Title: ירי רקטות וטילים -  האירוע הסתיים
Location: כפר הרא''ה
Oref Category: 13
Status: ended
Threat Type: rocket
----------------------------------------
Time: 2025-06-21 02:53:00
Title: ירי רקטות וטילים -  האירוע הסתיים
Location: כפר ויתקין
Oref Category: 13
Status: ended
Threat Type: rocket
----------------------------------------
Time: 2025-06-21 02:53:00
Title: ירי רקטות וטילים -  האירוע הסתיים
Location: כפר חיים
Oref Category: 13
Status: ended
Threat Type: rocket
----------------------------------------
Time: 2025-06-21 02:53:00
Title: ירי רקטות וטילים -  האירוע הסתיים
Location: כפר ידידיה
Oref Category: 13
Status: ended
Threat Type: rocket
----------------------------------------
Time: 2025-06-21 02:53:00
Title: ירי רקטות וטילים -  האירוע הסתיים
Location: כפר יונה
Oref Category: 13
Status: ended
Threat Type: rocket
----------------------------------------
Time: 2025-06-21 02:53:00
Title: ירי רקטות וטילים -  האירוע הסתיים
Location: כפר מונש
Oref Category: 13
Status: ended
Threat Type: rocket
----------------------------------------
Time: 2025-06-21 02:53:00
Title: ירי רקטות וטילים -  האירוע הסתיים
Location: מכמורת
Oref Category: 13
Status: ended
Threat Type: rocket
----------------------------------------
Time: 2025-06-21 02:53:00
Title: ירי רקטות וטילים -  האירוע הסתיים
Location: מעברות
Oref Category: 13
Status: ended
Threat Type: rocket
----------------------------------------
Time: 2025-06-21 02:53:00
Title: ירי רקטות וטילים -  האירוע הסתיים
Location: משמר השרון
Oref Category: 13
Status: ended
Threat Type: rocket
----------------------------------------
Time: 2025-06-21 02:53:00
Title: ירי רקטות וטילים -  האירוע הסתיים
Location: מתחם "חנה וסע" שפיים
Oref Category: 13
Status: ended
Threat Type: rocket
----------------------------------------
Time: 2025-06-21 02:53:00
Title: ירי רקטות וטילים -  האירוע הסתיים
Location: נורדיה
Oref Category: 13
Status: ended
Threat Type: rocket
----------------------------------------
Time: 2025-06-21 02:53:00
Title: ירי רקטות וטילים -  האירוע הסתיים
Location: ניצני עוז
Oref Category: 13
Status: ended
Threat Type: rocket
----------------------------------------
Time: 2025-06-21 02:53:00
Title: ירי רקטות וטילים -  האירוע הסתיים
Location: נעורים
Oref Category: 13
Status: ended
Threat Type: rocket
----------------------------------------
Time: 2025-06-21 02:53:00
Title: ירי רקטות וטילים -  האירוע הסתיים
Location: עולש
Oref Category: 13
Status: ended
Threat Type: rocket
----------------------------------------
Time: 2025-06-21 02:53:00
Title: ירי רקטות וטילים -  האירוע הסתיים
Location: עין החורש
Oref Category: 13
Status: ended
Threat Type: rocket
----------------------------------------
Time: 2025-06-21 02:53:00
Title: ירי רקטות וטילים -  האירוע הסתיים
Location: תנובות
Oref Category: 13
Status: ended
Threat Type: rocket
----------------------------------------
Time: 2025-06-21 02:53:00
Title: ירי רקטות וטילים -  האירוע הסתיים
Location: בית סוהר השרון
Oref Category: 13
Status: ended
Threat Type: rocket
----------------------------------------
Time: 2025-06-21 02:53:00
Title: ירי רקטות וטילים -  האירוע הסתיים
Location: מרכז אזורי דרום השרון
Oref Category: 13
Status: ended
Threat Type: rocket
----------------------------------------
Time: 2025-06-21 02:53:00
Title: ירי רקטות וטילים -  האירוע הסתיים
Location: גבעת השלושה
Oref Category: 13
Status: ended
Threat Type: rocket
----------------------------------------
Time: 2025-06-21 02:53:00
Title: ירי רקטות וטילים -  האירוע הסתיים
Location: גת רימון
Oref Category: 13
Status: ended
Threat Type: rocket
----------------------------------------
Time: 2025-06-21 02:53:00
Title: ירי רקטות וטילים -  האירוע הסתיים
Location: כפר סירקין
Oref Category: 13
Status: ended
Threat Type: rocket
----------------------------------------
Time: 2025-06-21 02:53:00
Title: ירי רקטות וטילים -  האירוע הסתיים
Location: מעש
Oref Category: 13
Status: ended
Threat Type: rocket
----------------------------------------
Time: 2025-06-21 02:53:00
Title: ירי רקטות וטילים -  האירוע הסתיים
Location: פתח תקווה
Oref Category: 13
Status: ended
Threat Type: rocket
----------------------------------------
Time: 2025-06-21 02:53:00
Title: ירי רקטות וטילים -  האירוע הסתיים
Location: אלעד
Oref Category: 13
Status: ended
Threat Type: rocket
----------------------------------------
Time: 2025-06-21 02:53:00
Title: ירי רקטות וטילים -  האירוע הסתיים
Location: בארות יצחק
Oref Category: 13
Status: ended
Threat Type: rocket
----------------------------------------
Time: 2025-06-21 02:53:00
Title: ירי רקטות וטילים -  האירוע הסתיים
Location: בני עטרות
Oref Category: 13
Status: ended
Threat Type: rocket
----------------------------------------
Time: 2025-06-21 02:53:00
Title: ירי רקטות וטילים -  האירוע הסתיים
Location: גבעת כ''ח
Oref Category: 13
Status: ended
Threat Type: rocket
----------------------------------------
Time: 2025-06-21 02:53:00
Title: ירי רקטות וטילים -  האירוע הסתיים
Location: מגשימים
Oref Category: 13
Status: ended
Threat Type: rocket
----------------------------------------
Time: 2025-06-21 02:53:00
Title: ירי רקטות וטילים -  האירוע הסתיים
Location: מזור
Oref Category: 13
Status: ended
Threat Type: rocket
----------------------------------------
Time: 2025-06-21 02:53:00
Title: ירי רקטות וטילים -  האירוע הסתיים
Location: נופך
Oref Category: 13
Status: ended
Threat Type: rocket
----------------------------------------
Time: 2025-06-21 02:53:00
Title: ירי רקטות וטילים -  האירוע הסתיים
Location: נחלים
Oref Category: 13
Status: ended
Threat Type: rocket
----------------------------------------
Time: 2025-06-21 02:53:00
Title: ירי רקטות וטילים -  האירוע הסתיים
Location: נחשונים
Oref Category: 13
Status: ended
Threat Type: rocket
----------------------------------------
Time: 2025-06-21 02:53:00
Title: ירי רקטות וטילים -  האירוע הסתיים
Location: עינת
Oref Category: 13
Status: ended
Threat Type: rocket
----------------------------------------
Time: 2025-06-21 02:53:00
Title: ירי רקטות וטילים -  האירוע הסתיים
Location: ראש העין
Oref Category: 13
Status: ended
Threat Type: rocket
----------------------------------------
Time: 2025-06-21 02:53:00
Title: ירי רקטות וטילים -  האירוע הסתיים
Location: רינתיה
Oref Category: 13
Status: ended
Threat Type: rocket
----------------------------------------
Time: 2025-06-21 02:53:00
Title: ירי רקטות וטילים -  האירוע הסתיים
Location: תעשיון חצב
Oref Category: 13
Status: ended
Threat Type: rocket
----------------------------------------
Time: 2025-06-21 02:53:00
Title: ירי רקטות וטילים -  האירוע הסתיים
Location: אזור תעשייה חבל מודיעין
Oref Category: 13
Status: ended
Threat Type: rocket
----------------------------------------
Time: 2025-06-21 02:53:00
Title: ירי רקטות וטילים -  האירוע הסתיים
Location: בית נחמיה
Oref Category: 13
Status: ended
Threat Type: rocket
----------------------------------------
Time: 2025-06-21 02:53:00
Title: ירי רקטות וטילים -  האירוע הסתיים
Location: בית עריף
Oref Category: 13
Status: ended
Threat Type: rocket
----------------------------------------
Time: 2025-06-21 02:53:00
Title: ירי רקטות וטילים -  האירוע הסתיים
Location: ברקת
Oref Category: 13
Status: ended
Threat Type: rocket
----------------------------------------
Time: 2025-06-21 02:53:00
Title: ירי רקטות וטילים -  האירוע הסתיים
Location: חדיד
Oref Category: 13
Status: ended
Threat Type: rocket
----------------------------------------
Time: 2025-06-21 02:53:00
Title: ירי רקטות וטילים -  האירוע הסתיים
Location: טירת יהודה
Oref Category: 13
Status: ended
Threat Type: rocket
----------------------------------------
Time: 2025-06-21 02:53:00
Title: ירי רקטות וטילים -  האירוע הסתיים
Location: כפר טרומן
Oref Category: 13
Status: ended
Threat Type: rocket
----------------------------------------
Time: 2025-06-21 02:53:00
Title: ירי רקטות וטילים -  האירוע הסתיים
Location: שוהם
Oref Category: 13
Status: ended
Threat Type: rocket
----------------------------------------
Time: 2025-06-21 02:53:00
Title: ירי רקטות וטילים -  האירוע הסתיים
Location: אזור תעשייה אפק ולב הארץ
Oref Category: 13
Status: ended
Threat Type: rocket
----------------------------------------
Time: 2025-06-21 02:53:00
Title: ירי רקטות וטילים -  האירוע הסתיים
Location: איירפורט סיטי
Oref Category: 13
Status: ended
Threat Type: rocket
----------------------------------------
Time: 2025-06-21 02:53:00
Title: ירי רקטות וטילים -  האירוע הסתיים
Location: תל אביב - דרום העיר ויפו
Oref Category: 13
Status: ended
Threat Type: rocket
----------------------------------------
Time: 2025-06-21 02:53:00
Title: ירי רקטות וטילים -  האירוע הסתיים
Location: תל אביב - מזרח
Oref Category: 13
Status: ended
Threat Type: rocket
----------------------------------------
Time: 2025-06-21 02:53:00
Title: ירי רקטות וטילים -  האירוע הסתיים
Location: תל אביב - מרכז העיר
Oref Category: 13
Status: ended
Threat Type: rocket
----------------------------------------
Time: 2025-06-21 02:53:00
Title: ירי רקטות וטילים -  האירוע הסתיים
Location: תל אביב - עבר הירקון
Oref Category: 13
Status: ended
Threat Type: rocket
----------------------------------------
Time: 2025-06-21 02:53:00
Title: ירי רקטות וטילים -  האירוע הסתיים
Location: אור יהודה
Oref Category: 13
Status: ended
Threat Type: rocket
----------------------------------------
Time: 2025-06-21 02:53:00
Title: ירי רקטות וטילים -  האירוע הסתיים
Location: אזור
Oref Category: 13
Status: ended
Threat Type: rocket
----------------------------------------
Time: 2025-06-21 02:53:00
Title: ירי רקטות וטילים -  האירוע הסתיים
Location: בני ברק
Oref Category: 13
Status: ended
Threat Type: rocket
----------------------------------------
Time: 2025-06-21 02:53:00
Title: ירי רקטות וטילים -  האירוע הסתיים
Location: בת ים
Oref Category: 13
Status: ended
Threat Type: rocket
----------------------------------------
Time: 2025-06-21 02:53:00
Title: ירי רקטות וטילים -  האירוע הסתיים
Location: גבעת שמואל
Oref Category: 13
Status: ended
Threat Type: rocket
----------------------------------------
Time: 2025-06-21 02:53:00
Title: ירי רקטות וטילים -  האירוע הסתיים
Location: גבעתיים
Oref Category: 13
Status: ended
Threat Type: rocket
----------------------------------------
Time: 2025-06-21 02:53:00
Title: ירי רקטות וטילים -  האירוע הסתיים
Location: הרצליה - מערב
Oref Category: 13
Status: ended
Threat Type: rocket
----------------------------------------
Time: 2025-06-21 02:53:00
Title: ירי רקטות וטילים -  האירוע הסתיים
Location: הרצליה - מרכז וגליל ים
Oref Category: 13
Status: ended
Threat Type: rocket
----------------------------------------
Time: 2025-06-21 02:53:00
Title: ירי רקטות וטילים -  האירוע הסתיים
Location: חולון
Oref Category: 13
Status: ended
Threat Type: rocket
----------------------------------------
Time: 2025-06-21 02:53:00
Title: ירי רקטות וטילים -  האירוע הסתיים
Location: יהוד מונוסון
Oref Category: 13
Status: ended
Threat Type: rocket
----------------------------------------
Time: 2025-06-21 02:53:00
Title: ירי רקטות וטילים -  האירוע הסתיים
Location: כפר שמריהו
Oref Category: 13
Status: ended
Threat Type: rocket
----------------------------------------
Time: 2025-06-21 02:53:00
Title: ירי רקטות וטילים -  האירוע הסתיים
Location: מקווה ישראל
Oref Category: 13
Status: ended
Threat Type: rocket
----------------------------------------
Time: 2025-06-21 02:53:00
Title: ירי רקטות וטילים -  האירוע הסתיים
Location: סביון
Oref Category: 13
Status: ended
Threat Type: rocket
----------------------------------------
Time: 2025-06-21 02:53:00
Title: ירי רקטות וטילים -  האירוע הסתיים
Location: קריית אונו
Oref Category: 13
Status: ended
Threat Type: rocket
----------------------------------------
Time: 2025-06-21 02:53:00
Title: ירי רקטות וטילים -  האירוע הסתיים
Location: רמת גן - מזרח
Oref Category: 13
Status: ended
Threat Type: rocket
----------------------------------------
Time: 2025-06-21 02:53:00
Title: ירי רקטות וטילים -  האירוע הסתיים
Location: רמת גן - מערב
Oref Category: 13
Status: ended
Threat Type: rocket
----------------------------------------
Time: 2025-06-21 02:53:00
Title: ירי רקטות וטילים -  האירוע הסתיים
Location: רמת השרון
Oref Category: 13
Status: ended
Threat Type: rocket
----------------------------------------
Time: 2025-06-21 02:53:00
Title: ירי רקטות וטילים -  האירוע הסתיים
Location: גני תקווה
Oref Category: 13
Status: ended
Threat Type: rocket
----------------------------------------
Time: 2025-06-21 02:53:00
Title: ירי רקטות וטילים -  האירוע הסתיים
Location: בית עלמין מורשה
Oref Category: 13
Status: ended
Threat Type: rocket
----------------------------------------
Time: 2025-06-21 02:53:00
Title: ירי רקטות וטילים -  האירוע הסתיים
Location: סינמה סיטי גלילות
Oref Category: 13
Status: ended
Threat Type: rocket
----------------------------------------
Time: 2025-06-21 02:53:00
Title: ירי רקטות וטילים -  האירוע הסתיים
Location: מתחם פי גלילות
Oref Category: 13
Status: ended
Threat Type: rocket
----------------------------------------
Time: 2025-06-21 02:53:00
Title: ירי רקטות וטילים -  האירוע הסתיים
Location: אזור תעשייה עד הלום
Oref Category: 13
Status: ended
Threat Type: rocket
----------------------------------------
Time: 2025-06-21 02:53:00
Title: ירי רקטות וטילים -  האירוע הסתיים
Location: אשדוד - א,ב,ד,ה
Oref Category: 13
Status: ended
Threat Type: rocket
----------------------------------------
Time: 2025-06-21 02:53:00
Title: ירי רקטות וטילים -  האירוע הסתיים
Location: אשדוד - איזור תעשייה צפוני
Oref Category: 13
Status: ended
Threat Type: rocket
----------------------------------------
Time: 2025-06-21 02:53:00
Title: ירי רקטות וטילים -  האירוע הסתיים
Location: אשדוד - ג,ו,ז
Oref Category: 13
Status: ended
Threat Type: rocket
----------------------------------------
Time: 2025-06-21 02:53:00
Title: ירי רקטות וטילים -  האירוע הסתיים
Location: אשדוד - ח,ט,י,יג,יד,טז
Oref Category: 13
Status: ended
Threat Type: rocket
----------------------------------------
Time: 2025-06-21 02:53:00
Title: ירי רקטות וטילים -  האירוע הסתיים
Location: אשדוד -יא,יב,טו,יז,מרינה,סיטי
Oref Category: 13
Status: ended
Threat Type: rocket
----------------------------------------
Time: 2025-06-21 02:53:00
Title: ירי רקטות וטילים -  האירוע הסתיים
Location: בני דרום
Oref Category: 13
Status: ended
Threat Type: rocket
----------------------------------------
Time: 2025-06-21 02:53:00
Title: ירי רקטות וטילים -  האירוע הסתיים
Location: ניר גלים
Oref Category: 13
Status: ended
Threat Type: rocket
----------------------------------------
Time: 2025-06-21 02:53:00
Title: ירי רקטות וטילים -  האירוע הסתיים
Location: אביגדור
Oref Category: 13
Status: ended
Threat Type: rocket
----------------------------------------
Time: 2025-06-21 02:53:00
Title: ירי רקטות וטילים -  האירוע הסתיים
Location: אבן שמואל
Oref Category: 13
Status: ended
Threat Type: rocket
----------------------------------------
Time: 2025-06-21 02:53:00
Title: ירי רקטות וטילים -  האירוע הסתיים
Location: אורות
Oref Category: 13
Status: ended
Threat Type: rocket
----------------------------------------
Time: 2025-06-21 02:53:00
Title: ירי רקטות וטילים -  האירוע הסתיים
Location: אזור תעשייה באר טוביה
Oref Category: 13
Status: ended
Threat Type: rocket
----------------------------------------
Time: 2025-06-21 02:53:00
Title: ירי רקטות וטילים -  האירוע הסתיים
Location: אזור תעשייה קריית גת
Oref Category: 13
Status: ended
Threat Type: rocket
----------------------------------------
Time: 2025-06-21 02:53:00
Title: ירי רקטות וטילים -  האירוע הסתיים
Location: אחווה
Oref Category: 13
Status: ended
Threat Type: rocket
----------------------------------------
Time: 2025-06-21 02:53:00
Title: ירי רקטות וטילים -  האירוע הסתיים
Location: אחוזם
Oref Category: 13
Status: ended
Threat Type: rocket
----------------------------------------
Time: 2025-06-21 02:53:00
Title: ירי רקטות וטילים -  האירוע הסתיים
Location: איתן
Oref Category: 13
Status: ended
Threat Type: rocket
----------------------------------------
Time: 2025-06-21 02:53:00
Title: ירי רקטות וטילים -  האירוע הסתיים
Location: אל עזי
Oref Category: 13
Status: ended
Threat Type: rocket
----------------------------------------
Time: 2025-06-21 02:53:00
Title: ירי רקטות וטילים -  האירוע הסתיים
Location: באר טוביה
Oref Category: 13
Status: ended
Threat Type: rocket
----------------------------------------
Time: 2025-06-21 02:53:00
Title: ירי רקטות וטילים -  האירוע הסתיים
Location: גת
Oref Category: 13
Status: ended
Threat Type: rocket
----------------------------------------
Time: 2025-06-21 02:53:00
Title: ירי רקטות וטילים -  האירוע הסתיים
Location: ינון
Oref Category: 13
Status: ended
Threat Type: rocket
----------------------------------------
Time: 2025-06-21 02:53:00
Title: ירי רקטות וטילים -  האירוע הסתיים
Location: כפר אחים
Oref Category: 13
Status: ended
Threat Type: rocket
----------------------------------------
Time: 2025-06-21 02:53:00
Title: ירי רקטות וטילים -  האירוע הסתיים
Location: כפר הרי''ף וצומת ראם
Oref Category: 13
Status: ended
Threat Type: rocket
----------------------------------------
Time: 2025-06-21 02:53:00
Title: ירי רקטות וטילים -  האירוע הסתיים
Location: כפר ורבורג
Oref Category: 13
Status: ended
Threat Type: rocket
----------------------------------------
Time: 2025-06-21 02:53:00
Title: ירי רקטות וטילים -  האירוע הסתיים
Location: נועם
Oref Category: 13
Status: ended
Threat Type: rocket
----------------------------------------
Time: 2025-06-21 02:53:00
Title: ירי רקטות וטילים -  האירוע הסתיים
Location: עוזה
Oref Category: 13
Status: ended
Threat Type: rocket
----------------------------------------
Time: 2025-06-21 02:53:00
Title: ירי רקטות וטילים -  האירוע הסתיים
Location: ערוגות
Oref Category: 13
Status: ended
Threat Type: rocket
----------------------------------------
Time: 2025-06-21 02:53:00
Title: ירי רקטות וטילים -  האירוע הסתיים
Location: קריית גת, כרמי גת
Oref Category: 13
Status: ended
Threat Type: rocket
----------------------------------------
Time: 2025-06-21 02:53:00
Title: ירי רקטות וטילים -  האירוע הסתיים
Location: קריית מלאכי
Oref Category: 13
Status: ended
Threat Type: rocket
----------------------------------------
Time: 2025-06-21 02:53:00
Title: ירי רקטות וטילים -  האירוע הסתיים
Location: שדה משה
Oref Category: 13
Status: ended
Threat Type: rocket
----------------------------------------
Time: 2025-06-21 02:53:00
Title: ירי רקטות וטילים -  האירוע הסתיים
Location: שלווה
Oref Category: 13
Status: ended
Threat Type: rocket
----------------------------------------
Time: 2025-06-21 02:53:00
Title: ירי רקטות וטילים -  האירוע הסתיים
Location: תימורים
Oref Category: 13
Status: ended
Threat Type: rocket
----------------------------------------
Time: 2025-06-21 02:53:00
Title: ירי רקטות וטילים -  האירוע הסתיים
Location: תלמי יחיאל
Oref Category: 13
Status: ended
Threat Type: rocket
----------------------------------------
Time: 2025-06-21 02:53:00
Title: ירי רקטות וטילים -  האירוע הסתיים
Location: אזור תעשייה כנות
Oref Category: 13
Status: ended
Threat Type: rocket
----------------------------------------
Time: 2025-06-21 02:53:00
Title: ירי רקטות וטילים -  האירוע הסתיים
Location: ביצרון
Oref Category: 13
Status: ended
Threat Type: rocket
----------------------------------------
Time: 2025-06-21 02:53:00
Title: ירי רקטות וטילים -  האירוע הסתיים
Location: בני עי''ש
Oref Category: 13
Status: ended
Threat Type: rocket
----------------------------------------
Time: 2025-06-21 02:53:00
Title: ירי רקטות וטילים -  האירוע הסתיים
Location: גן הדרום
Oref Category: 13
Status: ended
Threat Type: rocket
----------------------------------------
Time: 2025-06-21 02:53:00
Title: ירי רקטות וטילים -  האירוע הסתיים
Location: גן יבנה
Oref Category: 13
Status: ended
Threat Type: rocket
----------------------------------------
Time: 2025-06-21 02:53:00
Title: ירי רקטות וטילים -  האירוע הסתיים
Location: חצב
Oref Category: 13
Status: ended
Threat Type: rocket
----------------------------------------
Time: 2025-06-21 02:53:00
Title: ירי רקטות וטילים -  האירוע הסתיים
Location: חצור
Oref Category: 13
Status: ended
Threat Type: rocket
----------------------------------------
Time: 2025-06-21 02:53:00
Title: ירי רקטות וטילים -  האירוע הסתיים
Location: כנות
Oref Category: 13
Status: ended
Threat Type: rocket
----------------------------------------
Time: 2025-06-21 02:53:00
Title: ירי רקטות וטילים -  האירוע הסתיים
Location: נווה מבטח
Oref Category: 13
Status: ended
Threat Type: rocket
----------------------------------------
Time: 2025-06-21 02:53:00
Title: ירי רקטות וטילים -  האירוע הסתיים
Location: תחנת רכבת קריית מלאכי - יואב
Oref Category: 13
Status: ended
Threat Type: rocket
----------------------------------------
Time: 2025-06-21 02:53:00
Title: ירי רקטות וטילים -  האירוע הסתיים
Location: אלומה
Oref Category: 13
Status: ended
Threat Type: rocket
----------------------------------------
Time: 2025-06-21 02:53:00
Title: ירי רקטות וטילים -  האירוע הסתיים
Location: אמונים
Oref Category: 13
Status: ended
Threat Type: rocket
----------------------------------------
Time: 2025-06-21 02:53:00
Title: ירי רקטות וטילים -  האירוע הסתיים
Location: בית עזרא
Oref Category: 13
Status: ended
Threat Type: rocket
----------------------------------------
Time: 2025-06-21 02:53:00
Title: ירי רקטות וטילים -  האירוע הסתיים
Location: גבעתי
Oref Category: 13
Status: ended
Threat Type: rocket
----------------------------------------
Time: 2025-06-21 02:53:00
Title: ירי רקטות וטילים -  האירוע הסתיים
Location: ורדון
Oref Category: 13
Status: ended
Threat Type: rocket
----------------------------------------
Time: 2025-06-21 02:53:00
Title: ירי רקטות וטילים -  האירוע הסתיים
Location: זבדיאל
Oref Category: 13
Status: ended
Threat Type: rocket
----------------------------------------
Time: 2025-06-21 02:53:00
Title: ירי רקטות וטילים -  האירוע הסתיים
Location: זוהר
Oref Category: 13
Status: ended
Threat Type: rocket
----------------------------------------
Time: 2025-06-21 02:53:00
Title: ירי רקטות וטילים -  האירוע הסתיים
Location: זרחיה
Oref Category: 13
Status: ended
Threat Type: rocket
----------------------------------------
Time: 2025-06-21 02:53:00
Title: ירי רקטות וטילים -  האירוע הסתיים
Location: יד נתן
Oref Category: 13
Status: ended
Threat Type: rocket
----------------------------------------
Time: 2025-06-21 02:53:00
Title: ירי רקטות וטילים -  האירוע הסתיים
Location: לכיש
Oref Category: 13
Status: ended
Threat Type: rocket
----------------------------------------
Time: 2025-06-21 02:53:00
Title: ירי רקטות וטילים -  האירוע הסתיים
Location: מנוחה
Oref Category: 13
Status: ended
Threat Type: rocket
----------------------------------------
Time: 2025-06-21 02:53:00
Title: ירי רקטות וטילים -  האירוע הסתיים
Location: מרכז שפירא
Oref Category: 13
Status: ended
Threat Type: rocket
----------------------------------------
Time: 2025-06-21 02:53:00
Title: ירי רקטות וטילים -  האירוע הסתיים
Location: משואות יצחק
Oref Category: 13
Status: ended
Threat Type: rocket
----------------------------------------
Time: 2025-06-21 02:53:00
Title: ירי רקטות וטילים -  האירוע הסתיים
Location: נגבה
Oref Category: 13
Status: ended
Threat Type: rocket
----------------------------------------
Time: 2025-06-21 02:53:00
Title: ירי רקטות וטילים -  האירוע הסתיים
Location: נהורה
Oref Category: 13
Status: ended
Threat Type: rocket
----------------------------------------
Time: 2025-06-21 02:53:00
Title: ירי רקטות וטילים -  האירוע הסתיים
Location: נוגה
Oref Category: 13
Status: ended
Threat Type: rocket
----------------------------------------
Time: 2025-06-21 02:53:00
Title: ירי רקטות וטילים -  האירוע הסתיים
Location: נחלה
Oref Category: 13
Status: ended
Threat Type: rocket
----------------------------------------
Time: 2025-06-21 02:53:00
Title: ירי רקטות וטילים -  האירוע הסתיים
Location: ניר בנים
Oref Category: 13
Status: ended
Threat Type: rocket
----------------------------------------
Time: 2025-06-21 02:53:00
Title: ירי רקטות וטילים -  האירוע הסתיים
Location: ניר ח''ן
Oref Category: 13
Status: ended
Threat Type: rocket
----------------------------------------
Time: 2025-06-21 02:53:00
Title: ירי רקטות וטילים -  האירוע הסתיים
Location: סגולה
Oref Category: 13
Status: ended
Threat Type: rocket
----------------------------------------
Time: 2025-06-21 02:53:00
Title: ירי רקטות וטילים -  האירוע הסתיים
Location: עוצם
Oref Category: 13
Status: ended
Threat Type: rocket
----------------------------------------
Time: 2025-06-21 02:53:00
Title: ירי רקטות וטילים -  האירוע הסתיים
Location: עזר
Oref Category: 13
Status: ended
Threat Type: rocket
----------------------------------------
Time: 2025-06-21 02:53:00
Title: ירי רקטות וטילים -  האירוע הסתיים
Location: עזריקם
Oref Category: 13
Status: ended
Threat Type: rocket
----------------------------------------
Time: 2025-06-21 02:53:00
Title: ירי רקטות וטילים -  האירוע הסתיים
Location: עין צורים
Oref Category: 13
Status: ended
Threat Type: rocket
----------------------------------------
Time: 2025-06-21 02:53:00
Title: ירי רקטות וטילים -  האירוע הסתיים
Location: קדמה
Oref Category: 13
Status: ended
Threat Type: rocket
----------------------------------------
Time: 2025-06-21 02:53:00
Title: ירי רקטות וטילים -  האירוע הסתיים
Location: קוממיות
Oref Category: 13
Status: ended
Threat Type: rocket
----------------------------------------
Time: 2025-06-21 02:53:00
Title: ירי רקטות וטילים -  האירוע הסתיים
Location: רווחה
Oref Category: 13
Status: ended
Threat Type: rocket
----------------------------------------
Time: 2025-06-21 02:53:00
Title: ירי רקטות וטילים -  האירוע הסתיים
Location: שדה יואב
Oref Category: 13
Status: ended
Threat Type: rocket
----------------------------------------
Time: 2025-06-21 02:53:00
Title: ירי רקטות וטילים -  האירוע הסתיים
Location: שדה עוזיהו
Oref Category: 13
Status: ended
Threat Type: rocket
----------------------------------------
Time: 2025-06-21 02:53:00
Title: ירי רקטות וטילים -  האירוע הסתיים
Location: שחר
Oref Category: 13
Status: ended
Threat Type: rocket
----------------------------------------
Time: 2025-06-21 02:53:00
Title: ירי רקטות וטילים -  האירוע הסתיים
Location: שפיר
Oref Category: 13
Status: ended
Threat Type: rocket
----------------------------------------
Time: 2025-06-21 02:53:00
Title: ירי רקטות וטילים -  האירוע הסתיים
Location: שתולים
Oref Category: 13
Status: ended
Threat Type: rocket
----------------------------------------
Time: 2025-06-21 02:53:00
Title: ירי רקטות וטילים -  האירוע הסתיים
Location: אזור תעשייה תימורים
Oref Category: 13
Status: ended
Threat Type: rocket
----------------------------------------
Time: 2025-06-21 02:53:00
Title: ירי רקטות וטילים -  האירוע הסתיים
Location: פארק תעשייה ראם
Oref Category: 13
Status: ended
Threat Type: rocket
----------------------------------------
Time: 2025-06-21 02:53:00
Title: ירי רקטות וטילים -  האירוע הסתיים
Location: שדה דוד
Oref Category: 13
Status: ended
Threat Type: rocket
----------------------------------------
Time: 2025-06-21 02:53:00
Title: ירי רקטות וטילים -  האירוע הסתיים
Location: תלמים
Oref Category: 13
Status: ended
Threat Type: rocket
----------------------------------------
Time: 2025-06-21 02:53:00
Title: ירי רקטות וטילים -  האירוע הסתיים
Location: אלפי מנשה
Oref Category: 13
Status: ended
Threat Type: rocket
----------------------------------------
Time: 2025-06-21 02:53:00
Title: ירי רקטות וטילים -  האירוע הסתיים
Location: אלקנה
Oref Category: 13
Status: ended
Threat Type: rocket
----------------------------------------
Time: 2025-06-21 02:53:00
Title: ירי רקטות וטילים -  האירוע הסתיים
Location: עץ אפרים
Oref Category: 13
Status: ended
Threat Type: rocket
----------------------------------------
Time: 2025-06-21 02:53:00
Title: ירי רקטות וטילים -  האירוע הסתיים
Location: צופים
Oref Category: 13
Status: ended
Threat Type: rocket
----------------------------------------
Time: 2025-06-21 02:53:00
Title: ירי רקטות וטילים -  האירוע הסתיים
Location: שערי תקווה
Oref Category: 13
Status: ended
Threat Type: rocket
----------------------------------------
Time: 2025-06-21 02:53:00
Title: ירי רקטות וטילים -  האירוע הסתיים
Location: סלעית
Oref Category: 13
Status: ended
Threat Type: rocket
----------------------------------------
Time: 2025-06-21 02:52:58
Title: ירי רקטות וטילים -  האירוע הסתיים
Location: אביעזר
Oref Category: 13
Status: ended
Threat Type: rocket
----------------------------------------
Time: 2025-06-21 02:52:58
Title: ירי רקטות וטילים -  האירוע הסתיים
Location: אדרת
Oref Category: 13
Status: ended
Threat Type: rocket
----------------------------------------
Time: 2025-06-21 02:52:58
Title: ירי רקטות וטילים -  האירוע הסתיים
Location: אזור תעשייה הר טוב - צרעה
Oref Category: 13
Status: ended
Threat Type: rocket
----------------------------------------
Time: 2025-06-21 02:52:58
Title: ירי רקטות וטילים -  האירוע הסתיים
Location: אלון שבות
Oref Category: 13
Status: ended
Threat Type: rocket
----------------------------------------
Time: 2025-06-21 02:52:58
Title: ירי רקטות וטילים -  האירוע הסתיים
Location: אלעזר
Oref Category: 13
Status: ended
Threat Type: rocket
----------------------------------------
Time: 2025-06-21 02:52:58
Title: ירי רקטות וטילים -  האירוע הסתיים
Location: אפרת
Oref Category: 13
Status: ended
Threat Type: rocket
----------------------------------------
Time: 2025-06-21 02:52:58
Title: ירי רקטות וטילים -  האירוע הסתיים
Location: אשתאול
Oref Category: 13
Status: ended
Threat Type: rocket
----------------------------------------
Time: 2025-06-21 02:52:58
Title: ירי רקטות וטילים -  האירוע הסתיים
Location: בית שמש
Oref Category: 13
Status: ended
Threat Type: rocket
----------------------------------------
Time: 2025-06-21 02:52:58
Title: ירי רקטות וטילים -  האירוע הסתיים
Location: ביתר עילית
Oref Category: 13
Status: ended
Threat Type: rocket
----------------------------------------
Time: 2025-06-21 02:52:58
Title: ירי רקטות וטילים -  האירוע הסתיים
Location: בקוע
Oref Category: 13
Status: ended
Threat Type: rocket
----------------------------------------
Time: 2025-06-21 02:52:58
Title: ירי רקטות וטילים -  האירוע הסתיים
Location: בת עין
Oref Category: 13
Status: ended
Threat Type: rocket
----------------------------------------
Time: 2025-06-21 02:52:58
Title: ירי רקטות וטילים -  האירוע הסתיים
Location: גבעות עדן
Oref Category: 13
Status: ended
Threat Type: rocket
----------------------------------------
Time: 2025-06-21 02:52:58
Title: ירי רקטות וטילים -  האירוע הסתיים
Location: גיזו
Oref Category: 13
Status: ended
Threat Type: rocket
----------------------------------------
Time: 2025-06-21 02:52:58
Title: ירי רקטות וטילים -  האירוע הסתיים
Location: הר גילה
Oref Category: 13
Status: ended
Threat Type: rocket
----------------------------------------
Time: 2025-06-21 02:52:58
Title: ירי רקטות וטילים -  האירוע הסתיים
Location: הראל
Oref Category: 13
Status: ended
Threat Type: rocket
----------------------------------------
Time: 2025-06-21 02:52:58
Title: ירי רקטות וטילים -  האירוע הסתיים
Location: זנוח
Oref Category: 13
Status: ended
Threat Type: rocket
----------------------------------------
Time: 2025-06-21 02:52:58
Title: ירי רקטות וטילים -  האירוע הסתיים
Location: טל שחר
Oref Category: 13
Status: ended
Threat Type: rocket
----------------------------------------
Time: 2025-06-21 02:52:58
Title: ירי רקטות וטילים -  האירוע הסתיים
Location: ישעי
Oref Category: 13
Status: ended
Threat Type: rocket
----------------------------------------
Time: 2025-06-21 02:52:58
Title: ירי רקטות וטילים -  האירוע הסתיים
Location: כפר אוריה
Oref Category: 13
Status: ended
Threat Type: rocket
----------------------------------------
Time: 2025-06-21 02:52:58
Title: ירי רקטות וטילים -  האירוע הסתיים
Location: כפר אלדד
Oref Category: 13
Status: ended
Threat Type: rocket
----------------------------------------
Time: 2025-06-21 02:52:58
Title: ירי רקטות וטילים -  האירוע הסתיים
Location: כפר עציון
Oref Category: 13
Status: ended
Threat Type: rocket
----------------------------------------
Time: 2025-06-21 02:52:58
Title: ירי רקטות וטילים -  האירוע הסתיים
Location: כרמי צור
Oref Category: 13
Status: ended
Threat Type: rocket
----------------------------------------
Time: 2025-06-21 02:52:58
Title: ירי רקטות וטילים -  האירוע הסתיים
Location: לטרון
Oref Category: 13
Status: ended
Threat Type: rocket
----------------------------------------
Time: 2025-06-21 02:52:58
Title: ירי רקטות וטילים -  האירוע הסתיים
Location: מגדל עוז
Oref Category: 13
Status: ended
Threat Type: rocket
----------------------------------------
Time: 2025-06-21 02:52:58
Title: ירי רקטות וטילים -  האירוע הסתיים
Location: מחסיה
Oref Category: 13
Status: ended
Threat Type: rocket
----------------------------------------
Time: 2025-06-21 02:52:58
Title: ירי רקטות וטילים -  האירוע הסתיים
Location: מיני ישראל - נחשון
Oref Category: 13
Status: ended
Threat Type: rocket
----------------------------------------
Time: 2025-06-21 02:52:58
Title: ירי רקטות וטילים -  האירוע הסתיים
Location: מיצד
Oref Category: 13
Status: ended
Threat Type: rocket
----------------------------------------
Time: 2025-06-21 02:52:58
Title: ירי רקטות וטילים -  האירוע הסתיים
Location: מסילת ציון
Oref Category: 13
Status: ended
Threat Type: rocket
----------------------------------------
Time: 2025-06-21 02:52:58
Title: ירי רקטות וטילים -  האירוע הסתיים
Location: מעלה עמוס
Oref Category: 13
Status: ended
Threat Type: rocket
----------------------------------------
Time: 2025-06-21 02:52:58
Title: ירי רקטות וטילים -  האירוע הסתיים
Location: מעלה רחבעם
Oref Category: 13
Status: ended
Threat Type: rocket
----------------------------------------
Time: 2025-06-21 02:52:58
Title: ירי רקטות וטילים -  האירוע הסתיים
Location: נווה דניאל
Oref Category: 13
Status: ended
Threat Type: rocket
----------------------------------------
Time: 2025-06-21 02:52:58
Title: ירי רקטות וטילים -  האירוע הסתיים
Location: נווה מיכאל - רוגלית
Oref Category: 13
Status: ended
Threat Type: rocket
----------------------------------------
Time: 2025-06-21 02:52:58
Title: ירי רקטות וטילים -  האירוע הסתיים
Location: נווה שלום
Oref Category: 13
Status: ended
Threat Type: rocket
----------------------------------------
Time: 2025-06-21 02:52:58
Title: ירי רקטות וטילים -  האירוע הסתיים
Location: נוקדים
Oref Category: 13
Status: ended
Threat Type: rocket
----------------------------------------
Time: 2025-06-21 02:52:58
Title: ירי רקטות וטילים -  האירוע הסתיים
Location: נחם
Oref Category: 13
Status: ended
Threat Type: rocket
----------------------------------------
Time: 2025-06-21 02:52:58
Title: ירי רקטות וטילים -  האירוע הסתיים
Location: נחשון
Oref Category: 13
Status: ended
Threat Type: rocket
----------------------------------------
Time: 2025-06-21 02:52:58
Title: ירי רקטות וטילים -  האירוע הסתיים
Location: נתיב הל''ה
Oref Category: 13
Status: ended
Threat Type: rocket
----------------------------------------
Time: 2025-06-21 02:52:58
Title: ירי רקטות וטילים -  האירוע הסתיים
Location: פארק תעשיות מגדל עוז
Oref Category: 13
Status: ended
Threat Type: rocket
----------------------------------------
Time: 2025-06-21 02:52:58
Title: ירי רקטות וטילים -  האירוע הסתיים
Location: פני קדם
Oref Category: 13
Status: ended
Threat Type: rocket
----------------------------------------
Time: 2025-06-21 02:52:58
Title: ירי רקטות וטילים -  האירוע הסתיים
Location: צלפון
Oref Category: 13
Status: ended
Threat Type: rocket
----------------------------------------
Time: 2025-06-21 02:52:58
Title: ירי רקטות וטילים -  האירוע הסתיים
Location: צרעה
Oref Category: 13
Status: ended
Threat Type: rocket
----------------------------------------
Time: 2025-06-21 02:52:58
Title: ירי רקטות וטילים -  האירוע הסתיים
Location: ראש צורים
Oref Category: 13
Status: ended
Threat Type: rocket
----------------------------------------
Time: 2025-06-21 02:52:58
Title: ירי רקטות וטילים -  האירוע הסתיים
Location: רטורנו - גבעת שמש
Oref Category: 13
Status: ended
Threat Type: rocket
----------------------------------------
Time: 2025-06-21 02:52:58
Title: ירי רקטות וטילים -  האירוע הסתיים
Location: שדה בר
Oref Category: 13
Status: ended
Threat Type: rocket
----------------------------------------
Time: 2025-06-21 02:52:58
Title: ירי רקטות וטילים -  האירוע הסתיים
Location: שער הגיא
Oref Category: 13
Status: ended
Threat Type: rocket
----------------------------------------
Time: 2025-06-21 02:52:58
Title: ירי רקטות וטילים -  האירוע הסתיים
Location: תלם
Oref Category: 13
Status: ended
Threat Type: rocket
----------------------------------------
Time: 2025-06-21 02:52:58
Title: ירי רקטות וטילים -  האירוע הסתיים
Location: תעוז
Oref Category: 13
Status: ended
Threat Type: rocket
----------------------------------------
Time: 2025-06-21 02:52:58
Title: ירי רקטות וטילים -  האירוע הסתיים
Location: תקוע
Oref Category: 13
Status: ended
Threat Type: rocket
----------------------------------------
Time: 2025-06-21 02:52:58
Title: ירי רקטות וטילים -  האירוע הסתיים
Location: תרום
Oref Category: 13
Status: ended
Threat Type: rocket
----------------------------------------
Time: 2025-06-21 02:52:58
Title: ירי רקטות וטילים -  האירוע הסתיים
Location: אבו גוש
Oref Category: 13
Status: ended
Threat Type: rocket
----------------------------------------
Time: 2025-06-21 02:52:58
Title: ירי רקטות וטילים -  האירוע הסתיים
Location: אדורה
Oref Category: 13
Status: ended
Threat Type: rocket
----------------------------------------
Time: 2025-06-21 02:52:58
Title: ירי רקטות וטילים -  האירוע הסתיים
Location: אדוריים
Oref Category: 13
Status: ended
Threat Type: rocket
----------------------------------------
Time: 2025-06-21 02:52:58
Title: ירי רקטות וטילים -  האירוע הסתיים
Location: אזור תעשייה מיתרים
Oref Category: 13
Status: ended
Threat Type: rocket
----------------------------------------
Time: 2025-06-21 02:52:58
Title: ירי רקטות וטילים -  האירוע הסתיים
Location: בית חג"י
Oref Category: 13
Status: ended
Threat Type: rocket
----------------------------------------
Time: 2025-06-21 02:52:58
Title: ירי רקטות וטילים -  האירוע הסתיים
Location: בית יתיר
Oref Category: 13
Status: ended
Threat Type: rocket
----------------------------------------
Time: 2025-06-21 02:52:58
Title: ירי רקטות וטילים -  האירוע הסתיים
Location: בית מאיר
Oref Category: 13
Status: ended
Threat Type: rocket
----------------------------------------
Time: 2025-06-21 02:52:58
Title: ירי רקטות וטילים -  האירוע הסתיים
Location: בר גיורא
Oref Category: 13
Status: ended
Threat Type: rocket
----------------------------------------
Time: 2025-06-21 02:52:58
Title: ירי רקטות וטילים -  האירוע הסתיים
Location: גבעת יערים
Oref Category: 13
Status: ended
Threat Type: rocket
----------------------------------------
Time: 2025-06-21 02:52:58
Title: ירי רקטות וטילים -  האירוע הסתיים
Location: הר עמשא
Oref Category: 13
Status: ended
Threat Type: rocket
----------------------------------------
Time: 2025-06-21 02:52:58
Title: ירי רקטות וטילים -  האירוע הסתיים
Location: טנא עומרים
Oref Category: 13
Status: ended
Threat Type: rocket
----------------------------------------
Time: 2025-06-21 02:52:58
Title: ירי רקטות וטילים -  האירוע הסתיים
Location: יד השמונה
Oref Category: 13
Status: ended
Threat Type: rocket
----------------------------------------
Time: 2025-06-21 02:52:58
Title: ירי רקטות וטילים -  האירוע הסתיים
Location: כסלון
Oref Category: 13
Status: ended
Threat Type: rocket
----------------------------------------
Time: 2025-06-21 02:52:58
Title: ירי רקטות וטילים -  האירוע הסתיים
Location: כפר הנוער קריית יערים
Oref Category: 13
Status: ended
Threat Type: rocket
----------------------------------------
Time: 2025-06-21 02:52:58
Title: ירי רקטות וטילים -  האירוע הסתיים
Location: כרמל
Oref Category: 13
Status: ended
Threat Type: rocket
----------------------------------------
Time: 2025-06-21 02:52:58
Title: ירי רקטות וטילים -  האירוע הסתיים
Location: מטע
Oref Category: 13
Status: ended
Threat Type: rocket
----------------------------------------
Time: 2025-06-21 02:52:58
Title: ירי רקטות וטילים -  האירוע הסתיים
Location: מעון
Oref Category: 13
Status: ended
Threat Type: rocket
----------------------------------------
Time: 2025-06-21 02:52:58
Title: ירי רקטות וטילים -  האירוע הסתיים
Location: מעלה חבר
Oref Category: 13
Status: ended
Threat Type: rocket
----------------------------------------
Time: 2025-06-21 02:52:58
Title: ירי רקטות וטילים -  האירוע הסתיים
Location: נגוהות
Oref Category: 13
Status: ended
Threat Type: rocket
----------------------------------------
Time: 2025-06-21 02:52:58
Title: ירי רקטות וטילים -  האירוע הסתיים
Location: נווה אילן
Oref Category: 13
Status: ended
Threat Type: rocket
----------------------------------------
Time: 2025-06-21 02:52:58
Title: ירי רקטות וטילים -  האירוע הסתיים
Location: נטף
Oref Category: 13
Status: ended
Threat Type: rocket
----------------------------------------
Time: 2025-06-21 02:52:58
Title: ירי רקטות וטילים -  האירוע הסתיים
Location: נס הרים
Oref Category: 13
Status: ended
Threat Type: rocket
----------------------------------------
Time: 2025-06-21 02:52:58
Title: ירי רקטות וטילים -  האירוע הסתיים
Location: סוסיא
Oref Category: 13
Status: ended
Threat Type: rocket
----------------------------------------
Time: 2025-06-21 02:52:58
Title: ירי רקטות וטילים -  האירוע הסתיים
Location: עין נקובא
Oref Category: 13
Status: ended
Threat Type: rocket
----------------------------------------
Time: 2025-06-21 02:52:58
Title: ירי רקטות וטילים -  האירוע הסתיים
Location: עין ראפה
Oref Category: 13
Status: ended
Threat Type: rocket
----------------------------------------
Time: 2025-06-21 02:52:58
Title: ירי רקטות וטילים -  האירוע הסתיים
Location: עשהאל
Oref Category: 13
Status: ended
Threat Type: rocket
----------------------------------------
Time: 2025-06-21 02:52:58
Title: ירי רקטות וטילים -  האירוע הסתיים
Location: עתניאל
Oref Category: 13
Status: ended
Threat Type: rocket
----------------------------------------
Time: 2025-06-21 02:52:58
Title: ירי רקטות וטילים -  האירוע הסתיים
Location: צומת הגוש
Oref Category: 13
Status: ended
Threat Type: rocket
----------------------------------------
Time: 2025-06-21 02:52:58
Title: ירי רקטות וטילים -  האירוע הסתיים
Location: קריית ארבע
Oref Category: 13
Status: ended
Threat Type: rocket
----------------------------------------
Time: 2025-06-21 02:52:58
Title: ירי רקטות וטילים -  האירוע הסתיים
Location: קריית יערים
Oref Category: 13
Status: ended
Threat Type: rocket
----------------------------------------
Time: 2025-06-21 02:52:58
Title: ירי רקטות וטילים -  האירוע הסתיים
Location: רמת רזיאל
Oref Category: 13
Status: ended
Threat Type: rocket
----------------------------------------
Time: 2025-06-21 02:52:58
Title: ירי רקטות וטילים -  האירוע הסתיים
Location: שואבה
Oref Category: 13
Status: ended
Threat Type: rocket
----------------------------------------
Time: 2025-06-21 02:52:58
Title: ירי רקטות וטילים -  האירוע הסתיים
Location: שורש
Oref Category: 13
Status: ended
Threat Type: rocket
----------------------------------------
Time: 2025-06-21 02:52:58
Title: ירי רקטות וטילים -  האירוע הסתיים
Location: שמעה
Oref Category: 13
Status: ended
Threat Type: rocket
----------------------------------------
Time: 2025-06-21 02:52:58
Title: ירי רקטות וטילים -  האירוע הסתיים
Location: שני ליבנה
Oref Category: 13
Status: ended
Threat Type: rocket
----------------------------------------
Time: 2025-06-21 02:52:58
Title: ירי רקטות וטילים -  האירוע הסתיים
Location: אזור תעשייה ברוש
Oref Category: 13
Status: ended
Threat Type: rocket
----------------------------------------
Time: 2025-06-21 02:52:58
Title: ירי רקטות וטילים -  האירוע הסתיים
Location: גבעות
Oref Category: 13
Status: ended
Threat Type: rocket
----------------------------------------
Time: 2025-06-21 02:52:58
Title: ירי רקטות וטילים -  האירוע הסתיים
Location: היישוב היהודי חברון
Oref Category: 13
Status: ended
Threat Type: rocket
----------------------------------------
Time: 2025-06-21 02:52:58
Title: ירי רקטות וטילים -  האירוע הסתיים
Location: אבו נוור
Oref Category: 13
Status: ended
Threat Type: rocket
----------------------------------------
Time: 2025-06-21 02:52:58
Title: ירי רקטות וטילים -  האירוע הסתיים
Location: אזור תעשייה מישור אדומים
Oref Category: 13
Status: ended
Threat Type: rocket
----------------------------------------
Time: 2025-06-21 02:52:58
Title: ירי רקטות וטילים -  האירוע הסתיים
Location: ברקן
Oref Category: 13
Status: ended
Threat Type: rocket
----------------------------------------
Time: 2025-06-21 02:52:58
Title: ירי רקטות וטילים -  האירוע הסתיים
Location: גבעון החדשה
Oref Category: 13
Status: ended
Threat Type: rocket
----------------------------------------
Time: 2025-06-21 02:52:58
Title: ירי רקטות וטילים -  האירוע הסתיים
Location: גבעת זאב
Oref Category: 13
Status: ended
Threat Type: rocket
----------------------------------------
Time: 2025-06-21 02:52:58
Title: ירי רקטות וטילים -  האירוע הסתיים
Location: חוות יאיר
Oref Category: 13
Status: ended
Threat Type: rocket
----------------------------------------
Time: 2025-06-21 02:52:58
Title: ירי רקטות וטילים -  האירוע הסתיים
Location: יקיר
Oref Category: 13
Status: ended
Threat Type: rocket
----------------------------------------
Time: 2025-06-21 02:52:58
Title: ירי רקטות וטילים -  האירוע הסתיים
Location: מעלה אדומים
Oref Category: 13
Status: ended
Threat Type: rocket
----------------------------------------
Time: 2025-06-21 02:52:58
Title: ירי רקטות וטילים -  האירוע הסתיים
Location: נבי סמואל
Oref Category: 13
Status: ended
Threat Type: rocket
----------------------------------------
Time: 2025-06-21 02:52:58
Title: ירי רקטות וטילים -  האירוע הסתיים
Location: נופים
Oref Category: 13
Status: ended
Threat Type: rocket
----------------------------------------
Time: 2025-06-21 02:52:58
Title: ירי רקטות וטילים -  האירוע הסתיים
Location: עמנואל
Oref Category: 13
Status: ended
Threat Type: rocket
----------------------------------------
Time: 2025-06-21 02:52:58
Title: ירי רקטות וטילים -  האירוע הסתיים
Location: קידר
Oref Category: 13
Status: ended
Threat Type: rocket
----------------------------------------
Time: 2025-06-21 02:52:58
Title: ירי רקטות וטילים -  האירוע הסתיים
Location: קריית נטפים
Oref Category: 13
Status: ended
Threat Type: rocket
----------------------------------------
Time: 2025-06-21 02:52:58
Title: ירי רקטות וטילים -  האירוע הסתיים
Location: קרני שומרון
Oref Category: 13
Status: ended
Threat Type: rocket
----------------------------------------
Time: 2025-06-21 02:52:58
Title: ירי רקטות וטילים -  האירוע הסתיים
Location: רבבה
Oref Category: 13
Status: ended
Threat Type: rocket
----------------------------------------
Time: 2025-06-21 02:52:58
Title: ירי רקטות וטילים -  האירוע הסתיים
Location: אבני חפץ
Oref Category: 13
Status: ended
Threat Type: rocket
----------------------------------------
Time: 2025-06-21 02:52:58
Title: ירי רקטות וטילים -  האירוע הסתיים
Location: אזור תעשייה אריאל
Oref Category: 13
Status: ended
Threat Type: rocket
----------------------------------------
Time: 2025-06-21 02:52:58
Title: ירי רקטות וטילים -  האירוע הסתיים
Location: אזור תעשייה בראון
Oref Category: 13
Status: ended
Threat Type: rocket
----------------------------------------
Time: 2025-06-21 02:52:58
Title: ירי רקטות וטילים -  האירוע הסתיים
Location: אזור תעשייה ברקן
Oref Category: 13
Status: ended
Threat Type: rocket
----------------------------------------
Time: 2025-06-21 02:52:58
Title: ירי רקטות וטילים -  האירוע הסתיים
Location: אזור תעשייה שחק
Oref Category: 13
Status: ended
Threat Type: rocket
----------------------------------------
Time: 2025-06-21 02:52:58
Title: ירי רקטות וטילים -  האירוע הסתיים
Location: אזור תעשייה שער בנימין
Oref Category: 13
Status: ended
Threat Type: rocket
----------------------------------------
Time: 2025-06-21 02:52:58
Title: ירי רקטות וטילים -  האירוע הסתיים
Location: איתמר
Oref Category: 13
Status: ended
Threat Type: rocket
----------------------------------------
Time: 2025-06-21 02:52:58
Title: ירי רקטות וטילים -  האירוע הסתיים
Location: אלון מורה
Oref Category: 13
Status: ended
Threat Type: rocket
----------------------------------------
Time: 2025-06-21 02:52:58
Title: ירי רקטות וטילים -  האירוע הסתיים
Location: בית אל
Oref Category: 13
Status: ended
Threat Type: rocket
----------------------------------------
Time: 2025-06-21 02:52:58
Title: ירי רקטות וטילים -  האירוע הסתיים
Location: בית אריה
Oref Category: 13
Status: ended
Threat Type: rocket
----------------------------------------
Time: 2025-06-21 02:52:58
Title: ירי רקטות וטילים -  האירוע הסתיים
Location: בית חורון
Oref Category: 13
Status: ended
Threat Type: rocket
----------------------------------------
Time: 2025-06-21 02:52:58
Title: ירי רקטות וטילים -  האירוע הסתיים
Location: ברוכין
Oref Category: 13
Status: ended
Threat Type: rocket
----------------------------------------
Time: 2025-06-21 02:52:58
Title: ירי רקטות וטילים -  האירוע הסתיים
Location: גבעת אסף
Oref Category: 13
Status: ended
Threat Type: rocket
----------------------------------------
Time: 2025-06-21 02:52:58
Title: ירי רקטות וטילים -  האירוע הסתיים
Location: גבעת הראל וגבעת הרואה
Oref Category: 13
Status: ended
Threat Type: rocket
----------------------------------------
Time: 2025-06-21 02:52:58
Title: ירי רקטות וטילים -  האירוע הסתיים
Location: דולב
Oref Category: 13
Status: ended
Threat Type: rocket
----------------------------------------
Time: 2025-06-21 02:52:58
Title: ירי רקטות וטילים -  האירוע הסתיים
Location: הר ברכה
Oref Category: 13
Status: ended
Threat Type: rocket
----------------------------------------
Time: 2025-06-21 02:52:58
Title: ירי רקטות וטילים -  האירוע הסתיים
Location: חוות גלעד
Oref Category: 13
Status: ended
Threat Type: rocket
----------------------------------------
Time: 2025-06-21 02:52:58
Title: ירי רקטות וטילים -  האירוע הסתיים
Location: חיננית
Oref Category: 13
Status: ended
Threat Type: rocket
----------------------------------------
Time: 2025-06-21 02:52:58
Title: ירי רקטות וטילים -  האירוע הסתיים
Location: חלמיש
Oref Category: 13
Status: ended
Threat Type: rocket
----------------------------------------
Time: 2025-06-21 02:52:58
Title: ירי רקטות וטילים -  האירוע הסתיים
Location: חרמש
Oref Category: 13
Status: ended
Threat Type: rocket
----------------------------------------
Time: 2025-06-21 02:52:58
Title: ירי רקטות וטילים -  האירוע הסתיים
Location: טלמון
Oref Category: 13
Status: ended
Threat Type: rocket
----------------------------------------
Time: 2025-06-21 02:52:58
Title: ירי רקטות וטילים -  האירוע הסתיים
Location: יצהר
Oref Category: 13
Status: ended
Threat Type: rocket
----------------------------------------
Time: 2025-06-21 02:52:58
Title: ירי רקטות וטילים -  האירוע הסתיים
Location: כוכב יעקב
Oref Category: 13
Status: ended
Threat Type: rocket
----------------------------------------
Time: 2025-06-21 02:52:58
Title: ירי רקטות וטילים -  האירוע הסתיים
Location: כפר תפוח
Oref Category: 13
Status: ended
Threat Type: rocket
----------------------------------------
Time: 2025-06-21 02:52:58
Title: ירי רקטות וטילים -  האירוע הסתיים
Location: מבוא דותן
Oref Category: 13
Status: ended
Threat Type: rocket
----------------------------------------
Time: 2025-06-21 02:52:58
Title: ירי רקטות וטילים -  האירוע הסתיים
Location: מגדלים
Oref Category: 13
Status: ended
Threat Type: rocket
----------------------------------------
Time: 2025-06-21 02:52:58
Title: ירי רקטות וטילים -  האירוע הסתיים
Location: מעלה לבונה
Oref Category: 13
Status: ended
Threat Type: rocket
----------------------------------------
Time: 2025-06-21 02:52:58
Title: ירי רקטות וטילים -  האירוע הסתיים
Location: נחליאל
Oref Category: 13
Status: ended
Threat Type: rocket
----------------------------------------
Time: 2025-06-21 02:52:58
Title: ירי רקטות וטילים -  האירוע הסתיים
Location: נילי
Oref Category: 13
Status: ended
Threat Type: rocket
----------------------------------------
Time: 2025-06-21 02:52:58
Title: ירי רקטות וטילים -  האירוע הסתיים
Location: נעלה
Oref Category: 13
Status: ended
Threat Type: rocket
----------------------------------------
Time: 2025-06-21 02:52:58
Title: ירי רקטות וטילים -  האירוע הסתיים
Location: עטרת
Oref Category: 13
Status: ended
Threat Type: rocket
----------------------------------------
Time: 2025-06-21 02:52:58
Title: ירי רקטות וטילים -  האירוע הסתיים
Location: עלי זהב
Oref Category: 13
Status: ended
Threat Type: rocket
----------------------------------------
Time: 2025-06-21 02:52:58
Title: ירי רקטות וטילים -  האירוע הסתיים
Location: עלי
Oref Category: 13
Status: ended
Threat Type: rocket
----------------------------------------
Time: 2025-06-21 02:52:58
Title: ירי רקטות וטילים -  האירוע הסתיים
Location: עמיחי
Oref Category: 13
Status: ended
Threat Type: rocket
----------------------------------------
Time: 2025-06-21 02:52:58
Title: ירי רקטות וטילים -  האירוע הסתיים
Location: ענב
Oref Category: 13
Status: ended
Threat Type: rocket
----------------------------------------
Time: 2025-06-21 02:52:58
Title: ירי רקטות וטילים -  האירוע הסתיים
Location: עפרה
Oref Category: 13
Status: ended
Threat Type: rocket
----------------------------------------
Time: 2025-06-21 02:52:58
Title: ירי רקטות וטילים -  האירוע הסתיים
Location: פדואל
Oref Category: 13
Status: ended
Threat Type: rocket
----------------------------------------
Time: 2025-06-21 02:52:58
Title: ירי רקטות וטילים -  האירוע הסתיים
Location: פסגות
Oref Category: 13
Status: ended
Threat Type: rocket
----------------------------------------
Time: 2025-06-21 02:52:58
Title: ירי רקטות וטילים -  האירוע הסתיים
Location: קדומים
Oref Category: 13
Status: ended
Threat Type: rocket
----------------------------------------
Time: 2025-06-21 02:52:58
Title: ירי רקטות וטילים -  האירוע הסתיים
Location: רחלים
Oref Category: 13
Status: ended
Threat Type: rocket
----------------------------------------
Time: 2025-06-21 02:52:58
Title: ירי רקטות וטילים -  האירוע הסתיים
Location: ריחן
Oref Category: 13
Status: ended
Threat Type: rocket
----------------------------------------
Time: 2025-06-21 02:52:58
Title: ירי רקטות וטילים -  האירוע הסתיים
Location: שבות רחל
Oref Category: 13
Status: ended
Threat Type: rocket
----------------------------------------
Time: 2025-06-21 02:52:58
Title: ירי רקטות וטילים -  האירוע הסתיים
Location: שבי שומרון
Oref Category: 13
Status: ended
Threat Type: rocket
----------------------------------------
Time: 2025-06-21 02:52:58
Title: ירי רקטות וטילים -  האירוע הסתיים
Location: שילה
Oref Category: 13
Status: ended
Threat Type: rocket
----------------------------------------
Time: 2025-06-21 02:52:58
Title: ירי רקטות וטילים -  האירוע הסתיים
Location: שקד
Oref Category: 13
Status: ended
Threat Type: rocket
----------------------------------------
Time: 2025-06-21 02:52:58
Title: ירי רקטות וטילים -  האירוע הסתיים
Location: תל ציון
Oref Category: 13
Status: ended
Threat Type: rocket
----------------------------------------
Time: 2025-06-21 02:52:58
Title: ירי רקטות וטילים -  האירוע הסתיים
Location: אחיה
Oref Category: 13
Status: ended
Threat Type: rocket
----------------------------------------
Time: 2025-06-21 02:52:58
Title: ירי רקטות וטילים -  האירוע הסתיים
Location: אריאל
Oref Category: 13
Status: ended
Threat Type: rocket
----------------------------------------
Time: 2025-06-21 02:52:58
Title: ירי רקטות וטילים -  האירוע הסתיים
Location: חרשה
Oref Category: 13
Status: ended
Threat Type: rocket
----------------------------------------
Time: 2025-06-21 02:52:58
Title: ירי רקטות וטילים -  האירוע הסתיים
Location: טל מנשה
Oref Category: 13
Status: ended
Threat Type: rocket
----------------------------------------
Time: 2025-06-21 02:52:58
Title: ירי רקטות וטילים -  האירוע הסתיים
Location: כרם רעים
Oref Category: 13
Status: ended
Threat Type: rocket
----------------------------------------
Time: 2025-06-21 02:52:58
Title: ירי רקטות וטילים -  האירוע הסתיים
Location: מגרון
Oref Category: 13
Status: ended
Threat Type: rocket
----------------------------------------
Time: 2025-06-21 02:52:58
Title: ירי רקטות וטילים -  האירוע הסתיים
Location: נופי נחמיה
Oref Category: 13
Status: ended
Threat Type: rocket
----------------------------------------
Time: 2025-06-21 02:52:58
Title: ירי רקטות וטילים -  האירוע הסתיים
Location: נריה
Oref Category: 13
Status: ended
Threat Type: rocket
----------------------------------------
Time: 2025-06-21 02:52:58
Title: ירי רקטות וטילים -  האירוע הסתיים
Location: עופרים
Oref Category: 13
Status: ended
Threat Type: rocket
----------------------------------------
Time: 2025-06-21 02:52:58
Title: ירי רקטות וטילים -  האירוע הסתיים
Location: אזור תעשייה צבאים
Oref Category: 13
Status: ended
Threat Type: rocket
----------------------------------------
Time: 2025-06-21 02:52:58
Title: ירי רקטות וטילים -  האירוע הסתיים
Location: בית אלפא וחפציבה
Oref Category: 13
Status: ended
Threat Type: rocket
----------------------------------------
Time: 2025-06-21 02:52:58
Title: ירי רקטות וטילים -  האירוע הסתיים
Location: בית השיטה
Oref Category: 13
Status: ended
Threat Type: rocket
----------------------------------------
Time: 2025-06-21 02:52:58
Title: ירי רקטות וטילים -  האירוע הסתיים
Location: בית יוסף
Oref Category: 13
Status: ended
Threat Type: rocket
----------------------------------------
Time: 2025-06-21 02:52:58
Title: ירי רקטות וטילים -  האירוע הסתיים
Location: בית שאן
Oref Category: 13
Status: ended
Threat Type: rocket
----------------------------------------
Time: 2025-06-21 02:52:58
Title: ירי רקטות וטילים -  האירוע הסתיים
Location: גשר
Oref Category: 13
Status: ended
Threat Type: rocket
----------------------------------------
Time: 2025-06-21 02:52:58
Title: ירי רקטות וטילים -  האירוע הסתיים
Location: חוות עדן
Oref Category: 13
Status: ended
Threat Type: rocket
----------------------------------------
Time: 2025-06-21 02:52:58
Title: ירי רקטות וטילים -  האירוע הסתיים
Location: חמדיה
Oref Category: 13
Status: ended
Threat Type: rocket
----------------------------------------
Time: 2025-06-21 02:52:58
Title: ירי רקטות וטילים -  האירוע הסתיים
Location: טירת צבי
Oref Category: 13
Status: ended
Threat Type: rocket
----------------------------------------
Time: 2025-06-21 02:52:58
Title: ירי רקטות וטילים -  האירוע הסתיים
Location: ירדנה
Oref Category: 13
Status: ended
Threat Type: rocket
----------------------------------------
Time: 2025-06-21 02:52:58
Title: ירי רקטות וטילים -  האירוע הסתיים
Location: כפר גמילה מלכישוע
Oref Category: 13
Status: ended
Threat Type: rocket
----------------------------------------
Time: 2025-06-21 02:52:58
Title: ירי רקטות וטילים -  האירוע הסתיים
Location: כפר רופין
Oref Category: 13
Status: ended
Threat Type: rocket
----------------------------------------
Time: 2025-06-21 02:52:58
Title: ירי רקטות וטילים -  האירוע הסתיים
Location: מולדת
Oref Category: 13
Status: ended
Threat Type: rocket
----------------------------------------
Time: 2025-06-21 02:52:58
Title: ירי רקטות וטילים -  האירוע הסתיים
Location: מירב
Oref Category: 13
Status: ended
Threat Type: rocket
----------------------------------------
Time: 2025-06-21 02:52:58
Title: ירי רקטות וטילים -  האירוע הסתיים
Location: מסילות
Oref Category: 13
Status: ended
Threat Type: rocket
----------------------------------------
Time: 2025-06-21 02:52:58
Title: ירי רקטות וטילים -  האירוע הסתיים
Location: מעוז חיים
Oref Category: 13
Status: ended
Threat Type: rocket
----------------------------------------
Time: 2025-06-21 02:52:58
Title: ירי רקטות וטילים -  האירוע הסתיים
Location: מעלה גלבוע
Oref Category: 13
Status: ended
Threat Type: rocket
----------------------------------------
Time: 2025-06-21 02:52:58
Title: ירי רקטות וטילים -  האירוע הסתיים
Location: נוה איתן
Oref Category: 13
Status: ended
Threat Type: rocket
----------------------------------------
Time: 2025-06-21 02:52:58
Title: ירי רקטות וטילים -  האירוע הסתיים
Location: נווה אור
Oref Category: 13
Status: ended
Threat Type: rocket
----------------------------------------
Time: 2025-06-21 02:52:58
Title: ירי רקטות וטילים -  האירוע הסתיים
Location: ניר דוד
Oref Category: 13
Status: ended
Threat Type: rocket
----------------------------------------
Time: 2025-06-21 02:52:58
Title: ירי רקטות וטילים -  האירוע הסתיים
Location: עין הנצי''ב
Oref Category: 13
Status: ended
Threat Type: rocket
----------------------------------------
Time: 2025-06-21 02:52:58
Title: ירי רקטות וטילים -  האירוע הסתיים
Location: רחוב
Oref Category: 13
Status: ended
Threat Type: rocket
----------------------------------------
Time: 2025-06-21 02:52:58
Title: ירי רקטות וטילים -  האירוע הסתיים
Location: רשפים
Oref Category: 13
Status: ended
Threat Type: rocket
----------------------------------------
Time: 2025-06-21 02:52:58
Title: ירי רקטות וטילים -  האירוע הסתיים
Location: שדה אליהו
Oref Category: 13
Status: ended
Threat Type: rocket
----------------------------------------
Time: 2025-06-21 02:52:58
Title: ירי רקטות וטילים -  האירוע הסתיים
Location: שדה נחום
Oref Category: 13
Status: ended
Threat Type: rocket
----------------------------------------
Time: 2025-06-21 02:52:58
Title: ירי רקטות וטילים -  האירוע הסתיים
Location: שדי תרומות
Oref Category: 13
Status: ended
Threat Type: rocket
----------------------------------------
Time: 2025-06-21 02:52:58
Title: ירי רקטות וטילים -  האירוע הסתיים
Location: שלוחות
Oref Category: 13
Status: ended
Threat Type: rocket
----------------------------------------
Time: 2025-06-21 02:52:58
Title: ירי רקטות וטילים -  האירוע הסתיים
Location: תל תאומים
Oref Category: 13
Status: ended
Threat Type: rocket
----------------------------------------
Time: 2025-06-21 02:52:58
Title: ירי רקטות וטילים -  האירוע הסתיים
Location: אלון
Oref Category: 13
Status: ended
Threat Type: rocket
----------------------------------------
Time: 2025-06-21 02:52:58
Title: ירי רקטות וטילים -  האירוע הסתיים
Location: ארגמן
Oref Category: 13
Status: ended
Threat Type: rocket
----------------------------------------
Time: 2025-06-21 02:52:58
Title: ירי רקטות וטילים -  האירוע הסתיים
Location: בקעות
Oref Category: 13
Status: ended
Threat Type: rocket
----------------------------------------
Time: 2025-06-21 02:52:58
Title: ירי רקטות וטילים -  האירוע הסתיים
Location: גבע בנימין
Oref Category: 13
Status: ended
Threat Type: rocket
----------------------------------------
Time: 2025-06-21 02:52:58
Title: ירי רקטות וטילים -  האירוע הסתיים
Location: גיתית
Oref Category: 13
Status: ended
Threat Type: rocket
----------------------------------------
Time: 2025-06-21 02:52:58
Title: ירי רקטות וטילים -  האירוע הסתיים
Location: גלגל
Oref Category: 13
Status: ended
Threat Type: rocket
----------------------------------------
Time: 2025-06-21 02:52:58
Title: ירי רקטות וטילים -  האירוע הסתיים
Location: גני חוגה
Oref Category: 13
Status: ended
Threat Type: rocket
----------------------------------------
Time: 2025-06-21 02:52:58
Title: ירי רקטות וטילים -  האירוע הסתיים
Location: חמדת
Oref Category: 13
Status: ended
Threat Type: rocket
----------------------------------------
Time: 2025-06-21 02:52:58
Title: ירי רקטות וטילים -  האירוע הסתיים
Location: חמרה
Oref Category: 13
Status: ended
Threat Type: rocket
----------------------------------------
Time: 2025-06-21 02:52:58
Title: ירי רקטות וטילים -  האירוע הסתיים
Location: ייט''ב
Oref Category: 13
Status: ended
Threat Type: rocket
----------------------------------------
Time: 2025-06-21 02:52:58
Title: ירי רקטות וטילים -  האירוע הסתיים
Location: יפית
Oref Category: 13
Status: ended
Threat Type: rocket
----------------------------------------
Time: 2025-06-21 02:52:58
Title: ירי רקטות וטילים -  האירוע הסתיים
Location: כוכב השחר
Oref Category: 13
Status: ended
Threat Type: rocket
----------------------------------------
Time: 2025-06-21 02:52:58
Title: ירי רקטות וטילים -  האירוע הסתיים
Location: כפר אדומים
Oref Category: 13
Status: ended
Threat Type: rocket
----------------------------------------
Time: 2025-06-21 02:52:58
Title: ירי רקטות וטילים -  האירוע הסתיים
Location: מבואות יריחו
Oref Category: 13
Status: ended
Threat Type: rocket
----------------------------------------
Time: 2025-06-21 02:52:58
Title: ירי רקטות וטילים -  האירוע הסתיים
Location: מחולה
Oref Category: 13
Status: ended
Threat Type: rocket
----------------------------------------
Time: 2025-06-21 02:52:58
Title: ירי רקטות וטילים -  האירוע הסתיים
Location: מכורה
Oref Category: 13
Status: ended
Threat Type: rocket
----------------------------------------
Time: 2025-06-21 02:52:58
Title: ירי רקטות וטילים -  האירוע הסתיים
Location: מעלה אפרים
Oref Category: 13
Status: ended
Threat Type: rocket
----------------------------------------
Time: 2025-06-21 02:52:58
Title: ירי רקטות וטילים -  האירוע הסתיים
Location: מעלה מכמש
Oref Category: 13
Status: ended
Threat Type: rocket
----------------------------------------
Time: 2025-06-21 02:52:58
Title: ירי רקטות וטילים -  האירוע הסתיים
Location: מצפה יריחו
Oref Category: 13
Status: ended
Threat Type: rocket
----------------------------------------
Time: 2025-06-21 02:52:58
Title: ירי רקטות וטילים -  האירוע הסתיים
Location: משואה
Oref Category: 13
Status: ended
Threat Type: rocket
----------------------------------------
Time: 2025-06-21 02:52:58
Title: ירי רקטות וטילים -  האירוע הסתיים
Location: משכיות
Oref Category: 13
Status: ended
Threat Type: rocket
----------------------------------------
Time: 2025-06-21 02:52:58
Title: ירי רקטות וטילים -  האירוע הסתיים
Location: נעמה
Oref Category: 13
Status: ended
Threat Type: rocket
----------------------------------------
Time: 2025-06-21 02:52:58
Title: ירי רקטות וטילים -  האירוע הסתיים
Location: נערן
Oref Category: 13
Status: ended
Threat Type: rocket
----------------------------------------
Time: 2025-06-21 02:52:58
Title: ירי רקטות וטילים -  האירוע הסתיים
Location: נתיב הגדוד
Oref Category: 13
Status: ended
Threat Type: rocket
----------------------------------------
Time: 2025-06-21 02:52:58
Title: ירי רקטות וטילים -  האירוע הסתיים
Location: עדי עד
Oref Category: 13
Status: ended
Threat Type: rocket
----------------------------------------
Time: 2025-06-21 02:52:58
Title: ירי רקטות וטילים -  האירוע הסתיים
Location: עלמון
Oref Category: 13
Status: ended
Threat Type: rocket
----------------------------------------
Time: 2025-06-21 02:52:58
Title: ירי רקטות וטילים -  האירוע הסתיים
Location: פצאל
Oref Category: 13
Status: ended
Threat Type: rocket
----------------------------------------
Time: 2025-06-21 02:52:58
Title: ירי רקטות וטילים -  האירוע הסתיים
Location: קידה
Oref Category: 13
Status: ended
Threat Type: rocket
----------------------------------------
Time: 2025-06-21 02:52:58
Title: ירי רקטות וטילים -  האירוע הסתיים
Location: רועי
Oref Category: 13
Status: ended
Threat Type: rocket
----------------------------------------
Time: 2025-06-21 02:52:58
Title: ירי רקטות וטילים -  האירוע הסתיים
Location: רותם
Oref Category: 13
Status: ended
Threat Type: rocket
----------------------------------------
Time: 2025-06-21 02:52:58
Title: ירי רקטות וטילים -  האירוע הסתיים
Location: רימונים
Oref Category: 13
Status: ended
Threat Type: rocket
----------------------------------------
Time: 2025-06-21 02:52:58
Title: ירי רקטות וטילים -  האירוע הסתיים
Location: שדמות מחולה
Oref Category: 13
Status: ended
Threat Type: rocket
----------------------------------------
Time: 2025-06-21 02:52:58
Title: ירי רקטות וטילים -  האירוע הסתיים
Location: שלפים
Oref Category: 13
Status: ended
Threat Type: rocket
----------------------------------------
Time: 2025-06-21 02:52:58
Title: ירי רקטות וטילים -  האירוע הסתיים
Location: תומר
Oref Category: 13
Status: ended
Threat Type: rocket
----------------------------------------
Time: 2025-06-21 02:52:58
Title: ירי רקטות וטילים -  האירוע הסתיים
Location: נופי פרת
Oref Category: 13
Status: ended
Threat Type: rocket
----------------------------------------
Time: 2025-06-21 02:52:58
Title: ירי רקטות וטילים -  האירוע הסתיים
Location: רוויה
Oref Category: 13
Status: ended
Threat Type: rocket
----------------------------------------
Time: 2025-06-21 02:52:58
Title: ירי רקטות וטילים -  האירוע הסתיים
Location: ירושלים - אזור תעשייה עטרות
Oref Category: 13
Status: ended
Threat Type: rocket
----------------------------------------
Time: 2025-06-21 02:52:58
Title: ירי רקטות וטילים -  האירוע הסתיים
Location: ירושלים - דרום
Oref Category: 13
Status: ended
Threat Type: rocket
----------------------------------------
Time: 2025-06-21 02:52:58
Title: ירי רקטות וטילים -  האירוע הסתיים
Location: ירושלים - כפר עקב
Oref Category: 13
Status: ended
Threat Type: rocket
----------------------------------------
Time: 2025-06-21 02:52:58
Title: ירי רקטות וטילים -  האירוע הסתיים
Location: ירושלים - מזרח
Oref Category: 13
Status: ended
Threat Type: rocket
----------------------------------------
Time: 2025-06-21 02:52:58
Title: ירי רקטות וטילים -  האירוע הסתיים
Location: ירושלים - מערב
Oref Category: 13
Status: ended
Threat Type: rocket
----------------------------------------
Time: 2025-06-21 02:52:58
Title: ירי רקטות וטילים -  האירוע הסתיים
Location: ירושלים - מרכז
Oref Category: 13
Status: ended
Threat Type: rocket
----------------------------------------
Time: 2025-06-21 02:52:58
Title: ירי רקטות וטילים -  האירוע הסתיים
Location: ירושלים - צפון
Oref Category: 13
Status: ended
Threat Type: rocket
----------------------------------------
Time: 2025-06-21 02:52:58
Title: ירי רקטות וטילים -  האירוע הסתיים
Location: בית זית
Oref Category: 13
Status: ended
Threat Type: rocket
----------------------------------------
Time: 2025-06-21 02:52:58
Title: ירי רקטות וטילים -  האירוע הסתיים
Location: בית נקופה
Oref Category: 13
Status: ended
Threat Type: rocket
----------------------------------------
Time: 2025-06-21 02:52:58
Title: ירי רקטות וטילים -  האירוע הסתיים
Location: הר אדר
Oref Category: 13
Status: ended
Threat Type: rocket
----------------------------------------
Time: 2025-06-21 02:52:58
Title: ירי רקטות וטילים -  האירוע הסתיים
Location: מבשרת ציון
Oref Category: 13
Status: ended
Threat Type: rocket
----------------------------------------
Time: 2025-06-21 02:52:58
Title: ירי רקטות וטילים -  האירוע הסתיים
Location: מוצא עילית
Oref Category: 13
Status: ended
Threat Type: rocket
----------------------------------------
Time: 2025-06-21 02:52:58
Title: ירי רקטות וטילים -  האירוע הסתיים
Location: מעלה החמישה
Oref Category: 13
Status: ended
Threat Type: rocket
----------------------------------------
Time: 2025-06-21 02:52:58
Title: ירי רקטות וטילים -  האירוע הסתיים
Location: פנימיית עין כרם
Oref Category: 13
Status: ended
Threat Type: rocket
----------------------------------------
Time: 2025-06-21 02:52:58
Title: ירי רקטות וטילים -  האירוע הסתיים
Location: צובה
Oref Category: 13
Status: ended
Threat Type: rocket
----------------------------------------
Time: 2025-06-21 02:52:58
Title: ירי רקטות וטילים -  האירוע הסתיים
Location: קריית ענבים
Oref Category: 13
Status: ended
Threat Type: rocket
----------------------------------------
Time: 2025-06-21 02:52:58
Title: ירי רקטות וטילים -  האירוע הסתיים
Location: אבן ספיר
Oref Category: 13
Status: ended
Threat Type: rocket
----------------------------------------
Time: 2025-06-21 02:52:58
Title: ירי רקטות וטילים -  האירוע הסתיים
Location: אורה
Oref Category: 13
Status: ended
Threat Type: rocket
----------------------------------------
Time: 2025-06-21 02:52:58
Title: ירי רקטות וטילים -  האירוע הסתיים
Location: מבוא ביתר
Oref Category: 13
Status: ended
Threat Type: rocket
----------------------------------------
Time: 2025-06-21 02:52:58
Title: ירי רקטות וטילים -  האירוע הסתיים
Location: עמינדב
Oref Category: 13
Status: ended
Threat Type: rocket
----------------------------------------
Time: 2025-06-21 02:52:58
Title: ירי רקטות וטילים -  האירוע הסתיים
Location: צור הדסה
Oref Category: 13
Status: ended
Threat Type: rocket
----------------------------------------
Time: 2025-06-21 02:52:58
Title: ירי רקטות וטילים -  האירוע הסתיים
Location: כפר מנחם
Oref Category: 13
Status: ended
Threat Type: rocket
----------------------------------------
Time: 2025-06-21 02:52:58
Title: ירי רקטות וטילים -  האירוע הסתיים
Location: אמציה
Oref Category: 13
Status: ended
Threat Type: rocket
----------------------------------------
Time: 2025-06-21 02:52:58
Title: ירי רקטות וטילים -  האירוע הסתיים
Location: בית גוברין
Oref Category: 13
Status: ended
Threat Type: rocket
----------------------------------------
Time: 2025-06-21 02:52:58
Title: ירי רקטות וטילים -  האירוע הסתיים
Location: בית ניר
Oref Category: 13
Status: ended
Threat Type: rocket
----------------------------------------
Time: 2025-06-21 02:52:58
Title: ירי רקטות וטילים -  האירוע הסתיים
Location: בני דקלים
Oref Category: 13
Status: ended
Threat Type: rocket
----------------------------------------
Time: 2025-06-21 02:52:58
Title: ירי רקטות וטילים -  האירוע הסתיים
Location: גלאון
Oref Category: 13
Status: ended
Threat Type: rocket
----------------------------------------
Time: 2025-06-21 02:52:58
Title: ירי רקטות וטילים -  האירוע הסתיים
Location: גפן
Oref Category: 13
Status: ended
Threat Type: rocket
----------------------------------------
Time: 2025-06-21 02:52:58
Title: ירי רקטות וטילים -  האירוע הסתיים
Location: זכריה
Oref Category: 13
Status: ended
Threat Type: rocket
----------------------------------------
Time: 2025-06-21 02:52:58
Title: ירי רקטות וטילים -  האירוע הסתיים
Location: כפר זוהרים
Oref Category: 13
Status: ended
Threat Type: rocket
----------------------------------------
Time: 2025-06-21 02:52:58
Title: ירי רקטות וטילים -  האירוע הסתיים
Location: כרמי קטיף
Oref Category: 13
Status: ended
Threat Type: rocket
----------------------------------------
Time: 2025-06-21 02:52:58
Title: ירי רקטות וטילים -  האירוע הסתיים
Location: לוזית
Oref Category: 13
Status: ended
Threat Type: rocket
----------------------------------------
Time: 2025-06-21 02:52:58
Title: ירי רקטות וטילים -  האירוע הסתיים
Location: נחושה
Oref Category: 13
Status: ended
Threat Type: rocket
----------------------------------------
Time: 2025-06-21 02:52:58
Title: ירי רקטות וטילים -  האירוע הסתיים
Location: נטע
Oref Category: 13
Status: ended
Threat Type: rocket
----------------------------------------
Time: 2025-06-21 02:52:58
Title: ירי רקטות וטילים -  האירוע הסתיים
Location: עגור
Oref Category: 13
Status: ended
Threat Type: rocket
----------------------------------------
Time: 2025-06-21 02:52:58
Title: ירי רקטות וטילים -  האירוע הסתיים
Location: צפרירים
Oref Category: 13
Status: ended
Threat Type: rocket
----------------------------------------
Time: 2025-06-21 02:52:58
Title: ירי רקטות וטילים -  האירוע הסתיים
Location: שדות מיכה
Oref Category: 13
Status: ended
Threat Type: rocket
----------------------------------------
Time: 2025-06-21 02:52:58
Title: ירי רקטות וטילים -  האירוע הסתיים
Location: שומריה
Oref Category: 13
Status: ended
Threat Type: rocket
----------------------------------------
Time: 2025-06-21 02:52:58
Title: ירי רקטות וטילים -  האירוע הסתיים
Location: שקף
Oref Category: 13
Status: ended
Threat Type: rocket
----------------------------------------
Time: 2025-06-21 02:52:58
Title: ירי רקטות וטילים -  האירוע הסתיים
Location: שריגים - לי-און
Oref Category: 13
Status: ended
Threat Type: rocket
----------------------------------------
Time: 2025-06-21 02:52:58
Title: ירי רקטות וטילים -  האירוע הסתיים
Location: תירוש
Oref Category: 13
Status: ended
Threat Type: rocket
----------------------------------------
Time: 2025-06-21 02:52:58
Title: ירי רקטות וטילים -  האירוע הסתיים
Location: אליאב
Oref Category: 13
Status: ended
Threat Type: rocket
----------------------------------------
Time: 2025-06-21 02:52:58
Title: ירי רקטות וטילים -  האירוע הסתיים
Location: גבעת ישעיהו
Oref Category: 13
Status: ended
Threat Type: rocket
----------------------------------------
Time: 2025-06-21 02:52:58
Title: ירי רקטות וטילים -  האירוע הסתיים
Location: צומת האלה
Oref Category: 13
Status: ended
Threat Type: rocket
----------------------------------------
Time: 2025-06-21 02:52:58
Title: ירי רקטות וטילים -  האירוע הסתיים
Location: טייבה בגלבוע
Oref Category: 13
Status: ended
Threat Type: rocket
----------------------------------------
Time: 2025-06-21 02:52:58
Title: ירי רקטות וטילים -  האירוע הסתיים
Location: מנחמיה
Oref Category: 13
Status: ended
Threat Type: rocket
----------------------------------------
Time: 2025-06-21 02:52:56
Title: ירי רקטות וטילים -  האירוע הסתיים
Location: אושה
Oref Category: 13
Status: ended
Threat Type: rocket
----------------------------------------
Time: 2025-06-21 02:52:56
Title: ירי רקטות וטילים -  האירוע הסתיים
Location: חיפה - כרמל, הדר ועיר תחתית
Oref Category: 13
Status: ended
Threat Type: rocket
----------------------------------------
Time: 2025-06-21 02:52:56
Title: ירי רקטות וטילים -  האירוע הסתיים
Location: חיפה - מערב
Oref Category: 13
Status: ended
Threat Type: rocket
----------------------------------------
Time: 2025-06-21 02:52:56
Title: ירי רקטות וטילים -  האירוע הסתיים
Location: חיפה - מפרץ
Oref Category: 13
Status: ended
Threat Type: rocket
----------------------------------------
Time: 2025-06-21 02:52:56
Title: ירי רקטות וטילים -  האירוע הסתיים
Location: חיפה - נווה שאנן ורמות כרמל
Oref Category: 13
Status: ended
Threat Type: rocket
----------------------------------------
Time: 2025-06-21 02:52:56
Title: ירי רקטות וטילים -  האירוע הסתיים
Location: חיפה - קריית חיים ושמואל
Oref Category: 13
Status: ended
Threat Type: rocket
----------------------------------------
Time: 2025-06-21 02:52:56
Title: ירי רקטות וטילים -  האירוע הסתיים
Location: כפר ביאליק
Oref Category: 13
Status: ended
Threat Type: rocket
----------------------------------------
Time: 2025-06-21 02:52:56
Title: ירי רקטות וטילים -  האירוע הסתיים
Location: כפר המכבי
Oref Category: 13
Status: ended
Threat Type: rocket
----------------------------------------
Time: 2025-06-21 02:52:56
Title: ירי רקטות וטילים -  האירוע הסתיים
Location: קריית אתא
Oref Category: 13
Status: ended
Threat Type: rocket
----------------------------------------
Time: 2025-06-21 02:52:56
Title: ירי רקטות וטילים -  האירוע הסתיים
Location: קריית ביאליק
Oref Category: 13
Status: ended
Threat Type: rocket
----------------------------------------
Time: 2025-06-21 02:52:56
Title: ירי רקטות וטילים -  האירוע הסתיים
Location: קריית ים
Oref Category: 13
Status: ended
Threat Type: rocket
----------------------------------------
Time: 2025-06-21 02:52:56
Title: ירי רקטות וטילים -  האירוע הסתיים
Location: קריית מוצקין
Oref Category: 13
Status: ended
Threat Type: rocket
----------------------------------------
Time: 2025-06-21 02:52:56
Title: ירי רקטות וטילים -  האירוע הסתיים
Location: רמת יוחנן
Oref Category: 13
Status: ended
Threat Type: rocket
----------------------------------------
Time: 2025-06-21 02:52:56
Title: ירי רקטות וטילים -  האירוע הסתיים
Location: אזור תעשייה קריית ביאליק
Oref Category: 13
Status: ended
Threat Type: rocket
----------------------------------------
Time: 2025-06-21 02:52:56
Title: ירי רקטות וטילים -  האירוע הסתיים
Location: חדרה - מזרח
Oref Category: 13
Status: ended
Threat Type: rocket
----------------------------------------
Time: 2025-06-21 02:52:56
Title: ירי רקטות וטילים -  האירוע הסתיים
Location: חדרה - מערב
Oref Category: 13
Status: ended
Threat Type: rocket
----------------------------------------
Time: 2025-06-21 02:52:56
Title: ירי רקטות וטילים -  האירוע הסתיים
Location: חדרה - מרכז
Oref Category: 13
Status: ended
Threat Type: rocket
----------------------------------------
Time: 2025-06-21 02:52:56
Title: ירי רקטות וטילים -  האירוע הסתיים
Location: חדרה - נווה חיים
Oref Category: 13
Status: ended
Threat Type: rocket
----------------------------------------
Time: 2025-06-21 02:52:56
Title: ירי רקטות וטילים -  האירוע הסתיים
Location: נשר
Oref Category: 13
Status: ended
Threat Type: rocket
----------------------------------------
Time: 2025-06-21 02:52:56
Title: ירי רקטות וטילים -  האירוע הסתיים
Location: אביאל
Oref Category: 13
Status: ended
Threat Type: rocket
----------------------------------------
Time: 2025-06-21 02:52:56
Title: ירי רקטות וטילים -  האירוע הסתיים
Location: אור עקיבא
Oref Category: 13
Status: ended
Threat Type: rocket
----------------------------------------
Time: 2025-06-21 02:52:56
Title: ירי רקטות וטילים -  האירוע הסתיים
Location: אזור תעשייה יקנעם עילית
Oref Category: 13
Status: ended
Threat Type: rocket
----------------------------------------
Time: 2025-06-21 02:52:56
Title: ירי רקטות וטילים -  האירוע הסתיים
Location: אזור תעשייה מבוא כרמל
Oref Category: 13
Status: ended
Threat Type: rocket
----------------------------------------
Time: 2025-06-21 02:52:56
Title: ירי רקטות וטילים -  האירוע הסתיים
Location: אזור תעשייה קיסריה
Oref Category: 13
Status: ended
Threat Type: rocket
----------------------------------------
Time: 2025-06-21 02:52:56
Title: ירי רקטות וטילים -  האירוע הסתיים
Location: איבטין
Oref Category: 13
Status: ended
Threat Type: rocket
----------------------------------------
Time: 2025-06-21 02:52:56
Title: ירי רקטות וטילים -  האירוע הסתיים
Location: אלוני יצחק
Oref Category: 13
Status: ended
Threat Type: rocket
----------------------------------------
Time: 2025-06-21 02:52:56
Title: ירי רקטות וטילים -  האירוע הסתיים
Location: אליקים
Oref Category: 13
Status: ended
Threat Type: rocket
----------------------------------------
Time: 2025-06-21 02:52:56
Title: ירי רקטות וטילים -  האירוע הסתיים
Location: באקה אל גרבייה
Oref Category: 13
Status: ended
Threat Type: rocket
----------------------------------------
Time: 2025-06-21 02:52:56
Title: ירי רקטות וטילים -  האירוע הסתיים
Location: בית אורן
Oref Category: 13
Status: ended
Threat Type: rocket
----------------------------------------
Time: 2025-06-21 02:52:56
Title: ירי רקטות וטילים -  האירוע הסתיים
Location: בית חנניה
Oref Category: 13
Status: ended
Threat Type: rocket
----------------------------------------
Time: 2025-06-21 02:52:56
Title: ירי רקטות וטילים -  האירוע הסתיים
Location: בנימינה
Oref Category: 13
Status: ended
Threat Type: rocket
----------------------------------------
Time: 2025-06-21 02:52:56
Title: ירי רקטות וטילים -  האירוע הסתיים
Location: ג'סר א-זרקא
Oref Category: 13
Status: ended
Threat Type: rocket
----------------------------------------
Time: 2025-06-21 02:52:56
Title: ירי רקטות וטילים -  האירוע הסתיים
Location: ג'ת
Oref Category: 13
Status: ended
Threat Type: rocket
----------------------------------------
Time: 2025-06-21 02:52:56
Title: ירי רקטות וטילים -  האירוע הסתיים
Location: גבעת וולפסון
Oref Category: 13
Status: ended
Threat Type: rocket
----------------------------------------
Time: 2025-06-21 02:52:56
Title: ירי רקטות וטילים -  האירוע הסתיים
Location: גבעת ניל''י
Oref Category: 13
Status: ended
Threat Type: rocket
----------------------------------------
Time: 2025-06-21 02:52:56
Title: ירי רקטות וטילים -  האירוע הסתיים
Location: גבעת עדה
Oref Category: 13
Status: ended
Threat Type: rocket
----------------------------------------
Time: 2025-06-21 02:52:56
Title: ירי רקטות וטילים -  האירוע הסתיים
Location: גלעד
Oref Category: 13
Status: ended
Threat Type: rocket
----------------------------------------
Time: 2025-06-21 02:52:56
Title: ירי רקטות וטילים -  האירוע הסתיים
Location: גן השומרון
Oref Category: 13
Status: ended
Threat Type: rocket
----------------------------------------
Time: 2025-06-21 02:52:56
Title: ירי רקטות וטילים -  האירוע הסתיים
Location: גן שמואל
Oref Category: 13
Status: ended
Threat Type: rocket
----------------------------------------
Time: 2025-06-21 02:52:56
Title: ירי רקטות וטילים -  האירוע הסתיים
Location: דליה
Oref Category: 13
Status: ended
Threat Type: rocket
----------------------------------------
Time: 2025-06-21 02:52:56
Title: ירי רקטות וטילים -  האירוע הסתיים
Location: דלית אל כרמל
Oref Category: 13
Status: ended
Threat Type: rocket
----------------------------------------
Time: 2025-06-21 02:52:56
Title: ירי רקטות וטילים -  האירוע הסתיים
Location: החותרים
Oref Category: 13
Status: ended
Threat Type: rocket
----------------------------------------
Time: 2025-06-21 02:52:56
Title: ירי רקטות וטילים -  האירוע הסתיים
Location: זכרון יעקב
Oref Category: 13
Status: ended
Threat Type: rocket
----------------------------------------
Time: 2025-06-21 02:52:56
Title: ירי רקטות וטילים -  האירוע הסתיים
Location: טירת כרמל
Oref Category: 13
Status: ended
Threat Type: rocket
----------------------------------------
Time: 2025-06-21 02:52:56
Title: ירי רקטות וטילים -  האירוע הסתיים
Location: יגור
Oref Category: 13
Status: ended
Threat Type: rocket
----------------------------------------
Time: 2025-06-21 02:52:56
Title: ירי רקטות וטילים -  האירוע הסתיים
Location: יקנעם המושבה והזורע
Oref Category: 13
Status: ended
Threat Type: rocket
----------------------------------------
Time: 2025-06-21 02:52:56
Title: ירי רקטות וטילים -  האירוע הסתיים
Location: יקנעם עילית
Oref Category: 13
Status: ended
Threat Type: rocket
----------------------------------------
Time: 2025-06-21 02:52:56
Title: ירי רקטות וטילים -  האירוע הסתיים
Location: כפר גלים
Oref Category: 13
Status: ended
Threat Type: rocket
----------------------------------------
Time: 2025-06-21 02:52:56
Title: ירי רקטות וטילים -  האירוע הסתיים
Location: כפר גליקסון
Oref Category: 13
Status: ended
Threat Type: rocket
----------------------------------------
Time: 2025-06-21 02:52:56
Title: ירי רקטות וטילים -  האירוע הסתיים
Location: כפר חסידים
Oref Category: 13
Status: ended
Threat Type: rocket
----------------------------------------
Time: 2025-06-21 02:52:56
Title: ירי רקטות וטילים -  האירוע הסתיים
Location: כפר פינס
Oref Category: 13
Status: ended
Threat Type: rocket
----------------------------------------
Time: 2025-06-21 02:52:56
Title: ירי רקטות וטילים -  האירוע הסתיים
Location: להבות חביבה
Oref Category: 13
Status: ended
Threat Type: rocket
----------------------------------------
Time: 2025-06-21 02:52:56
Title: ירי רקטות וטילים -  האירוע הסתיים
Location: מגל
Oref Category: 13
Status: ended
Threat Type: rocket
----------------------------------------
Time: 2025-06-21 02:52:56
Title: ירי רקטות וטילים -  האירוע הסתיים
Location: מדרך עוז
Oref Category: 13
Status: ended
Threat Type: rocket
----------------------------------------
Time: 2025-06-21 02:52:56
Title: ירי רקטות וטילים -  האירוע הסתיים
Location: מייסר
Oref Category: 13
Status: ended
Threat Type: rocket
----------------------------------------
Time: 2025-06-21 02:52:56
Title: ירי רקטות וטילים -  האירוע הסתיים
Location: מעגן מיכאל
Oref Category: 13
Status: ended
Threat Type: rocket
----------------------------------------
Time: 2025-06-21 02:52:56
Title: ירי רקטות וטילים -  האירוע הסתיים
Location: מעיין צבי
Oref Category: 13
Status: ended
Threat Type: rocket
----------------------------------------
Time: 2025-06-21 02:52:56
Title: ירי רקטות וטילים -  האירוע הסתיים
Location: מצר
Oref Category: 13
Status: ended
Threat Type: rocket
----------------------------------------
Time: 2025-06-21 02:52:56
Title: ירי רקטות וטילים -  האירוע הסתיים
Location: משמר העמק
Oref Category: 13
Status: ended
Threat Type: rocket
----------------------------------------
Time: 2025-06-21 02:52:56
Title: ירי רקטות וטילים -  האירוע הסתיים
Location: משמרות
Oref Category: 13
Status: ended
Threat Type: rocket
----------------------------------------
Time: 2025-06-21 02:52:56
Title: ירי רקטות וטילים -  האירוע הסתיים
Location: עין העמק
Oref Category: 13
Status: ended
Threat Type: rocket
----------------------------------------
Time: 2025-06-21 02:52:56
Title: ירי רקטות וטילים -  האירוע הסתיים
Location: עין השופט
Oref Category: 13
Status: ended
Threat Type: rocket
----------------------------------------
Time: 2025-06-21 02:52:56
Title: ירי רקטות וטילים -  האירוע הסתיים
Location: עין עירון
Oref Category: 13
Status: ended
Threat Type: rocket
----------------------------------------
Time: 2025-06-21 02:52:56
Title: ירי רקטות וטילים -  האירוע הסתיים
Location: עין שמר
Oref Category: 13
Status: ended
Threat Type: rocket
----------------------------------------
Time: 2025-06-21 02:52:56
Title: ירי רקטות וטילים -  האירוע הסתיים
Location: עמיקם
Oref Category: 13
Status: ended
Threat Type: rocket
----------------------------------------
Time: 2025-06-21 02:52:56
Title: ירי רקטות וטילים -  האירוע הסתיים
Location: עספיא
Oref Category: 13
Status: ended
Threat Type: rocket
----------------------------------------
Time: 2025-06-21 02:52:56
Title: ירי רקטות וטילים -  האירוע הסתיים
Location: פרדס חנה כרכור
Oref Category: 13
Status: ended
Threat Type: rocket
----------------------------------------
Time: 2025-06-21 02:52:56
Title: ירי רקטות וטילים -  האירוע הסתיים
Location: קיבוץ מגידו
Oref Category: 13
Status: ended
Threat Type: rocket
----------------------------------------
Time: 2025-06-21 02:52:56
Title: ירי רקטות וטילים -  האירוע הסתיים
Location: קיסריה
Oref Category: 13
Status: ended
Threat Type: rocket
----------------------------------------
Time: 2025-06-21 02:52:56
Title: ירי רקטות וטילים -  האירוע הסתיים
Location: רגבים
Oref Category: 13
Status: ended
Threat Type: rocket
----------------------------------------
Time: 2025-06-21 02:52:56
Title: ירי רקטות וטילים -  האירוע הסתיים
Location: רכסים
Oref Category: 13
Status: ended
Threat Type: rocket
----------------------------------------
Time: 2025-06-21 02:52:56
Title: ירי רקטות וטילים -  האירוע הסתיים
Location: רמות מנשה
Oref Category: 13
Status: ended
Threat Type: rocket
----------------------------------------
Time: 2025-06-21 02:52:56
Title: ירי רקטות וטילים -  האירוע הסתיים
Location: רמת השופט
Oref Category: 13
Status: ended
Threat Type: rocket
----------------------------------------
Time: 2025-06-21 02:52:56
Title: ירי רקטות וטילים -  האירוע הסתיים
Location: שדות ים
Oref Category: 13
Status: ended
Threat Type: rocket
----------------------------------------
Time: 2025-06-21 02:52:56
Title: ירי רקטות וטילים -  האירוע הסתיים
Location: אום אל פחם
Oref Category: 13
Status: ended
Threat Type: rocket
----------------------------------------
Time: 2025-06-21 02:52:56
Title: ירי רקטות וטילים -  האירוע הסתיים
Location: אום אל קוטוף
Oref Category: 13
Status: ended
Threat Type: rocket
----------------------------------------
Time: 2025-06-21 02:52:56
Title: ירי רקטות וטילים -  האירוע הסתיים
Location: אזור תעשייה ניר עציון
Oref Category: 13
Status: ended
Threat Type: rocket
----------------------------------------
Time: 2025-06-21 02:52:56
Title: ירי רקטות וטילים -  האירוע הסתיים
Location: אל עריאן
Oref Category: 13
Status: ended
Threat Type: rocket
----------------------------------------
Time: 2025-06-21 02:52:56
Title: ירי רקטות וטילים -  האירוע הסתיים
Location: בית סוהר קישון
Oref Category: 13
Status: ended
Threat Type: rocket
----------------------------------------
Time: 2025-06-21 02:52:56
Title: ירי רקטות וטילים -  האירוע הסתיים
Location: בית צבי
Oref Category: 13
Status: ended
Threat Type: rocket
----------------------------------------
Time: 2025-06-21 02:52:56
Title: ירי רקטות וטילים -  האירוע הסתיים
Location: ברטעה
Oref Category: 13
Status: ended
Threat Type: rocket
----------------------------------------
Time: 2025-06-21 02:52:56
Title: ירי רקטות וטילים -  האירוע הסתיים
Location: ברקאי
Oref Category: 13
Status: ended
Threat Type: rocket
----------------------------------------
Time: 2025-06-21 02:52:56
Title: ירי רקטות וטילים -  האירוע הסתיים
Location: בת שלמה
Oref Category: 13
Status: ended
Threat Type: rocket
----------------------------------------
Time: 2025-06-21 02:52:56
Title: ירי רקטות וטילים -  האירוע הסתיים
Location: גבע כרמל
Oref Category: 13
Status: ended
Threat Type: rocket
----------------------------------------
Time: 2025-06-21 02:52:56
Title: ירי רקטות וטילים -  האירוע הסתיים
Location: גבעת חביבה
Oref Category: 13
Status: ended
Threat Type: rocket
----------------------------------------
Time: 2025-06-21 02:52:56
Title: ירי רקטות וטילים -  האירוע הסתיים
Location: גבעת עוז
Oref Category: 13
Status: ended
Threat Type: rocket
----------------------------------------
Time: 2025-06-21 02:52:56
Title: ירי רקטות וטילים -  האירוע הסתיים
Location: דור
Oref Category: 13
Status: ended
Threat Type: rocket
----------------------------------------
Time: 2025-06-21 02:52:56
Title: ירי רקטות וטילים -  האירוע הסתיים
Location: הבונים
Oref Category: 13
Status: ended
Threat Type: rocket
----------------------------------------
Time: 2025-06-21 02:52:56
Title: ירי רקטות וטילים -  האירוע הסתיים
Location: חריש
Oref Category: 13
Status: ended
Threat Type: rocket
----------------------------------------
Time: 2025-06-21 02:52:56
Title: ירי רקטות וטילים -  האירוע הסתיים
Location: כפר הנוער ימין אורד
Oref Category: 13
Status: ended
Threat Type: rocket
----------------------------------------
Time: 2025-06-21 02:52:56
Title: ירי רקטות וטילים -  האירוע הסתיים
Location: כפר קרע
Oref Category: 13
Status: ended
Threat Type: rocket
----------------------------------------
Time: 2025-06-21 02:52:56
Title: ירי רקטות וטילים -  האירוע הסתיים
Location: כרם מהר''ל
Oref Category: 13
Status: ended
Threat Type: rocket
----------------------------------------
Time: 2025-06-21 02:52:56
Title: ירי רקטות וטילים -  האירוע הסתיים
Location: מאור
Oref Category: 13
Status: ended
Threat Type: rocket
----------------------------------------
Time: 2025-06-21 02:52:56
Title: ירי רקטות וטילים -  האירוע הסתיים
Location: מאיר שפיה
Oref Category: 13
Status: ended
Threat Type: rocket
----------------------------------------
Time: 2025-06-21 02:52:56
Title: ירי רקטות וטילים -  האירוע הסתיים
Location: מגדים
Oref Category: 13
Status: ended
Threat Type: rocket
----------------------------------------
Time: 2025-06-21 02:52:56
Title: ירי רקטות וטילים -  האירוע הסתיים
Location: מועאוויה
Oref Category: 13
Status: ended
Threat Type: rocket
----------------------------------------
Time: 2025-06-21 02:52:56
Title: ירי רקטות וטילים -  האירוע הסתיים
Location: מי עמי
Oref Category: 13
Status: ended
Threat Type: rocket
----------------------------------------
Time: 2025-06-21 02:52:56
Title: ירי רקטות וטילים -  האירוע הסתיים
Location: מעלה עירון
Oref Category: 13
Status: ended
Threat Type: rocket
----------------------------------------
Time: 2025-06-21 02:52:56
Title: ירי רקטות וטילים -  האירוע הסתיים
Location: מענית
Oref Category: 13
Status: ended
Threat Type: rocket
----------------------------------------
Time: 2025-06-21 02:52:56
Title: ירי רקטות וטילים -  האירוע הסתיים
Location: מצפה אילן
Oref Category: 13
Status: ended
Threat Type: rocket
----------------------------------------
Time: 2025-06-21 02:52:56
Title: ירי רקטות וטילים -  האירוע הסתיים
Location: מרכז מיר''ב
Oref Category: 13
Status: ended
Threat Type: rocket
----------------------------------------
Time: 2025-06-21 02:52:56
Title: ירי רקטות וטילים -  האירוע הסתיים
Location: מתחם שביל התפוזים
Oref Category: 13
Status: ended
Threat Type: rocket
----------------------------------------
Time: 2025-06-21 02:52:56
Title: ירי רקטות וטילים -  האירוע הסתיים
Location: נווה ים
Oref Category: 13
Status: ended
Threat Type: rocket
----------------------------------------
Time: 2025-06-21 02:52:56
Title: ירי רקטות וטילים -  האירוע הסתיים
Location: נחשולים
Oref Category: 13
Status: ended
Threat Type: rocket
----------------------------------------
Time: 2025-06-21 02:52:56
Title: ירי רקטות וטילים -  האירוע הסתיים
Location: ניר עציון
Oref Category: 13
Status: ended
Threat Type: rocket
----------------------------------------
Time: 2025-06-21 02:52:56
Title: ירי רקטות וטילים -  האירוע הסתיים
Location: עופר
Oref Category: 13
Status: ended
Threat Type: rocket
----------------------------------------
Time: 2025-06-21 02:52:56
Title: ירי רקטות וטילים -  האירוע הסתיים
Location: עין איילה
Oref Category: 13
Status: ended
Threat Type: rocket
----------------------------------------
Time: 2025-06-21 02:52:56
Title: ירי רקטות וטילים -  האירוע הסתיים
Location: עין אל סהלה
Oref Category: 13
Status: ended
Threat Type: rocket
----------------------------------------
Time: 2025-06-21 02:52:56
Title: ירי רקטות וטילים -  האירוע הסתיים
Location: עין הוד
Oref Category: 13
Status: ended
Threat Type: rocket
----------------------------------------
Time: 2025-06-21 02:52:56
Title: ירי רקטות וטילים -  האירוע הסתיים
Location: עין חוד
Oref Category: 13
Status: ended
Threat Type: rocket
----------------------------------------
Time: 2025-06-21 02:52:56
Title: ירי רקטות וטילים -  האירוע הסתיים
Location: עין כרמל
Oref Category: 13
Status: ended
Threat Type: rocket
----------------------------------------
Time: 2025-06-21 02:52:56
Title: ירי רקטות וטילים -  האירוע הסתיים
Location: ערערה
Oref Category: 13
Status: ended
Threat Type: rocket
----------------------------------------
Time: 2025-06-21 02:52:56
Title: ירי רקטות וטילים -  האירוע הסתיים
Location: עתלית
Oref Category: 13
Status: ended
Threat Type: rocket
----------------------------------------
Time: 2025-06-21 02:52:56
Title: ירי רקטות וטילים -  האירוע הסתיים
Location: פוריידיס
Oref Category: 13
Status: ended
Threat Type: rocket
----------------------------------------
Time: 2025-06-21 02:52:56
Title: ירי רקטות וטילים -  האירוע הסתיים
Location: צומת בנימינה
Oref Category: 13
Status: ended
Threat Type: rocket
----------------------------------------
Time: 2025-06-21 02:52:56
Title: ירי רקטות וטילים -  האירוע הסתיים
Location: צרופה
Oref Category: 13
Status: ended
Threat Type: rocket
----------------------------------------
Time: 2025-06-21 02:52:56
Title: ירי רקטות וטילים -  האירוע הסתיים
Location: שדה יצחק
Oref Category: 13
Status: ended
Threat Type: rocket
----------------------------------------
Time: 2025-06-21 02:52:56
Title: ירי רקטות וטילים -  האירוע הסתיים
Location: שער מנשה
Oref Category: 13
Status: ended
Threat Type: rocket
----------------------------------------
Time: 2025-06-21 02:52:56
Title: ירי רקטות וטילים -  האירוע הסתיים
Location: תלמי אלעזר
Oref Category: 13
Status: ended
Threat Type: rocket
----------------------------------------
Time: 2025-06-21 02:52:56
Title: ירי רקטות וטילים -  האירוע הסתיים
Location: אזור תעשייה רגבים
Oref Category: 13
Status: ended
Threat Type: rocket
----------------------------------------
Time: 2025-06-21 02:52:56
Title: ירי רקטות וטילים -  האירוע הסתיים
Location: בית סוהר מגידו
Oref Category: 13
Status: ended
Threat Type: rocket
----------------------------------------
Time: 2025-06-21 02:52:56
Title: ירי רקטות וטילים -  האירוע הסתיים
Location: בית ספר אורט בנימינה
Oref Category: 13
Status: ended
Threat Type: rocket
----------------------------------------
Time: 2025-06-21 02:52:56
Title: ירי רקטות וטילים -  האירוע הסתיים
Location: בית עלמין תל רגב
Oref Category: 13
Status: ended
Threat Type: rocket
----------------------------------------
Time: 2025-06-21 02:52:56
Title: ירי רקטות וטילים -  האירוע הסתיים
Location: יערות הכרמל
Oref Category: 13
Status: ended
Threat Type: rocket
----------------------------------------
Time: 2025-06-21 02:52:56
Title: ירי רקטות וטילים -  האירוע הסתיים
Location: כלא דמון
Oref Category: 13
Status: ended
Threat Type: rocket
----------------------------------------
Time: 2025-06-21 02:52:56
Title: ירי רקטות וטילים -  האירוע הסתיים
Location: מרכז ימי קיסריה
Oref Category: 13
Status: ended
Threat Type: rocket
----------------------------------------
Time: 2025-06-21 02:52:56
Title: ירי רקטות וטילים -  האירוע הסתיים
Location: קציר
Oref Category: 13
Status: ended
Threat Type: rocket
----------------------------------------
Time: 2025-06-21 02:52:56
Title: ירי רקטות וטילים -  האירוע הסתיים
Location: רמת הנדיב
Oref Category: 13
Status: ended
Threat Type: rocket
----------------------------------------
Time: 2025-06-21 02:52:55
Title: ירי רקטות וטילים -  האירוע הסתיים
Location: מצוק עורבים
Oref Category: 13
Status: ended
Threat Type: rocket
----------------------------------------
Time: 2025-06-21 02:52:55
Title: ירי רקטות וטילים -  האירוע הסתיים
Location: רמת טראמפ
Oref Category: 13
Status: ended
Threat Type: rocket
----------------------------------------
Time: 2025-06-21 02:52:55
Title: ירי רקטות וטילים -  האירוע הסתיים
Location: חמת גדר
Oref Category: 13
Status: ended
Threat Type: rocket
----------------------------------------
Time: 2025-06-21 02:52:55
Title: ירי רקטות וטילים -  האירוע הסתיים
Location: אבני איתן
Oref Category: 13
Status: ended
Threat Type: rocket
----------------------------------------
Time: 2025-06-21 02:52:55
Title: ירי רקטות וטילים -  האירוע הסתיים
Location: אודם
Oref Category: 13
Status: ended
Threat Type: rocket
----------------------------------------
Time: 2025-06-21 02:52:55
Title: ירי רקטות וטילים -  האירוע הסתיים
Location: אורטל
Oref Category: 13
Status: ended
Threat Type: rocket
----------------------------------------
Time: 2025-06-21 02:52:55
Title: ירי רקטות וטילים -  האירוע הסתיים
Location: אל רום
Oref Category: 13
Status: ended
Threat Type: rocket
----------------------------------------
Time: 2025-06-21 02:52:55
Title: ירי רקטות וטילים -  האירוע הסתיים
Location: אלוני הבשן
Oref Category: 13
Status: ended
Threat Type: rocket
----------------------------------------
Time: 2025-06-21 02:52:55
Title: ירי רקטות וטילים -  האירוע הסתיים
Location: אלי עד
Oref Category: 13
Status: ended
Threat Type: rocket
----------------------------------------
Time: 2025-06-21 02:52:55
Title: ירי רקטות וטילים -  האירוע הסתיים
Location: אניעם
Oref Category: 13
Status: ended
Threat Type: rocket
----------------------------------------
Time: 2025-06-21 02:52:55
Title: ירי רקטות וטילים -  האירוע הסתיים
Location: אפיק
Oref Category: 13
Status: ended
Threat Type: rocket
----------------------------------------
Time: 2025-06-21 02:52:55
Title: ירי רקטות וטילים -  האירוע הסתיים
Location: בוקעתא
Oref Category: 13
Status: ended
Threat Type: rocket
----------------------------------------
Time: 2025-06-21 02:52:55
Title: ירי רקטות וטילים -  האירוע הסתיים
Location: בני יהודה וגבעת יואב
Oref Category: 13
Status: ended
Threat Type: rocket
----------------------------------------
Time: 2025-06-21 02:52:55
Title: ירי רקטות וטילים -  האירוע הסתיים
Location: גשור
Oref Category: 13
Status: ended
Threat Type: rocket
----------------------------------------
Time: 2025-06-21 02:52:55
Title: ירי רקטות וטילים -  האירוע הסתיים
Location: האון
Oref Category: 13
Status: ended
Threat Type: rocket
----------------------------------------
Time: 2025-06-21 02:52:55
Title: ירי רקטות וטילים -  האירוע הסתיים
Location: חד נס
Oref Category: 13
Status: ended
Threat Type: rocket
----------------------------------------
Time: 2025-06-21 02:52:55
Title: ירי רקטות וטילים -  האירוע הסתיים
Location: חוף גולן, צאלון
Oref Category: 13
Status: ended
Threat Type: rocket
----------------------------------------
Time: 2025-06-21 02:52:55
Title: ירי רקטות וטילים -  האירוע הסתיים
Location: חוף גופרה
Oref Category: 13
Status: ended
Threat Type: rocket
----------------------------------------
Time: 2025-06-21 02:52:55
Title: ירי רקטות וטילים -  האירוע הסתיים
Location: חוף כורסי, לבנון, חלוקים
Oref Category: 13
Status: ended
Threat Type: rocket
----------------------------------------
Time: 2025-06-21 02:52:55
Title: ירי רקטות וטילים -  האירוע הסתיים
Location: חוף כינר, דוגה, דוגית
Oref Category: 13
Status: ended
Threat Type: rocket
----------------------------------------
Time: 2025-06-21 02:52:55
Title: ירי רקטות וטילים -  האירוע הסתיים
Location: חוף סוסיתא
Oref Category: 13
Status: ended
Threat Type: rocket
----------------------------------------
Time: 2025-06-21 02:52:55
Title: ירי רקטות וטילים -  האירוע הסתיים
Location: חספין
Oref Category: 13
Status: ended
Threat Type: rocket
----------------------------------------
Time: 2025-06-21 02:52:55
Title: ירי רקטות וטילים -  האירוע הסתיים
Location: יונתן
Oref Category: 13
Status: ended
Threat Type: rocket
----------------------------------------
Time: 2025-06-21 02:52:55
Title: ירי רקטות וטילים -  האירוע הסתיים
Location: כנף
Oref Category: 13
Status: ended
Threat Type: rocket
----------------------------------------
Time: 2025-06-21 02:52:55
Title: ירי רקטות וטילים -  האירוע הסתיים
Location: כפר חרוב
Oref Category: 13
Status: ended
Threat Type: rocket
----------------------------------------
Time: 2025-06-21 02:52:55
Title: ירי רקטות וטילים -  האירוע הסתיים
Location: מבוא חמה
Oref Category: 13
Status: ended
Threat Type: rocket
----------------------------------------
Time: 2025-06-21 02:52:55
Title: ירי רקטות וטילים -  האירוע הסתיים
Location: מג'דל שמס
Oref Category: 13
Status: ended
Threat Type: rocket
----------------------------------------
Time: 2025-06-21 02:52:55
Title: ירי רקטות וטילים -  האירוע הסתיים
Location: מיצר
Oref Category: 13
Status: ended
Threat Type: rocket
----------------------------------------
Time: 2025-06-21 02:52:55
Title: ירי רקטות וטילים -  האירוע הסתיים
Location: מלון פרא
Oref Category: 13
Status: ended
Threat Type: rocket
----------------------------------------
Time: 2025-06-21 02:52:55
Title: ירי רקטות וטילים -  האירוע הסתיים
Location: מסדה
Oref Category: 13
Status: ended
Threat Type: rocket
----------------------------------------
Time: 2025-06-21 02:52:55
Title: ירי רקטות וטילים -  האירוע הסתיים
Location: מסעדה
Oref Category: 13
Status: ended
Threat Type: rocket
----------------------------------------
Time: 2025-06-21 02:52:55
Title: ירי רקטות וטילים -  האירוע הסתיים
Location: מעגן
Oref Category: 13
Status: ended
Threat Type: rocket
----------------------------------------
Time: 2025-06-21 02:52:55
Title: ירי רקטות וטילים -  האירוע הסתיים
Location: מעלה גמלא
Oref Category: 13
Status: ended
Threat Type: rocket
----------------------------------------
Time: 2025-06-21 02:52:55
Title: ירי רקטות וטילים -  האירוע הסתיים
Location: מרום גולן
Oref Category: 13
Status: ended
Threat Type: rocket
----------------------------------------
Time: 2025-06-21 02:52:55
Title: ירי רקטות וטילים -  האירוע הסתיים
Location: נאות גולן
Oref Category: 13
Status: ended
Threat Type: rocket
----------------------------------------
Time: 2025-06-21 02:52:55
Title: ירי רקטות וטילים -  האירוע הסתיים
Location: נוב
Oref Category: 13
Status: ended
Threat Type: rocket
----------------------------------------
Time: 2025-06-21 02:52:55
Title: ירי רקטות וטילים -  האירוע הסתיים
Location: נווה אטי''ב
Oref Category: 13
Status: ended
Threat Type: rocket
----------------------------------------
Time: 2025-06-21 02:52:55
Title: ירי רקטות וטילים -  האירוע הסתיים
Location: נטור
Oref Category: 13
Status: ended
Threat Type: rocket
----------------------------------------
Time: 2025-06-21 02:52:55
Title: ירי רקטות וטילים -  האירוע הסתיים
Location: נמרוד
Oref Category: 13
Status: ended
Threat Type: rocket
----------------------------------------
Time: 2025-06-21 02:52:55
Title: ירי רקטות וטילים -  האירוע הסתיים
Location: עין גב
Oref Category: 13
Status: ended
Threat Type: rocket
----------------------------------------
Time: 2025-06-21 02:52:55
Title: ירי רקטות וטילים -  האירוע הסתיים
Location: עין זיוון
Oref Category: 13
Status: ended
Threat Type: rocket
----------------------------------------
Time: 2025-06-21 02:52:55
Title: ירי רקטות וטילים -  האירוע הסתיים
Location: עין קנייא
Oref Category: 13
Status: ended
Threat Type: rocket
----------------------------------------
Time: 2025-06-21 02:52:55
Title: ירי רקטות וטילים -  האירוע הסתיים
Location: צמח
Oref Category: 13
Status: ended
Threat Type: rocket
----------------------------------------
Time: 2025-06-21 02:52:55
Title: ירי רקטות וטילים -  האירוע הסתיים
Location: קדמת צבי
Oref Category: 13
Status: ended
Threat Type: rocket
----------------------------------------
Time: 2025-06-21 02:52:55
Title: ירי רקטות וטילים -  האירוע הסתיים
Location: קצרין - אזור תעשייה
Oref Category: 13
Status: ended
Threat Type: rocket
----------------------------------------
Time: 2025-06-21 02:52:55
Title: ירי רקטות וטילים -  האירוע הסתיים
Location: קצרין
Oref Category: 13
Status: ended
Threat Type: rocket
----------------------------------------
Time: 2025-06-21 02:52:55
Title: ירי רקטות וטילים -  האירוע הסתיים
Location: קשת
Oref Category: 13
Status: ended
Threat Type: rocket
----------------------------------------
Time: 2025-06-21 02:52:55
Title: ירי רקטות וטילים -  האירוע הסתיים
Location: רמות
Oref Category: 13
Status: ended
Threat Type: rocket
----------------------------------------
Time: 2025-06-21 02:52:55
Title: ירי רקטות וטילים -  האירוע הסתיים
Location: רמת מגשימים
Oref Category: 13
Status: ended
Threat Type: rocket
----------------------------------------
Time: 2025-06-21 02:52:55
Title: ירי רקטות וטילים -  האירוע הסתיים
Location: שעל
Oref Category: 13
Status: ended
Threat Type: rocket
----------------------------------------
Time: 2025-06-21 02:52:55
Title: ירי רקטות וטילים -  האירוע הסתיים
Location: שער הגולן
Oref Category: 13
Status: ended
Threat Type: rocket
----------------------------------------
Time: 2025-06-21 02:52:55
Title: ירי רקטות וטילים -  האירוע הסתיים
Location: תל קציר
Oref Category: 13
Status: ended
Threat Type: rocket
----------------------------------------
Time: 2025-06-21 02:52:55
Title: ירי רקטות וטילים -  האירוע הסתיים
Location: אזור תעשייה בני יהודה
Oref Category: 13
Status: ended
Threat Type: rocket
----------------------------------------
Time: 2025-06-21 02:52:55
Title: ירי רקטות וטילים -  האירוע הסתיים
Location: אזור תעשייה אלון התבור
Oref Category: 13
Status: ended
Threat Type: rocket
----------------------------------------
Time: 2025-06-21 02:52:55
Title: ירי רקטות וטילים -  האירוע הסתיים
Location: אזור תעשייה בר-לב
Oref Category: 13
Status: ended
Threat Type: rocket
----------------------------------------
Time: 2025-06-21 02:52:55
Title: ירי רקטות וטילים -  האירוע הסתיים
Location: אזור תעשייה טמרה
Oref Category: 13
Status: ended
Threat Type: rocket
----------------------------------------
Time: 2025-06-21 02:52:55
Title: ירי רקטות וטילים -  האירוע הסתיים
Location: אחוזת ברק
Oref Category: 13
Status: ended
Threat Type: rocket
----------------------------------------
Time: 2025-06-21 02:52:55
Title: ירי רקטות וטילים -  האירוע הסתיים
Location: אחיהוד
Oref Category: 13
Status: ended
Threat Type: rocket
----------------------------------------
Time: 2025-06-21 02:52:55
Title: ירי רקטות וטילים -  האירוע הסתיים
Location: אכסאל
Oref Category: 13
Status: ended
Threat Type: rocket
----------------------------------------
Time: 2025-06-21 02:52:55
Title: ירי רקטות וטילים -  האירוע הסתיים
Location: אלון הגליל
Oref Category: 13
Status: ended
Threat Type: rocket
----------------------------------------
Time: 2025-06-21 02:52:55
Title: ירי רקטות וטילים -  האירוע הסתיים
Location: אלוני אבא
Oref Category: 13
Status: ended
Threat Type: rocket
----------------------------------------
Time: 2025-06-21 02:52:55
Title: ירי רקטות וטילים -  האירוע הסתיים
Location: אעבלין
Oref Category: 13
Status: ended
Threat Type: rocket
----------------------------------------
Time: 2025-06-21 02:52:55
Title: ירי רקטות וטילים -  האירוע הסתיים
Location: ביר אלמכסור
Oref Category: 13
Status: ended
Threat Type: rocket
----------------------------------------
Time: 2025-06-21 02:52:55
Title: ירי רקטות וטילים -  האירוע הסתיים
Location: בית לחם הגלילית
Oref Category: 13
Status: ended
Threat Type: rocket
----------------------------------------
Time: 2025-06-21 02:52:55
Title: ירי רקטות וטילים -  האירוע הסתיים
Location: בית שערים
Oref Category: 13
Status: ended
Threat Type: rocket
----------------------------------------
Time: 2025-06-21 02:52:55
Title: ירי רקטות וטילים -  האירוע הסתיים
Location: בלפוריה
Oref Category: 13
Status: ended
Threat Type: rocket
----------------------------------------
Time: 2025-06-21 02:52:55
Title: ירי רקטות וטילים -  האירוע הסתיים
Location: גבעת אלה
Oref Category: 13
Status: ended
Threat Type: rocket
----------------------------------------
Time: 2025-06-21 02:52:55
Title: ירי רקטות וטילים -  האירוע הסתיים
Location: גבת
Oref Category: 13
Status: ended
Threat Type: rocket
----------------------------------------
Time: 2025-06-21 02:52:55
Title: ירי רקטות וטילים -  האירוע הסתיים
Location: גניגר
Oref Category: 13
Status: ended
Threat Type: rocket
----------------------------------------
Time: 2025-06-21 02:52:55
Title: ירי רקטות וטילים -  האירוע הסתיים
Location: דברת
Oref Category: 13
Status: ended
Threat Type: rocket
----------------------------------------
Time: 2025-06-21 02:52:55
Title: ירי רקטות וטילים -  האירוע הסתיים
Location: דחי
Oref Category: 13
Status: ended
Threat Type: rocket
----------------------------------------
Time: 2025-06-21 02:52:55
Title: ירי רקטות וטילים -  האירוע הסתיים
Location: דמיידה
Oref Category: 13
Status: ended
Threat Type: rocket
----------------------------------------
Time: 2025-06-21 02:52:55
Title: ירי רקטות וטילים -  האירוע הסתיים
Location: הושעיה
Oref Category: 13
Status: ended
Threat Type: rocket
----------------------------------------
Time: 2025-06-21 02:52:55
Title: ירי רקטות וטילים -  האירוע הסתיים
Location: הסוללים
Oref Category: 13
Status: ended
Threat Type: rocket
----------------------------------------
Time: 2025-06-21 02:52:55
Title: ירי רקטות וטילים -  האירוע הסתיים
Location: הרדוף
Oref Category: 13
Status: ended
Threat Type: rocket
----------------------------------------
Time: 2025-06-21 02:52:55
Title: ירי רקטות וטילים -  האירוע הסתיים
Location: זרזיר
Oref Category: 13
Status: ended
Threat Type: rocket
----------------------------------------
Time: 2025-06-21 02:52:55
Title: ירי רקטות וטילים -  האירוע הסתיים
Location: חג'אג'רה
Oref Category: 13
Status: ended
Threat Type: rocket
----------------------------------------
Time: 2025-06-21 02:52:55
Title: ירי רקטות וטילים -  האירוע הסתיים
Location: חנתון
Oref Category: 13
Status: ended
Threat Type: rocket
----------------------------------------
Time: 2025-06-21 02:52:55
Title: ירי רקטות וטילים -  האירוע הסתיים
Location: טבריה
Oref Category: 13
Status: ended
Threat Type: rocket
----------------------------------------
Time: 2025-06-21 02:52:55
Title: ירי רקטות וטילים -  האירוע הסתיים
Location: טמרה בגלבוע
Oref Category: 13
Status: ended
Threat Type: rocket
----------------------------------------
Time: 2025-06-21 02:52:55
Title: ירי רקטות וטילים -  האירוע הסתיים
Location: טמרה
Oref Category: 13
Status: ended
Threat Type: rocket
----------------------------------------
Time: 2025-06-21 02:52:55
Title: ירי רקטות וטילים -  האירוע הסתיים
Location: יובלים
Oref Category: 13
Status: ended
Threat Type: rocket
----------------------------------------
Time: 2025-06-21 02:52:55
Title: ירי רקטות וטילים -  האירוע הסתיים
Location: יודפת
Oref Category: 13
Status: ended
Threat Type: rocket
----------------------------------------
Time: 2025-06-21 02:52:55
Title: ירי רקטות וטילים -  האירוע הסתיים
Location: יסעור
Oref Category: 13
Status: ended
Threat Type: rocket
----------------------------------------
Time: 2025-06-21 02:52:55
Title: ירי רקטות וטילים -  האירוע הסתיים
Location: יעד
Oref Category: 13
Status: ended
Threat Type: rocket
----------------------------------------
Time: 2025-06-21 02:52:55
Title: ירי רקטות וטילים -  האירוע הסתיים
Location: יפיע
Oref Category: 13
Status: ended
Threat Type: rocket
----------------------------------------
Time: 2025-06-21 02:52:55
Title: ירי רקטות וטילים -  האירוע הסתיים
Location: יפעת
Oref Category: 13
Status: ended
Threat Type: rocket
----------------------------------------
Time: 2025-06-21 02:52:55
Title: ירי רקטות וטילים -  האירוע הסתיים
Location: כאבול
Oref Category: 13
Status: ended
Threat Type: rocket
----------------------------------------
Time: 2025-06-21 02:52:55
Title: ירי רקטות וטילים -  האירוע הסתיים
Location: כאוכב אבו אלהיג'א
Oref Category: 13
Status: ended
Threat Type: rocket
----------------------------------------
Time: 2025-06-21 02:52:55
Title: ירי רקטות וטילים -  האירוע הסתיים
Location: כעביה טבאש
Oref Category: 13
Status: ended
Threat Type: rocket
----------------------------------------
Time: 2025-06-21 02:52:55
Title: ירי רקטות וטילים -  האירוע הסתיים
Location: כעביה
Oref Category: 13
Status: ended
Threat Type: rocket
----------------------------------------
Time: 2025-06-21 02:52:55
Title: ירי רקטות וטילים -  האירוע הסתיים
Location: כפר גדעון
Oref Category: 13
Status: ended
Threat Type: rocket
----------------------------------------
Time: 2025-06-21 02:52:55
Title: ירי רקטות וטילים -  האירוע הסתיים
Location: כפר החורש
Oref Category: 13
Status: ended
Threat Type: rocket
----------------------------------------
Time: 2025-06-21 02:52:55
Title: ירי רקטות וטילים -  האירוע הסתיים
Location: כפר טבאש
Oref Category: 13
Status: ended
Threat Type: rocket
----------------------------------------
Time: 2025-06-21 02:52:55
Title: ירי רקטות וטילים -  האירוע הסתיים
Location: כפר יהושע
Oref Category: 13
Status: ended
Threat Type: rocket
----------------------------------------
Time: 2025-06-21 02:52:55
Title: ירי רקטות וטילים -  האירוע הסתיים
Location: כפר כנא
Oref Category: 13
Status: ended
Threat Type: rocket
----------------------------------------
Time: 2025-06-21 02:52:55
Title: ירי רקטות וטילים -  האירוע הסתיים
Location: כפר מנדא
Oref Category: 13
Status: ended
Threat Type: rocket
----------------------------------------
Time: 2025-06-21 02:52:55
Title: ירי רקטות וטילים -  האירוע הסתיים
Location: כפר נהר הירדן
Oref Category: 13
Status: ended
Threat Type: rocket
----------------------------------------
Time: 2025-06-21 02:52:55
Title: ירי רקטות וטילים -  האירוע הסתיים
Location: מגדל העמק
Oref Category: 13
Status: ended
Threat Type: rocket
----------------------------------------
Time: 2025-06-21 02:52:55
Title: ירי רקטות וטילים -  האירוע הסתיים
Location: מורשת
Oref Category: 13
Status: ended
Threat Type: rocket
----------------------------------------
Time: 2025-06-21 02:52:55
Title: ירי רקטות וטילים -  האירוע הסתיים
Location: מזרע
Oref Category: 13
Status: ended
Threat Type: rocket
----------------------------------------
Time: 2025-06-21 02:52:55
Title: ירי רקטות וטילים -  האירוע הסתיים
Location: מנוף
Oref Category: 13
Status: ended
Threat Type: rocket
----------------------------------------
Time: 2025-06-21 02:52:55
Title: ירי רקטות וטילים -  האירוע הסתיים
Location: מנשית זבדה
Oref Category: 13
Status: ended
Threat Type: rocket
----------------------------------------
Time: 2025-06-21 02:52:55
Title: ירי רקטות וטילים -  האירוע הסתיים
Location: מצפה אבי''ב
Oref Category: 13
Status: ended
Threat Type: rocket
----------------------------------------
Time: 2025-06-21 02:52:55
Title: ירי רקטות וטילים -  האירוע הסתיים
Location: מצפה
Oref Category: 13
Status: ended
Threat Type: rocket
----------------------------------------
Time: 2025-06-21 02:52:55
Title: ירי רקטות וטילים -  האירוע הסתיים
Location: מרחביה מושב
Oref Category: 13
Status: ended
Threat Type: rocket
----------------------------------------
Time: 2025-06-21 02:52:55
Title: ירי רקטות וטילים -  האירוע הסתיים
Location: מרחביה קיבוץ
Oref Category: 13
Status: ended
Threat Type: rocket
----------------------------------------
Time: 2025-06-21 02:52:55
Title: ירי רקטות וטילים -  האירוע הסתיים
Location: מרכז אזורי משגב
Oref Category: 13
Status: ended
Threat Type: rocket
----------------------------------------
Time: 2025-06-21 02:52:55
Title: ירי רקטות וטילים -  האירוע הסתיים
Location: משהד
Oref Category: 13
Status: ended
Threat Type: rocket
----------------------------------------
Time: 2025-06-21 02:52:55
Title: ירי רקטות וטילים -  האירוע הסתיים
Location: נאעורה
Oref Category: 13
Status: ended
Threat Type: rocket
----------------------------------------
Time: 2025-06-21 02:52:55
Title: ירי רקטות וטילים -  האירוע הסתיים
Location: נהלל
Oref Category: 13
Status: ended
Threat Type: rocket
----------------------------------------
Time: 2025-06-21 02:52:55
Title: ירי רקטות וטילים -  האירוע הסתיים
Location: נוף הגליל
Oref Category: 13
Status: ended
Threat Type: rocket
----------------------------------------
Time: 2025-06-21 02:52:55
Title: ירי רקטות וטילים -  האירוע הסתיים
Location: נין
Oref Category: 13
Status: ended
Threat Type: rocket
----------------------------------------
Time: 2025-06-21 02:52:55
Title: ירי רקטות וטילים -  האירוע הסתיים
Location: נצרת
Oref Category: 13
Status: ended
Threat Type: rocket
----------------------------------------
Time: 2025-06-21 02:52:55
Title: ירי רקטות וטילים -  האירוע הסתיים
Location: סולם
Oref Category: 13
Status: ended
Threat Type: rocket
----------------------------------------
Time: 2025-06-21 02:52:55
Title: ירי רקטות וטילים -  האירוע הסתיים
Location: עדי
Oref Category: 13
Status: ended
Threat Type: rocket
----------------------------------------
Time: 2025-06-21 02:52:55
Title: ירי רקטות וטילים -  האירוע הסתיים
Location: עילוט
Oref Category: 13
Status: ended
Threat Type: rocket
----------------------------------------
Time: 2025-06-21 02:52:55
Title: ירי רקטות וטילים -  האירוע הסתיים
Location: עין מאהל
Oref Category: 13
Status: ended
Threat Type: rocket
----------------------------------------
Time: 2025-06-21 02:52:55
Title: ירי רקטות וטילים -  האירוע הסתיים
Location: עפולה
Oref Category: 13
Status: ended
Threat Type: rocket
----------------------------------------
Time: 2025-06-21 02:52:55
Title: ירי רקטות וטילים -  האירוע הסתיים
Location: עצמון - שגב
Oref Category: 13
Status: ended
Threat Type: rocket
----------------------------------------
Time: 2025-06-21 02:52:55
Title: ירי רקטות וטילים -  האירוע הסתיים
Location: ערב אל נעים
Oref Category: 13
Status: ended
Threat Type: rocket
----------------------------------------
Time: 2025-06-21 02:52:55
Title: ירי רקטות וטילים -  האירוע הסתיים
Location: ציפורי
Oref Category: 13
Status: ended
Threat Type: rocket
----------------------------------------
Time: 2025-06-21 02:52:55
Title: ירי רקטות וטילים -  האירוע הסתיים
Location: קורנית
Oref Category: 13
Status: ended
Threat Type: rocket
----------------------------------------
Time: 2025-06-21 02:52:55
Title: ירי רקטות וטילים -  האירוע הסתיים
Location: ריינה
Oref Category: 13
Status: ended
Threat Type: rocket
----------------------------------------
Time: 2025-06-21 02:52:55
Title: ירי רקטות וטילים -  האירוע הסתיים
Location: רמת דוד
Oref Category: 13
Status: ended
Threat Type: rocket
----------------------------------------
Time: 2025-06-21 02:52:55
Title: ירי רקטות וטילים -  האירוע הסתיים
Location: רמת ישי
Oref Category: 13
Status: ended
Threat Type: rocket
----------------------------------------
Time: 2025-06-21 02:52:55
Title: ירי רקטות וטילים -  האירוע הסתיים
Location: רמת צבי
Oref Category: 13
Status: ended
Threat Type: rocket
----------------------------------------
Time: 2025-06-21 02:52:55
Title: ירי רקטות וטילים -  האירוע הסתיים
Location: רקפת
Oref Category: 13
Status: ended
Threat Type: rocket
----------------------------------------
Time: 2025-06-21 02:52:55
Title: ירי רקטות וטילים -  האירוע הסתיים
Location: שדה יעקב
Oref Category: 13
Status: ended
Threat Type: rocket
----------------------------------------
Time: 2025-06-21 02:52:55
Title: ירי רקטות וטילים -  האירוע הסתיים
Location: שורשים
Oref Category: 13
Status: ended
Threat Type: rocket
----------------------------------------
Time: 2025-06-21 02:52:55
Title: ירי רקטות וטילים -  האירוע הסתיים
Location: שכניה
Oref Category: 13
Status: ended
Threat Type: rocket
----------------------------------------
Time: 2025-06-21 02:52:55
Title: ירי רקטות וטילים -  האירוע הסתיים
Location: שמשית
Oref Category: 13
Status: ended
Threat Type: rocket
----------------------------------------
Time: 2025-06-21 02:52:55
Title: ירי רקטות וטילים -  האירוע הסתיים
Location: שעב
Oref Category: 13
Status: ended
Threat Type: rocket
----------------------------------------
Time: 2025-06-21 02:52:55
Title: ירי רקטות וטילים -  האירוע הסתיים
Location: שפרעם
Oref Category: 13
Status: ended
Threat Type: rocket
----------------------------------------
Time: 2025-06-21 02:52:55
Title: ירי רקטות וטילים -  האירוע הסתיים
Location: שריד
Oref Category: 13
Status: ended
Threat Type: rocket
----------------------------------------
Time: 2025-06-21 02:52:55
Title: ירי רקטות וטילים -  האירוע הסתיים
Location: תל עדשים
Oref Category: 13
Status: ended
Threat Type: rocket
----------------------------------------
Time: 2025-06-21 02:52:55
Title: ירי רקטות וטילים -  האירוע הסתיים
Location: תמרת
Oref Category: 13
Status: ended
Threat Type: rocket
----------------------------------------
Time: 2025-06-21 02:52:55
Title: ירי רקטות וטילים -  האירוע הסתיים
Location: אבטליון
Oref Category: 13
Status: ended
Threat Type: rocket
----------------------------------------
Time: 2025-06-21 02:52:55
Title: ירי רקטות וטילים -  האירוע הסתיים
Location: אזור תעשייה קדמת גליל
Oref Category: 13
Status: ended
Threat Type: rocket
----------------------------------------
Time: 2025-06-21 02:52:55
Title: ירי רקטות וטילים -  האירוע הסתיים
Location: אזור תעשייה תרדיון
Oref Category: 13
Status: ended
Threat Type: rocket
----------------------------------------
Time: 2025-06-21 02:52:55
Title: ירי רקטות וטילים -  האירוע הסתיים
Location: אילניה
Oref Category: 13
Status: ended
Threat Type: rocket
----------------------------------------
Time: 2025-06-21 02:52:55
Title: ירי רקטות וטילים -  האירוע הסתיים
Location: אלומות
Oref Category: 13
Status: ended
Threat Type: rocket
----------------------------------------
Time: 2025-06-21 02:52:55
Title: ירי רקטות וטילים -  האירוע הסתיים
Location: אפיקים
Oref Category: 13
Status: ended
Threat Type: rocket
----------------------------------------
Time: 2025-06-21 02:52:55
Title: ירי רקטות וטילים -  האירוע הסתיים
Location: ארבל
Oref Category: 13
Status: ended
Threat Type: rocket
----------------------------------------
Time: 2025-06-21 02:52:55
Title: ירי רקטות וטילים -  האירוע הסתיים
Location: אשבל
Oref Category: 13
Status: ended
Threat Type: rocket
----------------------------------------
Time: 2025-06-21 02:52:55
Title: ירי רקטות וטילים -  האירוע הסתיים
Location: אשדות יעקב
Oref Category: 13
Status: ended
Threat Type: rocket
----------------------------------------
Time: 2025-06-21 02:52:55
Title: ירי רקטות וטילים -  האירוע הסתיים
Location: אשחר
Oref Category: 13
Status: ended
Threat Type: rocket
----------------------------------------
Time: 2025-06-21 02:52:55
Title: ירי רקטות וטילים -  האירוע הסתיים
Location: אתר ההנצחה גולני
Oref Category: 13
Status: ended
Threat Type: rocket
----------------------------------------
Time: 2025-06-21 02:52:55
Title: ירי רקטות וטילים -  האירוע הסתיים
Location: בועיינה-נוג'ידאת
Oref Category: 13
Status: ended
Threat Type: rocket
----------------------------------------
Time: 2025-06-21 02:52:55
Title: ירי רקטות וטילים -  האירוע הסתיים
Location: בית זרע
Oref Category: 13
Status: ended
Threat Type: rocket
----------------------------------------
Time: 2025-06-21 02:52:55
Title: ירי רקטות וטילים -  האירוע הסתיים
Location: בית ירח
Oref Category: 13
Status: ended
Threat Type: rocket
----------------------------------------
Time: 2025-06-21 02:52:55
Title: ירי רקטות וטילים -  האירוע הסתיים
Location: בית סוהר צלמון
Oref Category: 13
Status: ended
Threat Type: rocket
----------------------------------------
Time: 2025-06-21 02:52:55
Title: ירי רקטות וטילים -  האירוע הסתיים
Location: בית קשת
Oref Category: 13
Status: ended
Threat Type: rocket
----------------------------------------
Time: 2025-06-21 02:52:55
Title: ירי רקטות וטילים -  האירוע הסתיים
Location: בית רימון
Oref Category: 13
Status: ended
Threat Type: rocket
----------------------------------------
Time: 2025-06-21 02:52:55
Title: ירי רקטות וטילים -  האירוע הסתיים
Location: גבעת אבני
Oref Category: 13
Status: ended
Threat Type: rocket
----------------------------------------
Time: 2025-06-21 02:52:55
Title: ירי רקטות וטילים -  האירוע הסתיים
Location: גדעונה
Oref Category: 13
Status: ended
Threat Type: rocket
----------------------------------------
Time: 2025-06-21 02:52:55
Title: ירי רקטות וטילים -  האירוע הסתיים
Location: גזית
Oref Category: 13
Status: ended
Threat Type: rocket
----------------------------------------
Time: 2025-06-21 02:52:55
Title: ירי רקטות וטילים -  האירוע הסתיים
Location: גינוסר
Oref Category: 13
Status: ended
Threat Type: rocket
----------------------------------------
Time: 2025-06-21 02:52:55
Title: ירי רקטות וטילים -  האירוע הסתיים
Location: גן נר
Oref Category: 13
Status: ended
Threat Type: rocket
----------------------------------------
Time: 2025-06-21 02:52:55
Title: ירי רקטות וטילים -  האירוע הסתיים
Location: דבוריה
Oref Category: 13
Status: ended
Threat Type: rocket
----------------------------------------
Time: 2025-06-21 02:52:55
Title: ירי רקטות וטילים -  האירוע הסתיים
Location: דגניה א
Oref Category: 13
Status: ended
Threat Type: rocket
----------------------------------------
Time: 2025-06-21 02:52:55
Title: ירי רקטות וטילים -  האירוע הסתיים
Location: דגניה ב
Oref Category: 13
Status: ended
Threat Type: rocket
----------------------------------------
Time: 2025-06-21 02:52:55
Title: ירי רקטות וטילים -  האירוע הסתיים
Location: דיר חנא
Oref Category: 13
Status: ended
Threat Type: rocket
----------------------------------------
Time: 2025-06-21 02:52:55
Title: ירי רקטות וטילים -  האירוע הסתיים
Location: הודיות
Oref Category: 13
Status: ended
Threat Type: rocket
----------------------------------------
Time: 2025-06-21 02:52:55
Title: ירי רקטות וטילים -  האירוע הסתיים
Location: הזורעים
Oref Category: 13
Status: ended
Threat Type: rocket
----------------------------------------
Time: 2025-06-21 02:52:55
Title: ירי רקטות וטילים -  האירוע הסתיים
Location: היוגב
Oref Category: 13
Status: ended
Threat Type: rocket
----------------------------------------
Time: 2025-06-21 02:52:55
Title: ירי רקטות וטילים -  האירוע הסתיים
Location: הררית יחד
Oref Category: 13
Status: ended
Threat Type: rocket
----------------------------------------
Time: 2025-06-21 02:52:55
Title: ירי רקטות וטילים -  האירוע הסתיים
Location: ואדי אל חמאם
Oref Category: 13
Status: ended
Threat Type: rocket
----------------------------------------
Time: 2025-06-21 02:52:55
Title: ירי רקטות וטילים -  האירוע הסתיים
Location: חוסנייה
Oref Category: 13
Status: ended
Threat Type: rocket
----------------------------------------
Time: 2025-06-21 02:52:55
Title: ירי רקטות וטילים -  האירוע הסתיים
Location: חוקוק
Oref Category: 13
Status: ended
Threat Type: rocket
----------------------------------------
Time: 2025-06-21 02:52:55
Title: ירי רקטות וטילים -  האירוע הסתיים
Location: חזון
Oref Category: 13
Status: ended
Threat Type: rocket
----------------------------------------
Time: 2025-06-21 02:52:55
Title: ירי רקטות וטילים -  האירוע הסתיים
Location: טבחה
Oref Category: 13
Status: ended
Threat Type: rocket
----------------------------------------
Time: 2025-06-21 02:52:55
Title: ירי רקטות וטילים -  האירוע הסתיים
Location: טורעאן
Oref Category: 13
Status: ended
Threat Type: rocket
----------------------------------------
Time: 2025-06-21 02:52:55
Title: ירי רקטות וטילים -  האירוע הסתיים
Location: טפחות
Oref Category: 13
Status: ended
Threat Type: rocket
----------------------------------------
Time: 2025-06-21 02:52:55
Title: ירי רקטות וטילים -  האירוע הסתיים
Location: יבנאל
Oref Category: 13
Status: ended
Threat Type: rocket
----------------------------------------
Time: 2025-06-21 02:52:55
Title: ירי רקטות וטילים -  האירוע הסתיים
Location: יזרעאל
Oref Category: 13
Status: ended
Threat Type: rocket
----------------------------------------
Time: 2025-06-21 02:52:55
Title: ירי רקטות וטילים -  האירוע הסתיים
Location: ישובי אומן
Oref Category: 13
Status: ended
Threat Type: rocket
----------------------------------------
Time: 2025-06-21 02:52:55
Title: ירי רקטות וטילים -  האירוע הסתיים
Location: ישובי יעל
Oref Category: 13
Status: ended
Threat Type: rocket
----------------------------------------
Time: 2025-06-21 02:52:55
Title: ירי רקטות וטילים -  האירוע הסתיים
Location: כדורי
Oref Category: 13
Status: ended
Threat Type: rocket
----------------------------------------
Time: 2025-06-21 02:52:55
Title: ירי רקטות וטילים -  האירוע הסתיים
Location: כחל
Oref Category: 13
Status: ended
Threat Type: rocket
----------------------------------------
Time: 2025-06-21 02:52:55
Title: ירי רקטות וטילים -  האירוע הסתיים
Location: כינרת מושבה
Oref Category: 13
Status: ended
Threat Type: rocket
----------------------------------------
Time: 2025-06-21 02:52:55
Title: ירי רקטות וטילים -  האירוע הסתיים
Location: כינרת קבוצה
Oref Category: 13
Status: ended
Threat Type: rocket
----------------------------------------
Time: 2025-06-21 02:52:55
Title: ירי רקטות וטילים -  האירוע הסתיים
Location: כלנית
Oref Category: 13
Status: ended
Threat Type: rocket
----------------------------------------
Time: 2025-06-21 02:52:55
Title: ירי רקטות וטילים -  האירוע הסתיים
Location: כמון
Oref Category: 13
Status: ended
Threat Type: rocket
----------------------------------------
Time: 2025-06-21 02:52:55
Title: ירי רקטות וטילים -  האירוע הסתיים
Location: כפר ברוך
Oref Category: 13
Status: ended
Threat Type: rocket
----------------------------------------
Time: 2025-06-21 02:52:55
Title: ירי רקטות וטילים -  האירוע הסתיים
Location: כפר זיתים
Oref Category: 13
Status: ended
Threat Type: rocket
----------------------------------------
Time: 2025-06-21 02:52:55
Title: ירי רקטות וטילים -  האירוע הסתיים
Location: כפר חיטים
Oref Category: 13
Status: ended
Threat Type: rocket
----------------------------------------
Time: 2025-06-21 02:52:55
Title: ירי רקטות וטילים -  האירוע הסתיים
Location: כפר חנניה
Oref Category: 13
Status: ended
Threat Type: rocket
----------------------------------------
Time: 2025-06-21 02:52:55
Title: ירי רקטות וטילים -  האירוע הסתיים
Location: כפר יחזקאל
Oref Category: 13
Status: ended
Threat Type: rocket
----------------------------------------
Time: 2025-06-21 02:52:55
Title: ירי רקטות וטילים -  האירוע הסתיים
Location: כפר כמא
Oref Category: 13
Status: ended
Threat Type: rocket
----------------------------------------
Time: 2025-06-21 02:52:55
Title: ירי רקטות וטילים -  האירוע הסתיים
Location: כפר מצר
Oref Category: 13
Status: ended
Threat Type: rocket
----------------------------------------
Time: 2025-06-21 02:52:55
Title: ירי רקטות וטילים -  האירוע הסתיים
Location: כפר קיש
Oref Category: 13
Status: ended
Threat Type: rocket
----------------------------------------
Time: 2025-06-21 02:52:55
Title: ירי רקטות וטילים -  האירוע הסתיים
Location: כפר תבור
Oref Category: 13
Status: ended
Threat Type: rocket
----------------------------------------
Time: 2025-06-21 02:52:55
Title: ירי רקטות וטילים -  האירוע הסתיים
Location: לביא
Oref Category: 13
Status: ended
Threat Type: rocket
----------------------------------------
Time: 2025-06-21 02:52:55
Title: ירי רקטות וטילים -  האירוע הסתיים
Location: לבנים
Oref Category: 13
Status: ended
Threat Type: rocket
----------------------------------------
Time: 2025-06-21 02:52:55
Title: ירי רקטות וטילים -  האירוע הסתיים
Location: לוטם וחמדון
Oref Category: 13
Status: ended
Threat Type: rocket
----------------------------------------
Time: 2025-06-21 02:52:55
Title: ירי רקטות וטילים -  האירוע הסתיים
Location: מגדל
Oref Category: 13
Status: ended
Threat Type: rocket
----------------------------------------
Time: 2025-06-21 02:52:55
Title: ירי רקטות וטילים -  האירוע הסתיים
Location: מגן שאול
Oref Category: 13
Status: ended
Threat Type: rocket
----------------------------------------
Time: 2025-06-21 02:52:55
Title: ירי רקטות וטילים -  האירוע הסתיים
Location: מוקיבלה
Oref Category: 13
Status: ended
Threat Type: rocket
----------------------------------------
Time: 2025-06-21 02:52:55
Title: ירי רקטות וטילים -  האירוע הסתיים
Location: מורן
Oref Category: 13
Status: ended
Threat Type: rocket
----------------------------------------
Time: 2025-06-21 02:52:55
Title: ירי רקטות וטילים -  האירוע הסתיים
Location: מכמנים
Oref Category: 13
Status: ended
Threat Type: rocket
----------------------------------------
Time: 2025-06-21 02:52:55
Title: ירי רקטות וטילים -  האירוע הסתיים
Location: מסד
Oref Category: 13
Status: ended
Threat Type: rocket
----------------------------------------
Time: 2025-06-21 02:52:55
Title: ירי רקטות וטילים -  האירוע הסתיים
Location: מע'אר
Oref Category: 13
Status: ended
Threat Type: rocket
----------------------------------------
Time: 2025-06-21 02:52:55
Title: ירי רקטות וטילים -  האירוע הסתיים
Location: מעלה צביה
Oref Category: 13
Status: ended
Threat Type: rocket
----------------------------------------
Time: 2025-06-21 02:52:55
Title: ירי רקטות וטילים -  האירוע הסתיים
Location: מצפה נטופה
Oref Category: 13
Status: ended
Threat Type: rocket
----------------------------------------
Time: 2025-06-21 02:52:55
Title: ירי רקטות וטילים -  האירוע הסתיים
Location: מרכז חבר
Oref Category: 13
Status: ended
Threat Type: rocket
----------------------------------------
Time: 2025-06-21 02:52:55
Title: ירי רקטות וטילים -  האירוע הסתיים
Location: מתחם סקי גלבוע
Oref Category: 13
Status: ended
Threat Type: rocket
----------------------------------------
Time: 2025-06-21 02:52:55
Title: ירי רקטות וטילים -  האירוע הסתיים
Location: נבי שועייב
Oref Category: 13
Status: ended
Threat Type: rocket
----------------------------------------
Time: 2025-06-21 02:52:55
Title: ירי רקטות וטילים -  האירוע הסתיים
Location: נורית
Oref Category: 13
Status: ended
Threat Type: rocket
----------------------------------------
Time: 2025-06-21 02:52:55
Title: ירי רקטות וטילים -  האירוע הסתיים
Location: סכנין
Oref Category: 13
Status: ended
Threat Type: rocket
----------------------------------------
Time: 2025-06-21 02:52:55
Title: ירי רקטות וטילים -  האירוע הסתיים
Location: סלמה
Oref Category: 13
Status: ended
Threat Type: rocket
----------------------------------------
Time: 2025-06-21 02:52:55
Title: ירי רקטות וטילים -  האירוע הסתיים
Location: סנדלה
Oref Category: 13
Status: ended
Threat Type: rocket
----------------------------------------
Time: 2025-06-21 02:52:55
Title: ירי רקטות וטילים -  האירוע הסתיים
Location: עוזייר
Oref Category: 13
Status: ended
Threat Type: rocket
----------------------------------------
Time: 2025-06-21 02:52:55
Title: ירי רקטות וטילים -  האירוע הסתיים
Location: עילבון
Oref Category: 13
Status: ended
Threat Type: rocket
----------------------------------------
Time: 2025-06-21 02:52:55
Title: ירי רקטות וטילים -  האירוע הסתיים
Location: עין דור
Oref Category: 13
Status: ended
Threat Type: rocket
----------------------------------------
Time: 2025-06-21 02:52:55
Title: ירי רקטות וטילים -  האירוע הסתיים
Location: עין חרוד
Oref Category: 13
Status: ended
Threat Type: rocket
----------------------------------------
Time: 2025-06-21 02:52:55
Title: ירי רקטות וטילים -  האירוע הסתיים
Location: עינבר
Oref Category: 13
Status: ended
Threat Type: rocket
----------------------------------------
Time: 2025-06-21 02:52:55
Title: ירי רקטות וטילים -  האירוע הסתיים
Location: עראבה
Oref Category: 13
Status: ended
Threat Type: rocket
----------------------------------------
Time: 2025-06-21 02:52:55
Title: ירי רקטות וטילים -  האירוע הסתיים
Location: פוריה כפר עבודה
Oref Category: 13
Status: ended
Threat Type: rocket
----------------------------------------
Time: 2025-06-21 02:52:55
Title: ירי רקטות וטילים -  האירוע הסתיים
Location: פוריה נווה עובד
Oref Category: 13
Status: ended
Threat Type: rocket
----------------------------------------
Time: 2025-06-21 02:52:55
Title: ירי רקטות וטילים -  האירוע הסתיים
Location: פוריה עילית
Oref Category: 13
Status: ended
Threat Type: rocket
----------------------------------------
Time: 2025-06-21 02:52:55
Title: ירי רקטות וטילים -  האירוע הסתיים
Location: קבוצת גבע
Oref Category: 13
Status: ended
Threat Type: rocket
----------------------------------------
Time: 2025-06-21 02:52:55
Title: ירי רקטות וטילים -  האירוע הסתיים
Location: קדרים
Oref Category: 13
Status: ended
Threat Type: rocket
----------------------------------------
Time: 2025-06-21 02:52:55
Title: ירי רקטות וטילים -  האירוע הסתיים
Location: ראס אל-עין
Oref Category: 13
Status: ended
Threat Type: rocket
----------------------------------------
Time: 2025-06-21 02:52:55
Title: ירי רקטות וטילים -  האירוע הסתיים
Location: רביד
Oref Category: 13
Status: ended
Threat Type: rocket
----------------------------------------
Time: 2025-06-21 02:52:55
Title: ירי רקטות וטילים -  האירוע הסתיים
Location: רומאנה
Oref Category: 13
Status: ended
Threat Type: rocket
----------------------------------------
Time: 2025-06-21 02:52:55
Title: ירי רקטות וטילים -  האירוע הסתיים
Location: רומת אל הייב
Oref Category: 13
Status: ended
Threat Type: rocket
----------------------------------------
Time: 2025-06-21 02:52:55
Title: ירי רקטות וטילים -  האירוע הסתיים
Location: רם און
Oref Category: 13
Status: ended
Threat Type: rocket
----------------------------------------
Time: 2025-06-21 02:52:55
Title: ירי רקטות וטילים -  האירוע הסתיים
Location: שבלי
Oref Category: 13
Status: ended
Threat Type: rocket
----------------------------------------
Time: 2025-06-21 02:52:55
Title: ירי רקטות וטילים -  האירוע הסתיים
Location: שדה אילן
Oref Category: 13
Status: ended
Threat Type: rocket
----------------------------------------
Time: 2025-06-21 02:52:55
Title: ירי רקטות וטילים -  האירוע הסתיים
Location: שדמות דבורה
Oref Category: 13
Status: ended
Threat Type: rocket
----------------------------------------
Time: 2025-06-21 02:52:55
Title: ירי רקטות וטילים -  האירוע הסתיים
Location: שרונה
Oref Category: 13
Status: ended
Threat Type: rocket
----------------------------------------
Time: 2025-06-21 02:52:55
Title: ירי רקטות וטילים -  האירוע הסתיים
Location: תחנת רכבת כפר ברוך
Oref Category: 13
Status: ended
Threat Type: rocket
----------------------------------------
Time: 2025-06-21 02:52:55
Title: ירי רקטות וטילים -  האירוע הסתיים
Location: תל יוסף
Oref Category: 13
Status: ended
Threat Type: rocket
----------------------------------------
Time: 2025-06-21 02:52:55
Title: ירי רקטות וטילים -  האירוע הסתיים
Location: אום אלג'נם
Oref Category: 13
Status: ended
Threat Type: rocket
----------------------------------------
Time: 2025-06-21 02:52:55
Title: ירי רקטות וטילים -  האירוע הסתיים
Location: אזור תעשייה מבואות הגלבוע
Oref Category: 13
Status: ended
Threat Type: rocket
----------------------------------------
Time: 2025-06-21 02:52:55
Title: ירי רקטות וטילים -  האירוע הסתיים
Location: אזור תעשייה ציפורית
Oref Category: 13
Status: ended
Threat Type: rocket
----------------------------------------
Time: 2025-06-21 02:52:55
Title: ירי רקטות וטילים -  האירוע הסתיים
Location: בית סוהר שיטה וגלבוע
Oref Category: 13
Status: ended
Threat Type: rocket
----------------------------------------
Time: 2025-06-21 02:52:55
Title: ירי רקטות וטילים -  האירוע הסתיים
Location: סואעד חמירה
Oref Category: 13
Status: ended
Threat Type: rocket
----------------------------------------
Time: 2025-06-21 02:52:55
Title: ירי רקטות וטילים -  האירוע הסתיים
Location: צפת - נוף כנרת
Oref Category: 13
Status: ended
Threat Type: rocket
----------------------------------------
Time: 2025-06-21 02:52:55
Title: ירי רקטות וטילים -  האירוע הסתיים
Location: צפת - עכברה
Oref Category: 13
Status: ended
Threat Type: rocket
----------------------------------------
Time: 2025-06-21 02:52:55
Title: ירי רקטות וטילים -  האירוע הסתיים
Location: בית העלמין החדש נהריה
Oref Category: 13
Status: ended
Threat Type: rocket
----------------------------------------
Time: 2025-06-21 02:52:55
Title: ירי רקטות וטילים -  האירוע הסתיים
Location: אזור תעשייה חצור הגלילית
Oref Category: 13
Status: ended
Threat Type: rocket
----------------------------------------
Time: 2025-06-21 02:52:55
Title: ירי רקטות וטילים -  האירוע הסתיים
Location: אזור תעשייה כרמיאל
Oref Category: 13
Status: ended
Threat Type: rocket
----------------------------------------
Time: 2025-06-21 02:52:55
Title: ירי רקטות וטילים -  האירוע הסתיים
Location: אזור תעשייה צ.ח.ר
Oref Category: 13
Status: ended
Threat Type: rocket
----------------------------------------
Time: 2025-06-21 02:52:55
Title: ירי רקטות וטילים -  האירוע הסתיים
Location: אליפלט
Oref Category: 13
Status: ended
Threat Type: rocket
----------------------------------------
Time: 2025-06-21 02:52:55
Title: ירי רקטות וטילים -  האירוע הסתיים
Location: אלמגור
Oref Category: 13
Status: ended
Threat Type: rocket
----------------------------------------
Time: 2025-06-21 02:52:55
Title: ירי רקטות וטילים -  האירוע הסתיים
Location: אמנון
Oref Category: 13
Status: ended
Threat Type: rocket
----------------------------------------
Time: 2025-06-21 02:52:55
Title: ירי רקטות וטילים -  האירוע הסתיים
Location: בוסתן הגליל
Oref Category: 13
Status: ended
Threat Type: rocket
----------------------------------------
Time: 2025-06-21 02:52:55
Title: ירי רקטות וטילים -  האירוע הסתיים
Location: ביריה
Oref Category: 13
Status: ended
Threat Type: rocket
----------------------------------------
Time: 2025-06-21 02:52:55
Title: ירי רקטות וטילים -  האירוע הסתיים
Location: בית ג'אן
Oref Category: 13
Status: ended
Threat Type: rocket
----------------------------------------
Time: 2025-06-21 02:52:55
Title: ירי רקטות וטילים -  האירוע הסתיים
Location: בית הלל
Oref Category: 13
Status: ended
Threat Type: rocket
----------------------------------------
Time: 2025-06-21 02:52:55
Title: ירי רקטות וטילים -  האירוע הסתיים
Location: בית העמק
Oref Category: 13
Status: ended
Threat Type: rocket
----------------------------------------
Time: 2025-06-21 02:52:55
Title: ירי רקטות וטילים -  האירוע הסתיים
Location: בן עמי
Oref Category: 13
Status: ended
Threat Type: rocket
----------------------------------------
Time: 2025-06-21 02:52:55
Title: ירי רקטות וטילים -  האירוע הסתיים
Location: בענה
Oref Category: 13
Status: ended
Threat Type: rocket
----------------------------------------
Time: 2025-06-21 02:52:55
Title: ירי רקטות וטילים -  האירוע הסתיים
Location: ג'דידה מכר
Oref Category: 13
Status: ended
Threat Type: rocket
----------------------------------------
Time: 2025-06-21 02:52:55
Title: ירי רקטות וטילים -  האירוע הסתיים
Location: גשר הזיו
Oref Category: 13
Status: ended
Threat Type: rocket
----------------------------------------
Time: 2025-06-21 02:52:55
Title: ירי רקטות וטילים -  האירוע הסתיים
Location: דיר אל-אסד
Oref Category: 13
Status: ended
Threat Type: rocket
----------------------------------------
Time: 2025-06-21 02:52:55
Title: ירי רקטות וטילים -  האירוע הסתיים
Location: הילה
Oref Category: 13
Status: ended
Threat Type: rocket
----------------------------------------
Time: 2025-06-21 02:52:55
Title: ירי רקטות וטילים -  האירוע הסתיים
Location: הר חלוץ
Oref Category: 13
Status: ended
Threat Type: rocket
----------------------------------------
Time: 2025-06-21 02:52:55
Title: ירי רקטות וטילים -  האירוע הסתיים
Location: חוות אירוח גורן
Oref Category: 13
Status: ended
Threat Type: rocket
----------------------------------------
Time: 2025-06-21 02:52:55
Title: ירי רקטות וטילים -  האירוע הסתיים
Location: חוסן
Oref Category: 13
Status: ended
Threat Type: rocket
----------------------------------------
Time: 2025-06-21 02:52:55
Title: ירי רקטות וטילים -  האירוע הסתיים
Location: חצור הגלילית
Oref Category: 13
Status: ended
Threat Type: rocket
----------------------------------------
Time: 2025-06-21 02:52:55
Title: ירי רקטות וטילים -  האירוע הסתיים
Location: חרשים
Oref Category: 13
Status: ended
Threat Type: rocket
----------------------------------------
Time: 2025-06-21 02:52:55
Title: ירי רקטות וטילים -  האירוע הסתיים
Location: טובא זנגריה
Oref Category: 13
Status: ended
Threat Type: rocket
----------------------------------------
Time: 2025-06-21 02:52:55
Title: ירי רקטות וטילים -  האירוע הסתיים
Location: כורזים ורד הגליל
Oref Category: 13
Status: ended
Threat Type: rocket
----------------------------------------
Time: 2025-06-21 02:52:55
Title: ירי רקטות וטילים -  האירוע הסתיים
Location: כפר גלעדי
Oref Category: 13
Status: ended
Threat Type: rocket
----------------------------------------
Time: 2025-06-21 02:52:55
Title: ירי רקטות וטילים -  האירוע הסתיים
Location: כפר הנשיא
Oref Category: 13
Status: ended
Threat Type: rocket
----------------------------------------
Time: 2025-06-21 02:52:55
Title: ירי רקטות וטילים -  האירוע הסתיים
Location: כפר ורדים
Oref Category: 13
Status: ended
Threat Type: rocket
----------------------------------------
Time: 2025-06-21 02:52:55
Title: ירי רקטות וטילים -  האירוע הסתיים
Location: כפר יובל
Oref Category: 13
Status: ended
Threat Type: rocket
----------------------------------------
Time: 2025-06-21 02:52:55
Title: ירי רקטות וטילים -  האירוע הסתיים
Location: כפר מסריק
Oref Category: 13
Status: ended
Threat Type: rocket
----------------------------------------
Time: 2025-06-21 02:52:55
Title: ירי רקטות וטילים -  האירוע הסתיים
Location: כרכום
Oref Category: 13
Status: ended
Threat Type: rocket
----------------------------------------
Time: 2025-06-21 02:52:55
Title: ירי רקטות וטילים -  האירוע הסתיים
Location: כרמיאל
Oref Category: 13
Status: ended
Threat Type: rocket
----------------------------------------
Time: 2025-06-21 02:52:55
Title: ירי רקטות וטילים -  האירוע הסתיים
Location: לב החולה
Oref Category: 13
Status: ended
Threat Type: rocket
----------------------------------------
Time: 2025-06-21 02:52:55
Title: ירי רקטות וטילים -  האירוע הסתיים
Location: לבון
Oref Category: 13
Status: ended
Threat Type: rocket
----------------------------------------
Time: 2025-06-21 02:52:55
Title: ירי רקטות וטילים -  האירוע הסתיים
Location: מג'דל כרום
Oref Category: 13
Status: ended
Threat Type: rocket
----------------------------------------
Time: 2025-06-21 02:52:55
Title: ירי רקטות וטילים -  האירוע הסתיים
Location: מחניים
Oref Category: 13
Status: ended
Threat Type: rocket
----------------------------------------
Time: 2025-06-21 02:52:55
Title: ירי רקטות וטילים -  האירוע הסתיים
Location: מטולה
Oref Category: 13
Status: ended
Threat Type: rocket
----------------------------------------
Time: 2025-06-21 02:52:55
Title: ירי רקטות וטילים -  האירוע הסתיים
Location: מלון אחוזת ירדן
Oref Category: 13
Status: ended
Threat Type: rocket
----------------------------------------
Time: 2025-06-21 02:52:55
Title: ירי רקטות וטילים -  האירוע הסתיים
Location: מנרה
Oref Category: 13
Status: ended
Threat Type: rocket
----------------------------------------
Time: 2025-06-21 02:52:55
Title: ירי רקטות וטילים -  האירוע הסתיים
Location: מעונה
Oref Category: 13
Status: ended
Threat Type: rocket
----------------------------------------
Time: 2025-06-21 02:52:55
Title: ירי רקטות וטילים -  האירוע הסתיים
Location: מעיין ברוך
Oref Category: 13
Status: ended
Threat Type: rocket
----------------------------------------
Time: 2025-06-21 02:52:55
Title: ירי רקטות וטילים -  האירוע הסתיים
Location: מעיליא
Oref Category: 13
Status: ended
Threat Type: rocket
----------------------------------------
Time: 2025-06-21 02:52:55
Title: ירי רקטות וטילים -  האירוע הסתיים
Location: מעלות תרשיחא
Oref Category: 13
Status: ended
Threat Type: rocket
----------------------------------------
Time: 2025-06-21 02:52:55
Title: ירי רקטות וטילים -  האירוע הסתיים
Location: מרגליות
Oref Category: 13
Status: ended
Threat Type: rocket
----------------------------------------
Time: 2025-06-21 02:52:55
Title: ירי רקטות וטילים -  האירוע הסתיים
Location: משגב עם
Oref Category: 13
Status: ended
Threat Type: rocket
----------------------------------------
Time: 2025-06-21 02:52:55
Title: ירי רקטות וטילים -  האירוע הסתיים
Location: נהריה
Oref Category: 13
Status: ended
Threat Type: rocket
----------------------------------------
Time: 2025-06-21 02:52:55
Title: ירי רקטות וטילים -  האירוע הסתיים
Location: נחף
Oref Category: 13
Status: ended
Threat Type: rocket
----------------------------------------
Time: 2025-06-21 02:52:55
Title: ירי רקטות וטילים -  האירוע הסתיים
Location: נס עמים
Oref Category: 13
Status: ended
Threat Type: rocket
----------------------------------------
Time: 2025-06-21 02:52:55
Title: ירי רקטות וטילים -  האירוע הסתיים
Location: נתיב השיירה
Oref Category: 13
Status: ended
Threat Type: rocket
----------------------------------------
Time: 2025-06-21 02:52:55
Title: ירי רקטות וטילים -  האירוע הסתיים
Location: סאג'ור
Oref Category: 13
Status: ended
Threat Type: rocket
----------------------------------------
Time: 2025-06-21 02:52:55
Title: ירי רקטות וטילים -  האירוע הסתיים
Location: סער
Oref Category: 13
Status: ended
Threat Type: rocket
----------------------------------------
Time: 2025-06-21 02:52:55
Title: ירי רקטות וטילים -  האירוע הסתיים
Location: עברון
Oref Category: 13
Status: ended
Threat Type: rocket
----------------------------------------
Time: 2025-06-21 02:52:55
Title: ירי רקטות וטילים -  האירוע הסתיים
Location: עין אל אסד
Oref Category: 13
Status: ended
Threat Type: rocket
----------------------------------------
Time: 2025-06-21 02:52:55
Title: ירי רקטות וטילים -  האירוע הסתיים
Location: עין המפרץ
Oref Category: 13
Status: ended
Threat Type: rocket
----------------------------------------
Time: 2025-06-21 02:52:55
Title: ירי רקטות וטילים -  האירוע הסתיים
Location: עכו - אזור תעשייה
Oref Category: 13
Status: ended
Threat Type: rocket
----------------------------------------
Time: 2025-06-21 02:52:55
Title: ירי רקטות וטילים -  האירוע הסתיים
Location: עכו
Oref Category: 13
Status: ended
Threat Type: rocket
----------------------------------------
Time: 2025-06-21 02:52:55
Title: ירי רקטות וטילים -  האירוע הסתיים
Location: עמיעד
Oref Category: 13
Status: ended
Threat Type: rocket
----------------------------------------
Time: 2025-06-21 02:52:55
Title: ירי רקטות וטילים -  האירוע הסתיים
Location: צורית גילון
Oref Category: 13
Status: ended
Threat Type: rocket
----------------------------------------
Time: 2025-06-21 02:52:55
Title: ירי רקטות וטילים -  האירוע הסתיים
Location: צפת - עיר
Oref Category: 13
Status: ended
Threat Type: rocket
----------------------------------------
Time: 2025-06-21 02:52:55
Title: ירי רקטות וטילים -  האירוע הסתיים
Location: קריית שמונה
Oref Category: 13
Status: ended
Threat Type: rocket
----------------------------------------
Time: 2025-06-21 02:52:55
Title: ירי רקטות וטילים -  האירוע הסתיים
Location: ראמה
Oref Category: 13
Status: ended
Threat Type: rocket
----------------------------------------
Time: 2025-06-21 02:52:55
Title: ירי רקטות וטילים -  האירוע הסתיים
Location: ראש פינה
Oref Category: 13
Status: ended
Threat Type: rocket
----------------------------------------
Time: 2025-06-21 02:52:55
Title: ירי רקטות וטילים -  האירוע הסתיים
Location: שבי ציון
Oref Category: 13
Status: ended
Threat Type: rocket
----------------------------------------
Time: 2025-06-21 02:52:55
Title: ירי רקטות וטילים -  האירוע הסתיים
Location: שומרת
Oref Category: 13
Status: ended
Threat Type: rocket
----------------------------------------
Time: 2025-06-21 02:52:55
Title: ירי רקטות וטילים -  האירוע הסתיים
Location: שזור
Oref Category: 13
Status: ended
Threat Type: rocket
----------------------------------------
Time: 2025-06-21 02:52:55
Title: ירי רקטות וטילים -  האירוע הסתיים
Location: שייח' דנון
Oref Category: 13
Status: ended
Threat Type: rocket
----------------------------------------
Time: 2025-06-21 02:52:55
Title: ירי רקטות וטילים -  האירוע הסתיים
Location: תל חי
Oref Category: 13
Status: ended
Threat Type: rocket
----------------------------------------
Time: 2025-06-21 02:52:55
Title: ירי רקטות וטילים -  האירוע הסתיים
Location: אבו סנאן
Oref Category: 13
Status: ended
Threat Type: rocket
----------------------------------------
Time: 2025-06-21 02:52:55
Title: ירי רקטות וטילים -  האירוע הסתיים
Location: אביבים
Oref Category: 13
Status: ended
Threat Type: rocket
----------------------------------------
Time: 2025-06-21 02:52:55
Title: ירי רקטות וטילים -  האירוע הסתיים
Location: אבירים
Oref Category: 13
Status: ended
Threat Type: rocket
----------------------------------------
Time: 2025-06-21 02:52:55
Title: ירי רקטות וטילים -  האירוע הסתיים
Location: אבן מנחם
Oref Category: 13
Status: ended
Threat Type: rocket
----------------------------------------
Time: 2025-06-21 02:52:55
Title: ירי רקטות וטילים -  האירוע הסתיים
Location: אדמית
Oref Category: 13
Status: ended
Threat Type: rocket
----------------------------------------
Time: 2025-06-21 02:52:55
Title: ירי רקטות וטילים -  האירוע הסתיים
Location: אור הגנוז
Oref Category: 13
Status: ended
Threat Type: rocket
----------------------------------------
Time: 2025-06-21 02:52:55
Title: ירי רקטות וטילים -  האירוע הסתיים
Location: אזור תעשייה רמת דלתון
Oref Category: 13
Status: ended
Threat Type: rocket
----------------------------------------
Time: 2025-06-21 02:52:55
Title: ירי רקטות וטילים -  האירוע הסתיים
Location: איזור תעשייה מילואות צפון
Oref Category: 13
Status: ended
Threat Type: rocket
----------------------------------------
Time: 2025-06-21 02:52:55
Title: ירי רקטות וטילים -  האירוע הסתיים
Location: איילת השחר
Oref Category: 13
Status: ended
Threat Type: rocket
----------------------------------------
Time: 2025-06-21 02:52:55
Title: ירי רקטות וטילים -  האירוע הסתיים
Location: אילון
Oref Category: 13
Status: ended
Threat Type: rocket
----------------------------------------
Time: 2025-06-21 02:52:55
Title: ירי רקטות וטילים -  האירוע הסתיים
Location: אלקוש
Oref Category: 13
Status: ended
Threat Type: rocket
----------------------------------------
Time: 2025-06-21 02:52:55
Title: ירי רקטות וטילים -  האירוע הסתיים
Location: אמירים
Oref Category: 13
Status: ended
Threat Type: rocket
----------------------------------------
Time: 2025-06-21 02:52:55
Title: ירי רקטות וטילים -  האירוע הסתיים
Location: אשרת
Oref Category: 13
Status: ended
Threat Type: rocket
----------------------------------------
Time: 2025-06-21 02:52:55
Title: ירי רקטות וטילים -  האירוע הסתיים
Location: בית העלמין החדש עכו
Oref Category: 13
Status: ended
Threat Type: rocket
----------------------------------------
Time: 2025-06-21 02:52:55
Title: ירי רקטות וטילים -  האירוע הסתיים
Location: בית ספר שדה מירון
Oref Category: 13
Status: ended
Threat Type: rocket
----------------------------------------
Time: 2025-06-21 02:52:55
Title: ירי רקטות וטילים -  האירוע הסתיים
Location: בצת
Oref Category: 13
Status: ended
Threat Type: rocket
----------------------------------------
Time: 2025-06-21 02:52:55
Title: ירי רקטות וטילים -  האירוע הסתיים
Location: בר יוחאי
Oref Category: 13
Status: ended
Threat Type: rocket
----------------------------------------
Time: 2025-06-21 02:52:55
Title: ירי רקטות וטילים -  האירוע הסתיים
Location: ברעם
Oref Category: 13
Status: ended
Threat Type: rocket
----------------------------------------
Time: 2025-06-21 02:52:55
Title: ירי רקטות וטילים -  האירוע הסתיים
Location: ג'וליס
Oref Category: 13
Status: ended
Threat Type: rocket
----------------------------------------
Time: 2025-06-21 02:52:55
Title: ירי רקטות וטילים -  האירוע הסתיים
Location: ג'ש - גוש חלב
Oref Category: 13
Status: ended
Threat Type: rocket
----------------------------------------
Time: 2025-06-21 02:52:55
Title: ירי רקטות וטילים -  האירוע הסתיים
Location: גדות
Oref Category: 13
Status: ended
Threat Type: rocket
----------------------------------------
Time: 2025-06-21 02:52:55
Title: ירי רקטות וטילים -  האירוע הסתיים
Location: גונן
Oref Category: 13
Status: ended
Threat Type: rocket
----------------------------------------
Time: 2025-06-21 02:52:55
Title: ירי רקטות וטילים -  האירוע הסתיים
Location: גורן
Oref Category: 13
Status: ended
Threat Type: rocket
----------------------------------------
Time: 2025-06-21 02:52:55
Title: ירי רקטות וטילים -  האירוע הסתיים
Location: גורנות הגליל
Oref Category: 13
Status: ended
Threat Type: rocket
----------------------------------------
Time: 2025-06-21 02:52:55
Title: ירי רקטות וטילים -  האירוע הסתיים
Location: גיתה
Oref Category: 13
Status: ended
Threat Type: rocket
----------------------------------------
Time: 2025-06-21 02:52:55
Title: ירי רקטות וטילים -  האירוע הסתיים
Location: געתון
Oref Category: 13
Status: ended
Threat Type: rocket
----------------------------------------
Time: 2025-06-21 02:52:55
Title: ירי רקטות וטילים -  האירוע הסתיים
Location: דוב''ב
Oref Category: 13
Status: ended
Threat Type: rocket
----------------------------------------
Time: 2025-06-21 02:52:55
Title: ירי רקטות וטילים -  האירוע הסתיים
Location: דישון
Oref Category: 13
Status: ended
Threat Type: rocket
----------------------------------------
Time: 2025-06-21 02:52:55
Title: ירי רקטות וטילים -  האירוע הסתיים
Location: דלתון
Oref Category: 13
Status: ended
Threat Type: rocket
----------------------------------------
Time: 2025-06-21 02:52:55
Title: ירי רקטות וטילים -  האירוע הסתיים
Location: דפנה
Oref Category: 13
Status: ended
Threat Type: rocket
----------------------------------------
Time: 2025-06-21 02:52:55
Title: ירי רקטות וטילים -  האירוע הסתיים
Location: הגושרים
Oref Category: 13
Status: ended
Threat Type: rocket
----------------------------------------
Time: 2025-06-21 02:52:55
Title: ירי רקטות וטילים -  האירוע הסתיים
Location: זרעית
Oref Category: 13
Status: ended
Threat Type: rocket
----------------------------------------
Time: 2025-06-21 02:52:55
Title: ירי רקטות וטילים -  האירוע הסתיים
Location: חולתה
Oref Category: 13
Status: ended
Threat Type: rocket
----------------------------------------
Time: 2025-06-21 02:52:55
Title: ירי רקטות וטילים -  האירוע הסתיים
Location: חוף אמנון
Oref Category: 13
Status: ended
Threat Type: rocket
----------------------------------------
Time: 2025-06-21 02:52:55
Title: ירי רקטות וטילים -  האירוע הסתיים
Location: חוף בצת
Oref Category: 13
Status: ended
Threat Type: rocket
----------------------------------------
Time: 2025-06-21 02:52:55
Title: ירי רקטות וטילים -  האירוע הסתיים
Location: חורפיש
Oref Category: 13
Status: ended
Threat Type: rocket
----------------------------------------
Time: 2025-06-21 02:52:55
Title: ירי רקטות וטילים -  האירוע הסתיים
Location: חניתה
Oref Category: 13
Status: ended
Threat Type: rocket
----------------------------------------
Time: 2025-06-21 02:52:55
Title: ירי רקטות וטילים -  האירוע הסתיים
Location: טל - אל
Oref Category: 13
Status: ended
Threat Type: rocket
----------------------------------------
Time: 2025-06-21 02:52:55
Title: ירי רקטות וטילים -  האירוע הסתיים
Location: יחיעם
Oref Category: 13
Status: ended
Threat Type: rocket
----------------------------------------
Time: 2025-06-21 02:52:55
Title: ירי רקטות וטילים -  האירוע הסתיים
Location: ינוח ג'ת
Oref Category: 13
Status: ended
Threat Type: rocket
----------------------------------------
Time: 2025-06-21 02:52:55
Title: ירי רקטות וטילים -  האירוע הסתיים
Location: יסוד המעלה
Oref Category: 13
Status: ended
Threat Type: rocket
----------------------------------------
Time: 2025-06-21 02:52:55
Title: ירי רקטות וטילים -  האירוע הסתיים
Location: יערה
Oref Category: 13
Status: ended
Threat Type: rocket
----------------------------------------
Time: 2025-06-21 02:52:55
Title: ירי רקטות וטילים -  האירוע הסתיים
Location: יפתח
Oref Category: 13
Status: ended
Threat Type: rocket
----------------------------------------
Time: 2025-06-21 02:52:55
Title: ירי רקטות וטילים -  האירוע הסתיים
Location: יראון
Oref Category: 13
Status: ended
Threat Type: rocket
----------------------------------------
Time: 2025-06-21 02:52:55
Title: ירי רקטות וטילים -  האירוע הסתיים
Location: ירכא
Oref Category: 13
Status: ended
Threat Type: rocket
----------------------------------------
Time: 2025-06-21 02:52:55
Title: ירי רקטות וטילים -  האירוע הסתיים
Location: כברי
Oref Category: 13
Status: ended
Threat Type: rocket
----------------------------------------
Time: 2025-06-21 02:52:55
Title: ירי רקטות וטילים -  האירוע הסתיים
Location: כישור
Oref Category: 13
Status: ended
Threat Type: rocket
----------------------------------------
Time: 2025-06-21 02:52:55
Title: ירי רקטות וטילים -  האירוע הסתיים
Location: כליל
Oref Category: 13
Status: ended
Threat Type: rocket
----------------------------------------
Time: 2025-06-21 02:52:55
Title: ירי רקטות וטילים -  האירוע הסתיים
Location: כסרא סמיע
Oref Category: 13
Status: ended
Threat Type: rocket
----------------------------------------
Time: 2025-06-21 02:52:55
Title: ירי רקטות וטילים -  האירוע הסתיים
Location: כפר בלום
Oref Category: 13
Status: ended
Threat Type: rocket
----------------------------------------
Time: 2025-06-21 02:52:55
Title: ירי רקטות וטילים -  האירוע הסתיים
Location: כפר יאסיף
Oref Category: 13
Status: ended
Threat Type: rocket
----------------------------------------
Time: 2025-06-21 02:52:55
Title: ירי רקטות וטילים -  האירוע הסתיים
Location: כפר נחום
Oref Category: 13
Status: ended
Threat Type: rocket
----------------------------------------
Time: 2025-06-21 02:52:55
Title: ירי רקטות וטילים -  האירוע הסתיים
Location: כפר סאלד
Oref Category: 13
Status: ended
Threat Type: rocket
----------------------------------------
Time: 2025-06-21 02:52:55
Title: ירי רקטות וטילים -  האירוע הסתיים
Location: כפר שמאי
Oref Category: 13
Status: ended
Threat Type: rocket
----------------------------------------
Time: 2025-06-21 02:52:55
Title: ירי רקטות וטילים -  האירוע הסתיים
Location: כרם בן זמרה
Oref Category: 13
Status: ended
Threat Type: rocket
----------------------------------------
Time: 2025-06-21 02:52:55
Title: ירי רקטות וטילים -  האירוע הסתיים
Location: להבות הבשן
Oref Category: 13
Status: ended
Threat Type: rocket
----------------------------------------
Time: 2025-06-21 02:52:55
Title: ירי רקטות וטילים -  האירוע הסתיים
Location: לוחמי הגטאות
Oref Category: 13
Status: ended
Threat Type: rocket
----------------------------------------
Time: 2025-06-21 02:52:55
Title: ירי רקטות וטילים -  האירוע הסתיים
Location: לימן
Oref Category: 13
Status: ended
Threat Type: rocket
----------------------------------------
Time: 2025-06-21 02:52:55
Title: ירי רקטות וטילים -  האירוע הסתיים
Location: לפידות
Oref Category: 13
Status: ended
Threat Type: rocket
----------------------------------------
Time: 2025-06-21 02:52:55
Title: ירי רקטות וטילים -  האירוע הסתיים
Location: מגדל תפן
Oref Category: 13
Status: ended
Threat Type: rocket
----------------------------------------
Time: 2025-06-21 02:52:55
Title: ירי רקטות וטילים -  האירוע הסתיים
Location: מזרעה
Oref Category: 13
Status: ended
Threat Type: rocket
----------------------------------------
Time: 2025-06-21 02:52:55
Title: ירי רקטות וטילים -  האירוע הסתיים
Location: מירון
Oref Category: 13
Status: ended
Threat Type: rocket
----------------------------------------
Time: 2025-06-21 02:52:55
Title: ירי רקטות וטילים -  האירוע הסתיים
Location: מלכיה
Oref Category: 13
Status: ended
Threat Type: rocket
----------------------------------------
Time: 2025-06-21 02:52:55
Title: ירי רקטות וטילים -  האירוע הסתיים
Location: מנות
Oref Category: 13
Status: ended
Threat Type: rocket
----------------------------------------
Time: 2025-06-21 02:52:55
Title: ירי רקטות וטילים -  האירוע הסתיים
Location: מצובה
Oref Category: 13
Status: ended
Threat Type: rocket
----------------------------------------
Time: 2025-06-21 02:52:55
Title: ירי רקטות וטילים -  האירוע הסתיים
Location: מרכז אזורי מבואות חרמון
Oref Category: 13
Status: ended
Threat Type: rocket
----------------------------------------
Time: 2025-06-21 02:52:55
Title: ירי רקטות וטילים -  האירוע הסתיים
Location: מרכז אזורי מרום גליל
Oref Category: 13
Status: ended
Threat Type: rocket
----------------------------------------
Time: 2025-06-21 02:52:55
Title: ירי רקטות וטילים -  האירוע הסתיים
Location: משמר הירדן
Oref Category: 13
Status: ended
Threat Type: rocket
----------------------------------------
Time: 2025-06-21 02:52:55
Title: ירי רקטות וטילים -  האירוע הסתיים
Location: מתת
Oref Category: 13
Status: ended
Threat Type: rocket
----------------------------------------
Time: 2025-06-21 02:52:55
Title: ירי רקטות וטילים -  האירוע הסתיים
Location: נאות מרדכי
Oref Category: 13
Status: ended
Threat Type: rocket
----------------------------------------
Time: 2025-06-21 02:52:55
Title: ירי רקטות וטילים -  האירוע הסתיים
Location: נווה זיו
Oref Category: 13
Status: ended
Threat Type: rocket
----------------------------------------
Time: 2025-06-21 02:52:55
Title: ירי רקטות וטילים -  האירוע הסתיים
Location: נטועה
Oref Category: 13
Status: ended
Threat Type: rocket
----------------------------------------
Time: 2025-06-21 02:52:55
Title: ירי רקטות וטילים -  האירוע הסתיים
Location: סאסא
Oref Category: 13
Status: ended
Threat Type: rocket
----------------------------------------
Time: 2025-06-21 02:52:55
Title: ירי רקטות וטילים -  האירוע הסתיים
Location: ספסופה - כפר חושן
Oref Category: 13
Status: ended
Threat Type: rocket
----------------------------------------
Time: 2025-06-21 02:52:55
Title: ירי רקטות וטילים -  האירוע הסתיים
Location: ע'ג'ר
Oref Category: 13
Status: ended
Threat Type: rocket
----------------------------------------
Time: 2025-06-21 02:52:55
Title: ירי רקטות וטילים -  האירוע הסתיים
Location: עבדון
Oref Category: 13
Status: ended
Threat Type: rocket
----------------------------------------
Time: 2025-06-21 02:52:55
Title: ירי רקטות וטילים -  האירוע הסתיים
Location: עין יעקב
Oref Category: 13
Status: ended
Threat Type: rocket
----------------------------------------
Time: 2025-06-21 02:52:55
Title: ירי רקטות וטילים -  האירוע הסתיים
Location: עין כמונים
Oref Category: 13
Status: ended
Threat Type: rocket
----------------------------------------
Time: 2025-06-21 02:52:55
Title: ירי רקטות וטילים -  האירוע הסתיים
Location: עלמה
Oref Category: 13
Status: ended
Threat Type: rocket
----------------------------------------
Time: 2025-06-21 02:52:55
Title: ירי רקטות וטילים -  האירוע הסתיים
Location: עמוקה
Oref Category: 13
Status: ended
Threat Type: rocket
----------------------------------------
Time: 2025-06-21 02:52:55
Title: ירי רקטות וטילים -  האירוע הסתיים
Location: עמיר
Oref Category: 13
Status: ended
Threat Type: rocket
----------------------------------------
Time: 2025-06-21 02:52:55
Title: ירי רקטות וטילים -  האירוע הסתיים
Location: עמקה
Oref Category: 13
Status: ended
Threat Type: rocket
----------------------------------------
Time: 2025-06-21 02:52:55
Title: ירי רקטות וטילים -  האירוע הסתיים
Location: ערב אל עראמשה
Oref Category: 13
Status: ended
Threat Type: rocket
----------------------------------------
Time: 2025-06-21 02:52:55
Title: ירי רקטות וטילים -  האירוע הסתיים
Location: פלך
Oref Category: 13
Status: ended
Threat Type: rocket
----------------------------------------
Time: 2025-06-21 02:52:55
Title: ירי רקטות וטילים -  האירוע הסתיים
Location: פסוטה
Oref Category: 13
Status: ended
Threat Type: rocket
----------------------------------------
Time: 2025-06-21 02:52:55
Title: ירי רקטות וטילים -  האירוע הסתיים
Location: פקיעין החדשה
Oref Category: 13
Status: ended
Threat Type: rocket
----------------------------------------
Time: 2025-06-21 02:52:55
Title: ירי רקטות וטילים -  האירוע הסתיים
Location: פקיעין
Oref Category: 13
Status: ended
Threat Type: rocket
----------------------------------------
Time: 2025-06-21 02:52:55
Title: ירי רקטות וטילים -  האירוע הסתיים
Location: פרוד
Oref Category: 13
Status: ended
Threat Type: rocket
----------------------------------------
Time: 2025-06-21 02:52:55
Title: ירי רקטות וטילים -  האירוע הסתיים
Location: צבעון
Oref Category: 13
Status: ended
Threat Type: rocket
----------------------------------------
Time: 2025-06-21 02:52:55
Title: ירי רקטות וטילים -  האירוע הסתיים
Location: צוריאל
Oref Category: 13
Status: ended
Threat Type: rocket
----------------------------------------
Time: 2025-06-21 02:52:55
Title: ירי רקטות וטילים -  האירוע הסתיים
Location: קדיתא
Oref Category: 13
Status: ended
Threat Type: rocket
----------------------------------------
Time: 2025-06-21 02:52:55
Title: ירי רקטות וטילים -  האירוע הסתיים
Location: קיבוץ דן
Oref Category: 13
Status: ended
Threat Type: rocket
----------------------------------------
Time: 2025-06-21 02:52:55
Title: ירי רקטות וטילים -  האירוע הסתיים
Location: ראש הנקרה
Oref Category: 13
Status: ended
Threat Type: rocket
----------------------------------------
Time: 2025-06-21 02:52:55
Title: ירי רקטות וטילים -  האירוע הסתיים
Location: רגבה
Oref Category: 13
Status: ended
Threat Type: rocket
----------------------------------------
Time: 2025-06-21 02:52:55
Title: ירי רקטות וטילים -  האירוע הסתיים
Location: ריחאנייה
Oref Category: 13
Status: ended
Threat Type: rocket
----------------------------------------
Time: 2025-06-21 02:52:55
Title: ירי רקטות וטילים -  האירוע הסתיים
Location: רמות נפתלי
Oref Category: 13
Status: ended
Threat Type: rocket
----------------------------------------
Time: 2025-06-21 02:52:55
Title: ירי רקטות וטילים -  האירוע הסתיים
Location: רפטינג נהר הירדן
Oref Category: 13
Status: ended
Threat Type: rocket
----------------------------------------
Time: 2025-06-21 02:52:55
Title: ירי רקטות וטילים -  האירוע הסתיים
Location: שאר ישוב
Oref Category: 13
Status: ended
Threat Type: rocket
----------------------------------------
Time: 2025-06-21 02:52:55
Title: ירי רקטות וטילים -  האירוע הסתיים
Location: שדה אליעזר
Oref Category: 13
Status: ended
Threat Type: rocket
----------------------------------------
Time: 2025-06-21 02:52:55
Title: ירי רקטות וטילים -  האירוע הסתיים
Location: שדה נחמיה
Oref Category: 13
Status: ended
Threat Type: rocket
----------------------------------------
Time: 2025-06-21 02:52:55
Title: ירי רקטות וטילים -  האירוע הסתיים
Location: שומרה
Oref Category: 13
Status: ended
Threat Type: rocket
----------------------------------------
Time: 2025-06-21 02:52:55
Title: ירי רקטות וטילים -  האירוע הסתיים
Location: שלומי
Oref Category: 13
Status: ended
Threat Type: rocket
----------------------------------------
Time: 2025-06-21 02:52:55
Title: ירי רקטות וטילים -  האירוע הסתיים
Location: שמיר
Oref Category: 13
Status: ended
Threat Type: rocket
----------------------------------------
Time: 2025-06-21 02:52:55
Title: ירי רקטות וטילים -  האירוע הסתיים
Location: שניר
Oref Category: 13
Status: ended
Threat Type: rocket
----------------------------------------
Time: 2025-06-21 02:52:55
Title: ירי רקטות וטילים -  האירוע הסתיים
Location: שפר
Oref Category: 13
Status: ended
Threat Type: rocket
----------------------------------------
Time: 2025-06-21 02:52:55
Title: ירי רקטות וטילים -  האירוע הסתיים
Location: שתולה
Oref Category: 13
Status: ended
Threat Type: rocket
----------------------------------------
Time: 2025-06-21 02:52:55
Title: ירי רקטות וטילים -  האירוע הסתיים
Location: תובל
Oref Category: 13
Status: ended
Threat Type: rocket
----------------------------------------
Time: 2025-06-21 02:52:55
Title: ירי רקטות וטילים -  האירוע הסתיים
Location: מנחת מחניים
Oref Category: 13
Status: ended
Threat Type: rocket
----------------------------------------
Time: 2025-06-21 02:52:55
Title: ירי רקטות וטילים -  האירוע הסתיים
Location: אזור תעשייה שער נעמן
Oref Category: 13
Status: ended
Threat Type: rocket
----------------------------------------
Time: 2025-06-21 02:52:55
Title: ירי רקטות וטילים -  האירוע הסתיים
Location: אפק
Oref Category: 13
Status: ended
Threat Type: rocket
----------------------------------------
Time: 2025-06-21 02:52:55
Title: ירי רקטות וטילים -  האירוע הסתיים
Location: אורנים
Oref Category: 13
Status: ended
Threat Type: rocket
----------------------------------------
Time: 2025-06-21 02:52:55
Title: ירי רקטות וטילים -  האירוע הסתיים
Location: אלונים
Oref Category: 13
Status: ended
Threat Type: rocket
----------------------------------------
Time: 2025-06-21 02:52:55
Title: ירי רקטות וטילים -  האירוע הסתיים
Location: בסמת טבעון
Oref Category: 13
Status: ended
Threat Type: rocket
----------------------------------------
Time: 2025-06-21 02:52:55
Title: ירי רקטות וטילים -  האירוע הסתיים
Location: כפר תקווה
Oref Category: 13
Status: ended
Threat Type: rocket
----------------------------------------
Time: 2025-06-21 02:52:55
Title: ירי רקטות וטילים -  האירוע הסתיים
Location: נופית
Oref Category: 13
Status: ended
Threat Type: rocket
----------------------------------------
Time: 2025-06-21 02:52:55
Title: ירי רקטות וטילים -  האירוע הסתיים
Location: קריית טבעון - בית זייד
Oref Category: 13
Status: ended
Threat Type: rocket
----------------------------------------
Time: 2025-06-21 02:52:55
Title: ירי רקטות וטילים -  האירוע הסתיים
Location: ראס עלי
Oref Category: 13
Status: ended
Threat Type: rocket
----------------------------------------
Time: 2025-06-21 02:52:55
Title: ירי רקטות וטילים -  האירוע הסתיים
Location: שער העמקים
Oref Category: 13
Status: ended
Threat Type: rocket
----------------------------------------
Time: 2025-06-21 02:52:55
Title: ירי רקטות וטילים -  האירוע הסתיים
Location: ח'וואלד
Oref Category: 13
Status: ended
Threat Type: rocket
----------------------------------------
Time: 2025-06-21 02:52:55
Title: ירי רקטות וטילים -  האירוע הסתיים
Location: חוואלד
Oref Category: 13
Status: ended
Threat Type: rocket
----------------------------------------
Time: 2025-06-21 02:52:55
Title: ירי רקטות וטילים -  האירוע הסתיים
Location: תחנת רכבת כפר יהושוע
Oref Category: 13
Status: ended
Threat Type: rocket
----------------------------------------

